2026-07-25 17:01:13.769 [info] [main] Log level: Info
2026-07-25 17:01:13.769 [info] [main] Validating found git in: "git"
2026-07-25 17:01:13.769 [info] [main] Using git "2.25.1" from "git"
2026-07-25 17:01:13.769 [info] [Model][doInitialScan] Initial repository scan started
2026-07-25 17:01:13.769 [info] > git rev-parse --show-toplevel [8ms]
2026-07-25 17:01:13.769 [info] > git rev-parse --git-dir --git-common-dir --show-superproject-working-tree [10ms]
2026-07-25 17:01:13.769 [info] [Model][openRepository] Opened repository (path): /voc/work
2026-07-25 17:01:13.769 [info] [Model][openRepository] Opened repository (real path): /voc/work
2026-07-25 17:01:13.769 [info] [Model][openRepository] Opened repository (kind): repository
2026-07-25 17:01:13.769 [info] [Git][getRemotes] No remotes found in the git config file
2026-07-25 17:01:13.769 [info] > git config --get commit.template [7ms]
2026-07-25 17:01:13.773 [info] > git rev-parse --show-toplevel [10ms]
2026-07-25 17:01:13.773 [info] > git for-each-ref --format=%(refname)%00%(upstream:short)%00%(objectname)%00%(upstream:track)%00%(upstream:remotename)%00%(upstream:remoteref) refs/heads/master refs/remotes/master [12ms]
2026-07-25 17:01:13.773 [warning] [Git][getBranch] No such branch: master
2026-07-25 17:01:13.773 [info] > git rev-parse --git-dir --git-common-dir --show-superproject-working-tree [22ms]
2026-07-25 17:01:13.773 [info] [Model][openRepository] Opened repository (path): /voc/work/knowledgeBase_HandsOn/IITM_Agentic_Ai
2026-07-25 17:01:13.773 [info] [Model][openRepository] Opened repository (real path): /voc/work/knowledgeBase_HandsOn/IITM_Agentic_Ai
2026-07-25 17:01:13.773 [info] [Model][openRepository] Opened repository (kind): submodule
2026-07-25 17:01:13.773 [info] > git for-each-ref --sort -committerdate --format %(refname)%00%(objectname)%00%(*objectname) [20ms]
2026-07-25 17:01:13.773 [info] > git config --get commit.template [8ms]
2026-07-25 17:01:13.773 [info] > git rev-parse --show-toplevel [9ms]
2026-07-25 17:01:13.773 [info] > git rev-parse --show-toplevel [9ms]
2026-07-25 17:01:13.773 [info] > git for-each-ref --format=%(refname)%00%(upstream:short)%00%(objectname)%00%(upstream:track)%00%(upstream:remotename)%00%(upstream:remoteref) refs/heads/main refs/remotes/main [26ms]
2026-07-25 17:01:13.773 [info] > git rev-parse --show-toplevel [8ms]
2026-07-25 17:01:13.773 [warning] [Git][revParse] Unable to read file: ENOENT: no such file or directory, open '/voc/work/knowledgeBase_HandsOn/IITM_Agentic_Ai/.git/refs/remotes/origin/main'
2026-07-25 17:01:13.773 [info] > git rev-parse refs/remotes/origin/main [12ms]
2026-07-25 17:01:13.773 [info] > git rev-parse --show-toplevel [14ms]
2026-07-25 17:01:13.773 [info] > git rev-parse --show-toplevel [19ms]
2026-07-25 17:01:13.773 [info] > git for-each-ref --sort -committerdate --format %(refname)%00%(objectname)%00%(*objectname) [27ms]
2026-07-25 17:01:13.773 [info] > git rev-parse --show-toplevel [9ms]
2026-07-25 17:01:13.773 [info] > git status -z -uall [40ms]
2026-07-25 17:01:13.773 [info] > git rev-parse --show-toplevel [19ms]
2026-07-25 17:01:13.773 [info] > git config --get commit.template [9ms]
2026-07-25 17:01:13.773 [info] > git rev-parse --show-toplevel [8ms]
2026-07-25 17:01:13.773 [info] > git for-each-ref --format=%(refname)%00%(upstream:short)%00%(objectname)%00%(upstream:track)%00%(upstream:remotename)%00%(upstream:remoteref) refs/heads/main refs/remotes/main [24ms]
2026-07-25 17:01:13.773 [info] > git status -z -uall [147ms]
2026-07-25 17:01:13.773 [info] > git rev-parse --show-toplevel [19ms]
2026-07-25 17:01:13.773 [info] > git config --get --local branch.main.vscode-merge-base [14ms]
2026-07-25 17:01:13.773 [info] > git for-each-ref --format=%(refname)%00%(upstream:short)%00%(objectname)%00%(upstream:track)%00%(upstream:remotename)%00%(upstream:remoteref) refs/heads/main refs/remotes/main [32ms]
2026-07-25 17:01:13.773 [warning] [Git][revParse] Unable to read file: ENOENT: no such file or directory, open '/voc/work/knowledgeBase_HandsOn/IITM_Agentic_Ai/.git/refs/remotes/origin/main'
2026-07-25 17:01:13.773 [info] [Git][getRemotes] No remotes found in the git config file
2026-07-25 17:01:13.773 [info] > git config --get commit.template [7ms]
2026-07-25 17:01:13.773 [info] > git for-each-ref --format=%(refname)%00%(upstream:short)%00%(objectname)%00%(upstream:track)%00%(upstream:remotename)%00%(upstream:remoteref) refs/heads/master refs/remotes/master [11ms]
2026-07-25 17:01:13.773 [warning] [Git][getBranch] No such branch: master
2026-07-25 17:01:13.773 [error] [GitHistoryProvider][resolveHEADMergeBase] Failed to resolve merge base for master: Error: No such branch: master.
2026-07-25 17:01:13.773 [info] > git rev-parse --show-toplevel [8ms]
2026-07-25 17:01:13.773 [info] > git rev-parse refs/remotes/origin/main [10ms]
2026-07-25 17:01:13.773 [info] > git rev-parse --show-toplevel [9ms]
2026-07-25 17:01:13.773 [info] [Model][doInitialScan] Initial repository scan completed - repositories (2), closed repositories (0), parent repositories (0), unsafe repositories (0)
2026-07-25 17:01:13.773 [info] > git for-each-ref --format=%(refname)%00%(upstream:short)%00%(objectname)%00%(upstream:track)%00%(upstream:remotename)%00%(upstream:remoteref) refs/heads/master refs/remotes/master [13ms]
2026-07-25 17:01:13.773 [warning] [Git][getBranch] No such branch: master
2026-07-25 17:01:13.773 [info] > git for-each-ref --format=%(refname)%00%(upstream:short)%00%(objectname)%00%(upstream:track)%00%(upstream:remotename)%00%(upstream:remoteref) refs/heads/origin/main refs/remotes/origin/main [20ms]
2026-07-25 17:01:13.773 [info] > git for-each-ref --sort -committerdate --format %(refname)%00%(objectname)%00%(*objectname) [14ms]
2026-07-25 17:01:13.773 [info] > git for-each-ref --sort -committerdate --format %(refname)%00%(objectname)%00%(*objectname) [25ms]
2026-07-25 17:01:13.773 [info] > git merge-base refs/heads/main refs/remotes/origin/main [19ms]
2026-07-25 17:01:13.773 [info] > git status -z -uall [38ms]
2026-07-25 17:01:13.774 [info] > git diff --name-status -z --diff-filter=ADMR 5d6efe24e740f8bc66e2009a4843978c573085bc...refs/remotes/origin/main [22ms]
2026-07-25 17:01:13.783 [info] > git merge-base refs/heads/main refs/remotes/origin/main [18ms]
2026-07-25 17:01:14.427 [info] > git status -z -uall [699ms]
2026-07-25 17:01:14.431 [info] > git diff --name-status -z --diff-filter=ADMR 5d6efe24e740f8bc66e2009a4843978c573085bc...refs/remotes/origin/main [646ms]
2026-07-25 17:01:14.440 [info] > git check-ignore -v -z --stdin [17ms]
2026-07-25 17:01:14.441 [info] > git check-ignore -v -z --stdin [16ms]
2026-07-25 17:01:14.960 [info] > git check-ignore -v -z --stdin [14ms]
2026-07-25 17:01:14.964 [info] > git check-ignore -v -z --stdin [16ms]
2026-07-25 17:01:15.087 [info] > git ls-files --stage -- practice_examples/week01/hello_llm.py [16ms]
2026-07-25 17:01:15.096 [info] > git show --textconv :practice_examples/week01/hello_llm.py [27ms]
2026-07-25 17:01:15.104 [info] > git cat-file -s a62a90db55abee127dfcd001c0e6a2d14f13d632 [15ms]
2026-07-25 17:01:15.809 [info] > git blame --root --incremental 5d6efe24e740f8bc66e2009a4843978c573085bc -- practice_examples/week01/hello_llm.py [35ms]
2026-07-25 17:01:34.951 [info] [Git][getRemotes] No remotes found in the git config file
2026-07-25 17:01:34.959 [info] > git config --get commit.template [8ms]
2026-07-25 17:01:34.969 [info] > git for-each-ref --format=%(refname)%00%(upstream:short)%00%(objectname)%00%(upstream:track)%00%(upstream:remotename)%00%(upstream:remoteref) refs/heads/master refs/remotes/master [14ms]
2026-07-25 17:01:34.969 [warning] [Git][getBranch] No such branch: master
2026-07-25 17:01:34.990 [info] > git for-each-ref --sort -committerdate --format %(refname)%00%(objectname)%00%(*objectname) [13ms]
2026-07-25 17:01:35.154 [info] > git status -z -uall [180ms]
2026-07-25 17:01:40.165 [info] [Git][getRemotes] No remotes found in the git config file
2026-07-25 17:01:40.172 [info] > git config --get commit.template [7ms]
2026-07-25 17:01:40.180 [info] > git for-each-ref --format=%(refname)%00%(upstream:short)%00%(objectname)%00%(upstream:track)%00%(upstream:remotename)%00%(upstream:remoteref) refs/heads/master refs/remotes/master [12ms]
2026-07-25 17:01:40.181 [warning] [Git][getBranch] No such branch: master
2026-07-25 17:01:40.201 [info] > git for-each-ref --sort -committerdate --format %(refname)%00%(objectname)%00%(*objectname) [12ms]
2026-07-25 17:01:40.356 [info] > git status -z -uall [169ms]
2026-07-25 17:01:45.365 [info] [Git][getRemotes] No remotes found in the git config file
2026-07-25 17:01:45.372 [info] > git config --get commit.template [7ms]
2026-07-25 17:01:45.380 [info] > git for-each-ref --format=%(refname)%00%(upstream:short)%00%(objectname)%00%(upstream:track)%00%(upstream:remotename)%00%(upstream:remoteref) refs/heads/master refs/remotes/master [13ms]
2026-07-25 17:01:45.380 [warning] [Git][getBranch] No such branch: master
2026-07-25 17:01:45.402 [info] > git for-each-ref --sort -committerdate --format %(refname)%00%(objectname)%00%(*objectname) [12ms]
2026-07-25 17:01:45.564 [info] > git status -z -uall [177ms]
2026-07-25 17:01:50.572 [info] [Git][getRemotes] No remotes found in the git config file
2026-07-25 17:01:50.580 [info] > git config --get commit.template [8ms]
2026-07-25 17:01:50.588 [info] > git for-each-ref --format=%(refname)%00%(upstream:short)%00%(objectname)%00%(upstream:track)%00%(upstream:remotename)%00%(upstream:remoteref) refs/heads/master refs/remotes/master [13ms]
2026-07-25 17:01:50.588 [warning] [Git][getBranch] No such branch: master
2026-07-25 17:01:50.607 [info] > git for-each-ref --sort -committerdate --format %(refname)%00%(objectname)%00%(*objectname) [14ms]
2026-07-25 17:01:50.766 [info] > git status -z -uall [176ms]
2026-07-25 17:01:55.778 [info] [Git][getRemotes] No remotes found in the git config file
2026-07-25 17:01:55.783 [info] > git config --get commit.template [7ms]
2026-07-25 17:01:55.790 [info] > git for-each-ref --format=%(refname)%00%(upstream:short)%00%(objectname)%00%(upstream:track)%00%(upstream:remotename)%00%(upstream:remoteref) refs/heads/master refs/remotes/master [13ms]
2026-07-25 17:01:55.790 [warning] [Git][getBranch] No such branch: master
2026-07-25 17:01:55.809 [info] > git for-each-ref --sort -committerdate --format %(refname)%00%(objectname)%00%(*objectname) [15ms]
2026-07-25 17:01:55.956 [info] > git status -z -uall [163ms]
2026-07-25 17:02:00.963 [info] [Git][getRemotes] No remotes found in the git config file
2026-07-25 17:02:00.970 [info] > git config --get commit.template [7ms]
2026-07-25 17:02:00.976 [info] > git for-each-ref --format=%(refname)%00%(upstream:short)%00%(objectname)%00%(upstream:track)%00%(upstream:remotename)%00%(upstream:remoteref) refs/heads/master refs/remotes/master [11ms]
2026-07-25 17:02:00.976 [warning] [Git][getBranch] No such branch: master
2026-07-25 17:02:00.992 [info] > git for-each-ref --sort -committerdate --format %(refname)%00%(objectname)%00%(*objectname) [12ms]
2026-07-25 17:02:01.136 [info] > git status -z -uall [158ms]
2026-07-25 17:02:06.146 [info] [Git][getRemotes] No remotes found in the git config file
2026-07-25 17:02:06.152 [info] > git config --get commit.template [8ms]
2026-07-25 17:02:06.159 [info] > git for-each-ref --format=%(refname)%00%(upstream:short)%00%(objectname)%00%(upstream:track)%00%(upstream:remotename)%00%(upstream:remoteref) refs/heads/master refs/remotes/master [11ms]
2026-07-25 17:02:06.159 [warning] [Git][getBranch] No such branch: master
2026-07-25 17:02:06.176 [info] > git for-each-ref --sort -committerdate --format %(refname)%00%(objectname)%00%(*objectname) [12ms]
2026-07-25 17:02:06.315 [info] > git status -z -uall [153ms]
2026-07-25 17:02:11.326 [info] [Git][getRemotes] No remotes found in the git config file
2026-07-25 17:02:11.331 [info] > git config --get commit.template [7ms]
2026-07-25 17:02:11.338 [info] > git for-each-ref --format=%(refname)%00%(upstream:short)%00%(objectname)%00%(upstream:track)%00%(upstream:remotename)%00%(upstream:remoteref) refs/heads/master refs/remotes/master [13ms]
2026-07-25 17:02:11.338 [warning] [Git][getBranch] No such branch: master
2026-07-25 17:02:11.359 [info] > git for-each-ref --sort -committerdate --format %(refname)%00%(objectname)%00%(*objectname) [12ms]
2026-07-25 17:02:11.680 [info] > git status -z -uall [335ms]
2026-07-25 17:02:36.146 [info] [Git][getRemotes] No remotes found in the git config file
2026-07-25 17:02:36.151 [info] > git config --get commit.template [8ms]
2026-07-25 17:02:36.159 [info] > git for-each-ref --format=%(refname)%00%(upstream:short)%00%(objectname)%00%(upstream:track)%00%(upstream:remotename)%00%(upstream:remoteref) refs/heads/master refs/remotes/master [13ms]
2026-07-25 17:02:36.159 [warning] [Git][getBranch] No such branch: master
2026-07-25 17:02:36.178 [info] > git for-each-ref --sort -committerdate --format %(refname)%00%(objectname)%00%(*objectname) [12ms]
2026-07-25 17:02:36.336 [info] > git status -z -uall [172ms]
2026-07-25 17:02:41.348 [info] [Git][getRemotes] No remotes found in the git config file
2026-07-25 17:02:41.353 [info] > git config --get commit.template [7ms]
2026-07-25 17:02:41.359 [info] > git for-each-ref --format=%(refname)%00%(upstream:short)%00%(objectname)%00%(upstream:track)%00%(upstream:remotename)%00%(upstream:remoteref) refs/heads/master refs/remotes/master [11ms]
2026-07-25 17:02:41.359 [warning] [Git][getBranch] No such branch: master
2026-07-25 17:02:41.375 [info] > git for-each-ref --sort -committerdate --format %(refname)%00%(objectname)%00%(*objectname) [12ms]
2026-07-25 17:02:41.514 [info] > git status -z -uall [153ms]
2026-07-25 17:02:46.522 [info] [Git][getRemotes] No remotes found in the git config file
2026-07-25 17:02:46.530 [info] > git config --get commit.template [9ms]
2026-07-25 17:02:46.538 [info] > git for-each-ref --format=%(refname)%00%(upstream:short)%00%(objectname)%00%(upstream:track)%00%(upstream:remotename)%00%(upstream:remoteref) refs/heads/master refs/remotes/master [12ms]
2026-07-25 17:02:46.538 [warning] [Git][getBranch] No such branch: master
2026-07-25 17:02:46.554 [info] > git for-each-ref --sort -committerdate --format %(refname)%00%(objectname)%00%(*objectname) [11ms]
2026-07-25 17:02:46.700 [info] > git status -z -uall [160ms]
2026-07-25 17:02:51.709 [info] [Git][getRemotes] No remotes found in the git config file
2026-07-25 17:02:51.714 [info] > git config --get commit.template [8ms]
2026-07-25 17:02:51.720 [info] > git for-each-ref --format=%(refname)%00%(upstream:short)%00%(objectname)%00%(upstream:track)%00%(upstream:remotename)%00%(upstream:remoteref) refs/heads/master refs/remotes/master [11ms]
2026-07-25 17:02:51.720 [warning] [Git][getBranch] No such branch: master
2026-07-25 17:02:51.737 [info] > git for-each-ref --sort -committerdate --format %(refname)%00%(objectname)%00%(*objectname) [13ms]
2026-07-25 17:02:51.880 [info] > git status -z -uall [157ms]
2026-07-25 17:02:56.889 [info] [Git][getRemotes] No remotes found in the git config file
2026-07-25 17:02:56.894 [info] > git config --get commit.template [7ms]
2026-07-25 17:02:56.900 [info] > git for-each-ref --format=%(refname)%00%(upstream:short)%00%(objectname)%00%(upstream:track)%00%(upstream:remotename)%00%(upstream:remoteref) refs/heads/master refs/remotes/master [11ms]
2026-07-25 17:02:56.900 [warning] [Git][getBranch] No such branch: master
2026-07-25 17:02:56.916 [info] > git for-each-ref --sort -committerdate --format %(refname)%00%(objectname)%00%(*objectname) [11ms]
2026-07-25 17:02:57.055 [info] > git status -z -uall [152ms]
2026-07-25 17:03:02.064 [info] [Git][getRemotes] No remotes found in the git config file
2026-07-25 17:03:02.069 [info] > git config --get commit.template [8ms]
2026-07-25 17:03:02.075 [info] > git for-each-ref --format=%(refname)%00%(upstream:short)%00%(objectname)%00%(upstream:track)%00%(upstream:remotename)%00%(upstream:remoteref) refs/heads/master refs/remotes/master [11ms]
2026-07-25 17:03:02.076 [warning] [Git][getBranch] No such branch: master
2026-07-25 17:03:02.091 [info] > git for-each-ref --sort -committerdate --format %(refname)%00%(objectname)%00%(*objectname) [11ms]
2026-07-25 17:03:02.246 [info] > git status -z -uall [168ms]
2026-07-25 17:03:07.257 [info] [Git][getRemotes] No remotes found in the git config file
2026-07-25 17:03:07.261 [info] > git config --get commit.template [8ms]
2026-07-25 17:03:07.267 [info] > git for-each-ref --format=%(refname)%00%(upstream:short)%00%(objectname)%00%(upstream:track)%00%(upstream:remotename)%00%(upstream:remoteref) refs/heads/master refs/remotes/master [11ms]
2026-07-25 17:03:07.267 [warning] [Git][getBranch] No such branch: master
2026-07-25 17:03:07.287 [info] > git for-each-ref --sort -committerdate --format %(refname)%00%(objectname)%00%(*objectname) [11ms]
2026-07-25 17:03:07.408 [info] > git status -z -uall [135ms]
2026-07-25 17:03:12.416 [info] [Git][getRemotes] No remotes found in the git config file
2026-07-25 17:03:12.423 [info] > git config --get commit.template [8ms]
2026-07-25 17:03:12.431 [info] > git for-each-ref --format=%(refname)%00%(upstream:short)%00%(objectname)%00%(upstream:track)%00%(upstream:remotename)%00%(upstream:remoteref) refs/heads/master refs/remotes/master [13ms]
2026-07-25 17:03:12.431 [warning] [Git][getBranch] No such branch: master
2026-07-25 17:03:12.449 [info] > git for-each-ref --sort -committerdate --format %(refname)%00%(objectname)%00%(*objectname) [14ms]
2026-07-25 17:03:12.766 [info] > git status -z -uall [333ms]
2026-07-25 17:03:28.216 [info] [Git][getRemotes] No remotes found in the git config file
2026-07-25 17:03:28.221 [info] > git config --get commit.template [8ms]
2026-07-25 17:03:28.227 [info] > git for-each-ref --format=%(refname)%00%(upstream:short)%00%(objectname)%00%(upstream:track)%00%(upstream:remotename)%00%(upstream:remoteref) refs/heads/master refs/remotes/master [11ms]
2026-07-25 17:03:28.227 [warning] [Git][getBranch] No such branch: master
2026-07-25 17:03:28.243 [info] > git for-each-ref --sort -committerdate --format %(refname)%00%(objectname)%00%(*objectname) [11ms]
2026-07-25 17:03:28.454 [info] > git status -z -uall [224ms]
2026-07-25 17:03:33.465 [info] [Git][getRemotes] No remotes found in the git config file
2026-07-25 17:03:33.474 [info] > git config --get commit.template [10ms]
2026-07-25 17:03:33.478 [info] > git for-each-ref --format=%(refname)%00%(upstream:short)%00%(objectname)%00%(upstream:track)%00%(upstream:remotename)%00%(upstream:remoteref) refs/heads/master refs/remotes/master [11ms]
2026-07-25 17:03:33.479 [warning] [Git][getBranch] No such branch: master
2026-07-25 17:03:33.495 [info] > git for-each-ref --sort -committerdate --format %(refname)%00%(objectname)%00%(*objectname) [12ms]
2026-07-25 17:03:33.644 [info] > git status -z -uall [163ms]
2026-07-25 17:03:33.855 [info] > git ls-files --stage -- practice_examples/week01/hello_llm.py [13ms]
2026-07-25 17:03:33.886 [info] > git cat-file -s a62a90db55abee127dfcd001c0e6a2d14f13d632 [28ms]
2026-07-25 17:03:34.191 [info] > git show --textconv :practice_examples/week01/hello_llm.py [32ms]
2026-07-25 17:03:42.390 [info] [Git][getRemotes] No remotes found in the git config file
2026-07-25 17:03:42.397 [info] > git config --get commit.template [8ms]
2026-07-25 17:03:42.403 [info] > git for-each-ref --format=%(refname)%00%(upstream:short)%00%(objectname)%00%(upstream:track)%00%(upstream:remotename)%00%(upstream:remoteref) refs/heads/master refs/remotes/master [11ms]
2026-07-25 17:03:42.403 [warning] [Git][getBranch] No such branch: master
2026-07-25 17:03:42.420 [info] > git for-each-ref --sort -committerdate --format %(refname)%00%(objectname)%00%(*objectname) [12ms]
2026-07-25 17:03:42.593 [info] > git status -z -uall [188ms]
2026-07-25 17:03:47.604 [info] [Git][getRemotes] No remotes found in the git config file
2026-07-25 17:03:47.609 [info] > git config --get commit.template [8ms]
2026-07-25 17:03:47.616 [info] > git for-each-ref --format=%(refname)%00%(upstream:short)%00%(objectname)%00%(upstream:track)%00%(upstream:remotename)%00%(upstream:remoteref) refs/heads/master refs/remotes/master [12ms]
2026-07-25 17:03:47.616 [warning] [Git][getBranch] No such branch: master
2026-07-25 17:03:47.633 [info] > git for-each-ref --sort -committerdate --format %(refname)%00%(objectname)%00%(*objectname) [12ms]
2026-07-25 17:03:47.781 [info] > git status -z -uall [163ms]
2026-07-25 17:03:52.790 [info] [Git][getRemotes] No remotes found in the git config file
2026-07-25 17:03:52.796 [info] > git config --get commit.template [8ms]
2026-07-25 17:03:52.803 [info] > git for-each-ref --format=%(refname)%00%(upstream:short)%00%(objectname)%00%(upstream:track)%00%(upstream:remotename)%00%(upstream:remoteref) refs/heads/master refs/remotes/master [11ms]
2026-07-25 17:03:52.803 [warning] [Git][getBranch] No such branch: master
2026-07-25 17:03:52.819 [info] > git for-each-ref --sort -committerdate --format %(refname)%00%(objectname)%00%(*objectname) [11ms]
2026-07-25 17:03:52.958 [info] > git status -z -uall [152ms]
2026-07-25 17:03:57.774 [info] [Git][getRemotes] No remotes found in the git config file
2026-07-25 17:03:57.780 [info] > git config --get commit.template [9ms]
2026-07-25 17:03:57.797 [info] > git for-each-ref --format=%(refname)%00%(upstream:short)%00%(objectname)%00%(upstream:track)%00%(upstream:remotename)%00%(upstream:remoteref) refs/heads/master refs/remotes/master [23ms]
2026-07-25 17:03:57.818 [info] > git for-each-ref --sort -committerdate --format %(refname)%00%(objectname)%00%(*objectname) [15ms]
2026-07-25 17:03:57.967 [info] > git status -z -uall [167ms]
2026-07-25 17:03:57.978 [info] [Git][getRemotes] No remotes found in the git config file
2026-07-25 17:03:57.982 [info] > git config --get commit.template [8ms]
2026-07-25 17:03:57.998 [info] > git for-each-ref --format=%(refname)%00%(upstream:short)%00%(objectname)%00%(upstream:track)%00%(upstream:remotename)%00%(upstream:remoteref) refs/heads/master refs/remotes/master [20ms]
2026-07-25 17:03:58.019 [info] > git for-each-ref --sort -committerdate --format %(refname)%00%(objectname)%00%(*objectname) [16ms]
2026-07-25 17:03:58.127 [info] > git status -z -uall [126ms]
2026-07-25 17:03:58.798 [info] > git ls-files --stage -- practice_examples/week01/hello_llm.py [13ms]
2026-07-25 17:03:58.815 [info] > git cat-file -s a62a90db55abee127dfcd001c0e6a2d14f13d632 [15ms]
2026-07-25 17:03:59.111 [info] > git show --textconv :practice_examples/week01/hello_llm.py [26ms]
2026-07-25 17:04:03.136 [info] [Git][getRemotes] No remotes found in the git config file
2026-07-25 17:04:03.141 [info] > git config --get commit.template [8ms]
2026-07-25 17:04:03.158 [info] > git for-each-ref --format=%(refname)%00%(upstream:short)%00%(objectname)%00%(upstream:track)%00%(upstream:remotename)%00%(upstream:remoteref) refs/heads/master refs/remotes/master [22ms]
2026-07-25 17:04:03.179 [info] > git for-each-ref --sort -committerdate --format %(refname)%00%(objectname)%00%(*objectname) [17ms]
2026-07-25 17:04:03.328 [info] > git status -z -uall [168ms]
2026-07-25 17:04:13.618 [info] [Git][getRemotes] No remotes found in the git config file
2026-07-25 17:04:13.625 [info] > git config --get commit.template [8ms]
2026-07-25 17:04:13.642 [info] > git for-each-ref --format=%(refname)%00%(upstream:short)%00%(objectname)%00%(upstream:track)%00%(upstream:remotename)%00%(upstream:remoteref) refs/heads/master refs/remotes/master [21ms]
2026-07-25 17:04:13.662 [info] > git for-each-ref --sort -committerdate --format %(refname)%00%(objectname)%00%(*objectname) [16ms]
2026-07-25 17:04:13.845 [info] > git status -z -uall [201ms]
2026-07-25 17:04:17.388 [info] [Git][getRemotes] No remotes found in the git config file
2026-07-25 17:04:17.394 [info] > git config --get commit.template [8ms]
2026-07-25 17:04:17.410 [info] > git for-each-ref --format=%(refname)%00%(upstream:short)%00%(objectname)%00%(upstream:track)%00%(upstream:remotename)%00%(upstream:remoteref) refs/heads/main refs/remotes/main [22ms]
2026-07-25 17:04:17.434 [info] > git for-each-ref --sort -committerdate --format %(refname)%00%(objectname)%00%(*objectname) [18ms]
2026-07-25 17:04:17.583 [info] > git status -z -uall [169ms]
2026-07-25 17:04:17.608 [info] > git for-each-ref --format=%(refname)%00%(upstream:short)%00%(objectname)%00%(upstream:track)%00%(upstream:remotename)%00%(upstream:remoteref) refs/heads/main refs/remotes/main [19ms]
2026-07-25 17:04:17.617 [info] > git config --get --local branch.main.vscode-merge-base [6ms]
2026-07-25 17:04:17.617 [warning] [Git][config] git config failed: Failed to execute git
2026-07-25 17:04:17.646 [info] > git reflog main --grep-reflog=branch: Created from *. [26ms]
2026-07-25 17:04:18.853 [info] [Git][getRemotes] No remotes found in the git config file
2026-07-25 17:04:18.861 [info] > git config --get commit.template [9ms]
2026-07-25 17:04:18.873 [info] > git ls-files --stage -- practice_examples/week01/hello_llm.py [13ms]
2026-07-25 17:04:18.879 [info] > git for-each-ref --format=%(refname)%00%(upstream:short)%00%(objectname)%00%(upstream:track)%00%(upstream:remotename)%00%(upstream:remoteref) refs/heads/main refs/remotes/main [23ms]
2026-07-25 17:04:18.890 [info] > git cat-file -s a62a90db55abee127dfcd001c0e6a2d14f13d632 [15ms]
2026-07-25 17:04:18.900 [info] > git for-each-ref --sort -committerdate --format %(refname)%00%(objectname)%00%(*objectname) [17ms]
2026-07-25 17:04:19.012 [info] > git status -z -uall [131ms]
2026-07-25 17:04:19.190 [info] > git show --textconv :practice_examples/week01/hello_llm.py [22ms]
2026-07-25 17:04:24.749 [info] [Git][getRemotes] No remotes found in the git config file
2026-07-25 17:04:24.756 [info] > git config --get commit.template [8ms]
2026-07-25 17:04:24.772 [info] > git for-each-ref --format=%(refname)%00%(upstream:short)%00%(objectname)%00%(upstream:track)%00%(upstream:remotename)%00%(upstream:remoteref) refs/heads/main refs/remotes/main [21ms]
2026-07-25 17:04:24.792 [info] > git for-each-ref --sort -committerdate --format %(refname)%00%(objectname)%00%(*objectname) [15ms]
2026-07-25 17:04:24.932 [info] > git status -z -uall [158ms]
2026-07-25 17:04:29.945 [info] > git config --get commit.template [8ms]
2026-07-25 17:04:29.959 [info] > git for-each-ref --format=%(refname)%00%(upstream:short)%00%(objectname)%00%(upstream:track)%00%(upstream:remotename)%00%(upstream:remoteref) refs/heads/main refs/remotes/main [19ms]
2026-07-25 17:04:29.979 [info] > git for-each-ref --sort -committerdate --format %(refname)%00%(objectname)%00%(*objectname) [16ms]
2026-07-25 17:04:30.121 [info] > git status -z -uall [160ms]
2026-07-25 17:04:30.832 [info] > git ls-files --stage -- practice_examples/week01/hello_llm.py [12ms]
2026-07-25 17:04:30.847 [info] > git cat-file -s a62a90db55abee127dfcd001c0e6a2d14f13d632 [13ms]
2026-07-25 17:04:31.151 [info] > git show --textconv :practice_examples/week01/hello_llm.py [23ms]
2026-07-25 17:04:37.771 [info] > git config --get commit.template [7ms]
2026-07-25 17:04:37.788 [info] > git for-each-ref --format=%(refname)%00%(upstream:short)%00%(objectname)%00%(upstream:track)%00%(upstream:remotename)%00%(upstream:remoteref) refs/heads/main refs/remotes/main [21ms]
2026-07-25 17:04:37.811 [info] > git for-each-ref --sort -committerdate --format %(refname)%00%(objectname)%00%(*objectname) [18ms]
2026-07-25 17:04:37.959 [info] > git status -z -uall [168ms]
2026-07-25 17:04:42.974 [info] > git config --get commit.template [8ms]
2026-07-25 17:04:42.993 [info] > git for-each-ref --format=%(refname)%00%(upstream:short)%00%(objectname)%00%(upstream:track)%00%(upstream:remotename)%00%(upstream:remoteref) refs/heads/main refs/remotes/main [23ms]
2026-07-25 17:04:43.014 [info] > git for-each-ref --sort -committerdate --format %(refname)%00%(objectname)%00%(*objectname) [17ms]
2026-07-25 17:04:43.171 [info] > git status -z -uall [176ms]
2026-07-25 17:04:44.024 [info] > git config --get commit.template [9ms]
2026-07-25 17:04:44.051 [info] > git for-each-ref --format=%(refname)%00%(upstream:short)%00%(objectname)%00%(upstream:track)%00%(upstream:remotename)%00%(upstream:remoteref) refs/heads/main refs/remotes/main [33ms]
2026-07-25 17:04:44.082 [info] > git for-each-ref --sort -committerdate --format %(refname)%00%(objectname)%00%(*objectname) [24ms]
2026-07-25 17:04:44.210 [info] > git status -z -uall [154ms]
2026-07-25 17:04:44.235 [info] > git merge-base refs/heads/main refs/remotes/origin/main [19ms]
2026-07-25 17:04:44.262 [info] > git diff --name-status -z --diff-filter=ADMR 01a59b9ae170b255f0f015d7929ca1b8946286f8...refs/remotes/origin/main [25ms]
2026-07-25 17:04:45.451 [info] > git ls-files --stage -- practice_examples/week01/hello_llm.py [12ms]
2026-07-25 17:04:45.468 [info] > git cat-file -s a62a90db55abee127dfcd001c0e6a2d14f13d632 [15ms]
2026-07-25 17:04:45.773 [info] > git show --textconv :practice_examples/week01/hello_llm.py [21ms]
2026-07-25 17:04:58.307 [info] > git config --get commit.template [9ms]
2026-07-25 17:04:58.327 [info] > git for-each-ref --format=%(refname)%00%(upstream:short)%00%(objectname)%00%(upstream:track)%00%(upstream:remotename)%00%(upstream:remoteref) refs/heads/main refs/remotes/main [27ms]
2026-07-25 17:04:58.353 [info] > git for-each-ref --sort -committerdate --format %(refname)%00%(objectname)%00%(*objectname) [20ms]
2026-07-25 17:04:58.653 [info] > git status -z -uall [322ms]
2026-07-25 17:05:03.667 [info] > git config --get commit.template [8ms]
2026-07-25 17:05:03.685 [info] > git for-each-ref --format=%(refname)%00%(upstream:short)%00%(objectname)%00%(upstream:track)%00%(upstream:remotename)%00%(upstream:remoteref) refs/heads/main refs/remotes/main [23ms]
2026-07-25 17:05:03.711 [info] > git for-each-ref --sort -committerdate --format %(refname)%00%(objectname)%00%(*objectname) [19ms]
2026-07-25 17:05:03.811 [info] > git status -z -uall [122ms]
2026-07-25 17:05:03.837 [info] > git ls-files --stage -- practice_examples/week01/hello_llm.py [11ms]
2026-07-25 17:05:03.852 [info] > git cat-file -s a62a90db55abee127dfcd001c0e6a2d14f13d632 [12ms]
2026-07-25 17:05:04.151 [info] > git show --textconv :practice_examples/week01/hello_llm.py [21ms]
2026-07-25 17:05:08.823 [info] > git config --get commit.template [7ms]
2026-07-25 17:05:08.845 [info] > git for-each-ref --format=%(refname)%00%(upstream:short)%00%(objectname)%00%(upstream:track)%00%(upstream:remotename)%00%(upstream:remoteref) refs/heads/main refs/remotes/main [25ms]
2026-07-25 17:05:08.874 [info] > git for-each-ref --sort -committerdate --format %(refname)%00%(objectname)%00%(*objectname) [22ms]
2026-07-25 17:05:09.021 [info] > git status -z -uall [171ms]
2026-07-25 17:05:28.858 [info] > git config --get commit.template [7ms]
2026-07-25 17:05:28.878 [info] > git for-each-ref --format=%(refname)%00%(upstream:short)%00%(objectname)%00%(upstream:track)%00%(upstream:remotename)%00%(upstream:remoteref) refs/heads/main refs/remotes/main [25ms]
2026-07-25 17:05:28.904 [info] > git for-each-ref --sort -committerdate --format %(refname)%00%(objectname)%00%(*objectname) [19ms]
2026-07-25 17:05:29.085 [info] > git status -z -uall [203ms]
2026-07-25 17:05:34.100 [info] > git config --get commit.template [9ms]
2026-07-25 17:05:34.123 [info] > git for-each-ref --format=%(refname)%00%(upstream:short)%00%(objectname)%00%(upstream:track)%00%(upstream:remotename)%00%(upstream:remoteref) refs/heads/main refs/remotes/main [29ms]
2026-07-25 17:05:34.153 [info] > git for-each-ref --sort -committerdate --format %(refname)%00%(objectname)%00%(*objectname) [22ms]
2026-07-25 17:05:34.301 [info] > git status -z -uall [173ms]
2026-07-25 17:05:39.314 [info] > git config --get commit.template [8ms]
2026-07-25 17:05:39.335 [info] > git for-each-ref --format=%(refname)%00%(upstream:short)%00%(objectname)%00%(upstream:track)%00%(upstream:remotename)%00%(upstream:remoteref) refs/heads/main refs/remotes/main [26ms]
2026-07-25 17:05:39.362 [info] > git for-each-ref --sort -committerdate --format %(refname)%00%(objectname)%00%(*objectname) [19ms]
2026-07-25 17:05:39.503 [info] > git status -z -uall [164ms]
2026-07-25 17:05:44.516 [info] > git config --get commit.template [7ms]
2026-07-25 17:05:44.537 [info] > git for-each-ref --format=%(refname)%00%(upstream:short)%00%(objectname)%00%(upstream:track)%00%(upstream:remotename)%00%(upstream:remoteref) refs/heads/main refs/remotes/main [25ms]
2026-07-25 17:05:44.564 [info] > git for-each-ref --sort -committerdate --format %(refname)%00%(objectname)%00%(*objectname) [20ms]
2026-07-25 17:05:44.719 [info] > git status -z -uall [177ms]
2026-07-25 17:05:59.923 [info] > git config --get commit.template [8ms]
2026-07-25 17:05:59.943 [info] > git for-each-ref --format=%(refname)%00%(upstream:short)%00%(objectname)%00%(upstream:track)%00%(upstream:remotename)%00%(upstream:remoteref) refs/heads/main refs/remotes/main [25ms]
2026-07-25 17:05:59.968 [info] > git for-each-ref --sort -committerdate --format %(refname)%00%(objectname)%00%(*objectname) [18ms]
2026-07-25 17:06:00.266 [info] > git status -z -uall [320ms]
2026-07-25 17:06:05.280 [info] > git config --get commit.template [8ms]
2026-07-25 17:06:05.299 [info] > git for-each-ref --format=%(refname)%00%(upstream:short)%00%(objectname)%00%(upstream:track)%00%(upstream:remotename)%00%(upstream:remoteref) refs/heads/main refs/remotes/main [24ms]
2026-07-25 17:06:05.329 [info] > git for-each-ref --sort -committerdate --format %(refname)%00%(objectname)%00%(*objectname) [23ms]
2026-07-25 17:06:05.476 [info] > git status -z -uall [173ms]
2026-07-25 17:06:10.490 [info] > git config --get commit.template [8ms]
2026-07-25 17:06:10.509 [info] > git for-each-ref --format=%(refname)%00%(upstream:short)%00%(objectname)%00%(upstream:track)%00%(upstream:remotename)%00%(upstream:remoteref) refs/heads/main refs/remotes/main [24ms]
2026-07-25 17:06:10.535 [info] > git for-each-ref --sort -committerdate --format %(refname)%00%(objectname)%00%(*objectname) [20ms]
2026-07-25 17:06:10.672 [info] > git status -z -uall [159ms]
2026-07-25 17:06:15.684 [info] > git config --get commit.template [7ms]
2026-07-25 17:06:15.703 [info] > git for-each-ref --format=%(refname)%00%(upstream:short)%00%(objectname)%00%(upstream:track)%00%(upstream:remotename)%00%(upstream:remoteref) refs/heads/main refs/remotes/main [23ms]
2026-07-25 17:06:15.730 [info] > git for-each-ref --sort -committerdate --format %(refname)%00%(objectname)%00%(*objectname) [20ms]
2026-07-25 17:06:15.869 [info] > git status -z -uall [161ms]
2026-07-25 17:06:20.882 [info] > git config --get commit.template [8ms]
2026-07-25 17:06:20.905 [info] > git for-each-ref --format=%(refname)%00%(upstream:short)%00%(objectname)%00%(upstream:track)%00%(upstream:remotename)%00%(upstream:remoteref) refs/heads/main refs/remotes/main [28ms]
2026-07-25 17:06:20.932 [info] > git for-each-ref --sort -committerdate --format %(refname)%00%(objectname)%00%(*objectname) [21ms]
2026-07-25 17:06:21.079 [info] > git status -z -uall [170ms]
2026-07-25 17:06:26.160 [info] > git config --get commit.template [8ms]
2026-07-25 17:06:26.215 [info] > git for-each-ref --format=%(refname)%00%(upstream:short)%00%(objectname)%00%(upstream:track)%00%(upstream:remotename)%00%(upstream:remoteref) refs/heads/main refs/remotes/main [51ms]
2026-07-25 17:06:26.291 [info] > git for-each-ref --sort -committerdate --format %(refname)%00%(objectname)%00%(*objectname) [68ms]
2026-07-25 17:06:26.428 [info] > git status -z -uall [208ms]
2026-07-25 17:06:26.795 [info] > git ls-files --stage -- AI-RAG_W3_Practice_Assignment.md [13ms]
2026-07-25 17:06:26.802 [info] > git show --textconv :AI-RAG_W3_Practice_Assignment.md [22ms]
2026-07-25 17:06:26.874 [info] > git cat-file -s 736dd694b1addd977b77a64697314d7227310c49 [77ms]
2026-07-25 17:06:29.460 [info] > git ls-files --stage -- AI-RAG_W3_scripts_stress_test.py [11ms]
2026-07-25 17:06:29.469 [info] > git show --textconv :AI-RAG_W3_scripts_stress_test.py [23ms]
2026-07-25 17:06:29.479 [info] > git cat-file -s 26a51319277f7f3a74cc4e4f0988aca2b6e9d95d [17ms]
2026-07-25 17:06:31.441 [info] > git config --get commit.template [8ms]
2026-07-25 17:06:31.459 [info] > git for-each-ref --format=%(refname)%00%(upstream:short)%00%(objectname)%00%(upstream:track)%00%(upstream:remotename)%00%(upstream:remoteref) refs/heads/main refs/remotes/main [23ms]
2026-07-25 17:06:31.494 [info] > git for-each-ref --sort -committerdate --format %(refname)%00%(objectname)%00%(*objectname) [29ms]
2026-07-25 17:06:31.708 [info] > git status -z -uall [245ms]
2026-07-25 17:06:36.721 [info] > git config --get commit.template [8ms]
2026-07-25 17:06:36.741 [info] > git for-each-ref --format=%(refname)%00%(upstream:short)%00%(objectname)%00%(upstream:track)%00%(upstream:remotename)%00%(upstream:remoteref) refs/heads/main refs/remotes/main [25ms]
2026-07-25 17:06:36.767 [info] > git for-each-ref --sort -committerdate --format %(refname)%00%(objectname)%00%(*objectname) [19ms]
2026-07-25 17:06:36.922 [info] > git status -z -uall [176ms]
2026-07-25 17:06:36.958 [info] > git check-ignore -v -z --stdin [15ms]
2026-07-25 17:06:41.936 [info] > git config --get commit.template [8ms]
2026-07-25 17:06:41.956 [info] > git for-each-ref --format=%(refname)%00%(upstream:short)%00%(objectname)%00%(upstream:track)%00%(upstream:remotename)%00%(upstream:remoteref) refs/heads/main refs/remotes/main [25ms]
2026-07-25 17:06:41.981 [info] > git for-each-ref --sort -committerdate --format %(refname)%00%(objectname)%00%(*objectname) [20ms]
2026-07-25 17:06:42.119 [info] > git status -z -uall [160ms]
2026-07-25 17:06:47.133 [info] > git config --get commit.template [8ms]
2026-07-25 17:06:47.154 [info] > git for-each-ref --format=%(refname)%00%(upstream:short)%00%(objectname)%00%(upstream:track)%00%(upstream:remotename)%00%(upstream:remoteref) refs/heads/main refs/remotes/main [25ms]
2026-07-25 17:06:47.180 [info] > git for-each-ref --sort -committerdate --format %(refname)%00%(objectname)%00%(*objectname) [20ms]
2026-07-25 17:06:47.332 [info] > git status -z -uall [174ms]
2026-07-25 17:08:11.669 [info] > git config --get commit.template [10ms]
2026-07-25 17:08:11.696 [info] > git for-each-ref --format=%(refname)%00%(upstream:short)%00%(objectname)%00%(upstream:track)%00%(upstream:remotename)%00%(upstream:remoteref) refs/heads/main refs/remotes/main [34ms]
2026-07-25 17:08:11.722 [info] > git for-each-ref --sort -committerdate --format %(refname)%00%(objectname)%00%(*objectname) [20ms]
2026-07-25 17:08:12.132 [info] > git status -z -uall [432ms]
2026-07-25 17:08:17.147 [info] > git config --get commit.template [8ms]
2026-07-25 17:08:17.166 [info] > git for-each-ref --format=%(refname)%00%(upstream:short)%00%(objectname)%00%(upstream:track)%00%(upstream:remotename)%00%(upstream:remoteref) refs/heads/main refs/remotes/main [24ms]
2026-07-25 17:08:17.193 [info] > git for-each-ref --sort -committerdate --format %(refname)%00%(objectname)%00%(*objectname) [20ms]
2026-07-25 17:08:17.338 [info] > git status -z -uall [168ms]
2026-07-25 17:08:22.353 [info] > git config --get commit.template [8ms]
2026-07-25 17:08:22.371 [info] > git for-each-ref --format=%(refname)%00%(upstream:short)%00%(objectname)%00%(upstream:track)%00%(upstream:remotename)%00%(upstream:remoteref) refs/heads/main refs/remotes/main [24ms]
2026-07-25 17:08:22.397 [info] > git for-each-ref --sort -committerdate --format %(refname)%00%(objectname)%00%(*objectname) [19ms]
2026-07-25 17:08:22.536 [info] > git status -z -uall [160ms]
2026-07-25 17:08:27.549 [info] > git config --get commit.template [8ms]
2026-07-25 17:08:27.567 [info] > git for-each-ref --format=%(refname)%00%(upstream:short)%00%(objectname)%00%(upstream:track)%00%(upstream:remotename)%00%(upstream:remoteref) refs/heads/main refs/remotes/main [23ms]
2026-07-25 17:08:27.593 [info] > git for-each-ref --sort -committerdate --format %(refname)%00%(objectname)%00%(*objectname) [19ms]
2026-07-25 17:08:27.734 [info] > git status -z -uall [162ms]
2026-07-25 17:08:32.747 [info] > git config --get commit.template [8ms]
2026-07-25 17:08:32.765 [info] > git for-each-ref --format=%(refname)%00%(upstream:short)%00%(objectname)%00%(upstream:track)%00%(upstream:remotename)%00%(upstream:remoteref) refs/heads/main refs/remotes/main [23ms]
2026-07-25 17:08:32.791 [info] > git for-each-ref --sort -committerdate --format %(refname)%00%(objectname)%00%(*objectname) [19ms]
2026-07-25 17:08:32.928 [info] > git status -z -uall [159ms]
2026-07-25 17:08:36.861 [info] > git check-ignore -v -z --stdin [12ms]
2026-07-25 17:08:37.943 [info] > git config --get commit.template [8ms]
2026-07-25 17:08:37.961 [info] > git for-each-ref --format=%(refname)%00%(upstream:short)%00%(objectname)%00%(upstream:track)%00%(upstream:remotename)%00%(upstream:remoteref) refs/heads/main refs/remotes/main [23ms]
2026-07-25 17:08:37.987 [info] > git for-each-ref --sort -committerdate --format %(refname)%00%(objectname)%00%(*objectname) [20ms]
2026-07-25 17:08:38.129 [info] > git status -z -uall [164ms]
2026-07-25 17:08:38.776 [info] > git check-ignore -v -z --stdin [12ms]
2026-07-25 17:08:43.142 [info] > git config --get commit.template [7ms]
2026-07-25 17:08:43.161 [info] > git for-each-ref --format=%(refname)%00%(upstream:short)%00%(objectname)%00%(upstream:track)%00%(upstream:remotename)%00%(upstream:remoteref) refs/heads/main refs/remotes/main [24ms]
2026-07-25 17:08:43.187 [info] > git for-each-ref --sort -committerdate --format %(refname)%00%(objectname)%00%(*objectname) [19ms]
2026-07-25 17:08:43.329 [info] > git status -z -uall [164ms]
2026-07-25 17:08:48.343 [info] > git config --get commit.template [9ms]
2026-07-25 17:08:48.366 [info] > git for-each-ref --format=%(refname)%00%(upstream:short)%00%(objectname)%00%(upstream:track)%00%(upstream:remotename)%00%(upstream:remoteref) refs/heads/main refs/remotes/main [29ms]
2026-07-25 17:08:48.397 [info] > git for-each-ref --sort -committerdate --format %(refname)%00%(objectname)%00%(*objectname) [23ms]
2026-07-25 17:08:48.560 [info] > git status -z -uall [189ms]
2026-07-25 17:08:53.575 [info] > git config --get commit.template [9ms]
2026-07-25 17:08:53.598 [info] > git for-each-ref --format=%(refname)%00%(upstream:short)%00%(objectname)%00%(upstream:track)%00%(upstream:remotename)%00%(upstream:remoteref) refs/heads/main refs/remotes/main [29ms]
2026-07-25 17:08:53.625 [info] > git for-each-ref --sort -committerdate --format %(refname)%00%(objectname)%00%(*objectname) [21ms]
2026-07-25 17:08:53.782 [info] > git status -z -uall [180ms]
2026-07-25 17:08:58.386 [warning] [Git][getHEAD] Failed to parse HEAD file: ENOENT: no such file or directory, open '/voc/work/knowledgeBase_HandsOn/IITM_Agentic_Ai/.git/HEAD'
2026-07-25 17:08:58.392 [warning] [Git][getRemotes] Error: ENOENT: no such file or directory, open '/voc/work/knowledgeBase_HandsOn/IITM_Agentic_Ai/.git/config'
2026-07-25 17:08:58.398 [warning] [Git][getHEAD] Failed to parse HEAD file: ENOENT: no such file or directory, open '/voc/work/knowledgeBase_HandsOn/IITM_Agentic_Ai/.git/HEAD'
2026-07-25 17:08:58.404 [warning] [Git][getRemotes] Error: ENOENT: no such file or directory, open '/voc/work/knowledgeBase_HandsOn/IITM_Agentic_Ai/.git/config'
2026-07-25 17:08:58.795 [info] > git config --get commit.template [7ms]
2026-07-25 17:08:58.815 [info] > git for-each-ref --format=%(refname)%00%(upstream:short)%00%(objectname)%00%(upstream:track)%00%(upstream:remotename)%00%(upstream:remoteref) refs/heads/main refs/remotes/main [23ms]
2026-07-25 17:08:58.842 [info] > git for-each-ref --sort -committerdate --format %(refname)%00%(objectname)%00%(*objectname) [20ms]
2026-07-25 17:08:58.936 [info] > git status -z -uall [115ms]
2026-07-25 17:08:59.304 [info] > git check-ignore -v -z --stdin [12ms]
2026-07-25 17:09:03.950 [info] > git config --get commit.template [8ms]
2026-07-25 17:09:03.978 [info] > git for-each-ref --format=%(refname)%00%(upstream:short)%00%(objectname)%00%(upstream:track)%00%(upstream:remotename)%00%(upstream:remoteref) refs/heads/main refs/remotes/main [33ms]
2026-07-25 17:09:04.004 [info] > git for-each-ref --sort -committerdate --format %(refname)%00%(objectname)%00%(*objectname) [19ms]
2026-07-25 17:09:04.101 [info] > git status -z -uall [119ms]
2026-07-25 17:09:09.115 [info] > git config --get commit.template [8ms]
2026-07-25 17:09:09.133 [info] > git for-each-ref --format=%(refname)%00%(upstream:short)%00%(objectname)%00%(upstream:track)%00%(upstream:remotename)%00%(upstream:remoteref) refs/heads/main refs/remotes/main [23ms]
2026-07-25 17:09:09.160 [info] > git for-each-ref --sort -committerdate --format %(refname)%00%(objectname)%00%(*objectname) [20ms]
2026-07-25 17:09:09.262 [info] > git status -z -uall [124ms]
2026-07-25 17:09:14.277 [info] > git config --get commit.template [10ms]
2026-07-25 17:09:14.298 [info] > git for-each-ref --format=%(refname)%00%(upstream:short)%00%(objectname)%00%(upstream:track)%00%(upstream:remotename)%00%(upstream:remoteref) refs/heads/main refs/remotes/main [27ms]
2026-07-25 17:09:14.323 [info] > git for-each-ref --sort -committerdate --format %(refname)%00%(objectname)%00%(*objectname) [18ms]
2026-07-25 17:09:14.593 [info] > git status -z -uall [291ms]
2026-07-25 17:09:19.605 [info] > git config --get commit.template [7ms]
2026-07-25 17:09:19.623 [info] > git for-each-ref --format=%(refname)%00%(upstream:short)%00%(objectname)%00%(upstream:track)%00%(upstream:remotename)%00%(upstream:remoteref) refs/heads/main refs/remotes/main [22ms]
2026-07-25 17:09:19.650 [info] > git for-each-ref --sort -committerdate --format %(refname)%00%(objectname)%00%(*objectname) [20ms]
2026-07-25 17:09:19.747 [info] > git status -z -uall [119ms]
2026-07-25 17:09:24.760 [info] > git config --get commit.template [8ms]
2026-07-25 17:09:24.780 [info] > git for-each-ref --format=%(refname)%00%(upstream:short)%00%(objectname)%00%(upstream:track)%00%(upstream:remotename)%00%(upstream:remoteref) refs/heads/main refs/remotes/main [25ms]
2026-07-25 17:09:24.806 [info] > git for-each-ref --sort -committerdate --format %(refname)%00%(objectname)%00%(*objectname) [20ms]
2026-07-25 17:09:24.900 [info] > git status -z -uall [117ms]
2026-07-25 17:09:29.913 [info] > git config --get commit.template [8ms]
2026-07-25 17:09:29.931 [info] > git for-each-ref --format=%(refname)%00%(upstream:short)%00%(objectname)%00%(upstream:track)%00%(upstream:remotename)%00%(upstream:remoteref) refs/heads/main refs/remotes/main [23ms]
2026-07-25 17:09:29.956 [info] > git for-each-ref --sort -committerdate --format %(refname)%00%(objectname)%00%(*objectname) [19ms]
2026-07-25 17:09:30.050 [info] > git status -z -uall [115ms]
2026-07-25 17:09:31.842 [info] > git ls-files --stage -- AI-RAG_W3_scripts_stress_test.py [12ms]
2026-07-25 17:09:31.858 [info] > git cat-file -s 26a51319277f7f3a74cc4e4f0988aca2b6e9d95d [14ms]
2026-07-25 17:09:32.150 [info] > git show --textconv :AI-RAG_W3_scripts_stress_test.py [22ms]
2026-07-25 17:09:35.063 [info] > git config --get commit.template [7ms]
2026-07-25 17:09:35.083 [info] > git for-each-ref --format=%(refname)%00%(upstream:short)%00%(objectname)%00%(upstream:track)%00%(upstream:remotename)%00%(upstream:remoteref) refs/heads/main refs/remotes/main [24ms]
2026-07-25 17:09:35.108 [info] > git for-each-ref --sort -committerdate --format %(refname)%00%(objectname)%00%(*objectname) [18ms]
2026-07-25 17:09:35.203 [info] > git status -z -uall [115ms]
2026-07-25 17:09:40.215 [info] > git config --get commit.template [7ms]
2026-07-25 17:09:40.232 [info] > git for-each-ref --format=%(refname)%00%(upstream:short)%00%(objectname)%00%(upstream:track)%00%(upstream:remotename)%00%(upstream:remoteref) refs/heads/main refs/remotes/main [21ms]
2026-07-25 17:09:40.255 [info] > git for-each-ref --sort -committerdate --format %(refname)%00%(objectname)%00%(*objectname) [18ms]
2026-07-25 17:09:40.354 [info] > git status -z -uall [119ms]
2026-07-25 17:09:45.366 [info] > git config --get commit.template [7ms]
2026-07-25 17:09:45.381 [info] > git for-each-ref --format=%(refname)%00%(upstream:short)%00%(objectname)%00%(upstream:track)%00%(upstream:remotename)%00%(upstream:remoteref) refs/heads/main refs/remotes/main [18ms]
2026-07-25 17:09:45.402 [info] > git for-each-ref --sort -committerdate --format %(refname)%00%(objectname)%00%(*objectname) [15ms]
2026-07-25 17:09:45.455 [info] > git status -z -uall [70ms]
2026-07-25 17:09:50.466 [info] > git config --get commit.template [5ms]
2026-07-25 17:09:50.480 [info] > git for-each-ref --format=%(refname)%00%(upstream:short)%00%(objectname)%00%(upstream:track)%00%(upstream:remotename)%00%(upstream:remoteref) refs/heads/main refs/remotes/main [16ms]
2026-07-25 17:09:50.500 [info] > git for-each-ref --sort -committerdate --format %(refname)%00%(objectname)%00%(*objectname) [14ms]
2026-07-25 17:09:50.553 [info] > git status -z -uall [69ms]
2026-07-25 17:09:55.564 [info] > git config --get commit.template [5ms]
2026-07-25 17:09:55.577 [info] > git for-each-ref --format=%(refname)%00%(upstream:short)%00%(objectname)%00%(upstream:track)%00%(upstream:remotename)%00%(upstream:remoteref) refs/heads/main refs/remotes/main [15ms]
2026-07-25 17:09:55.598 [info] > git for-each-ref --sort -committerdate --format %(refname)%00%(objectname)%00%(*objectname) [14ms]
2026-07-25 17:09:55.649 [info] > git status -z -uall [67ms]
2026-07-25 17:10:00.584 [info] > git config --get commit.template [6ms]
2026-07-25 17:10:00.598 [info] > git for-each-ref --format=%(refname)%00%(upstream:short)%00%(objectname)%00%(upstream:track)%00%(upstream:remotename)%00%(upstream:remoteref) refs/heads/main refs/remotes/main [17ms]
2026-07-25 17:10:00.618 [info] > git for-each-ref --sort -committerdate --format %(refname)%00%(objectname)%00%(*objectname) [13ms]
2026-07-25 17:10:00.711 [info] > git status -z -uall [108ms]
2026-07-25 17:10:00.721 [info] > git config --get commit.template [6ms]
2026-07-25 17:10:00.733 [info] > git for-each-ref --format=%(refname)%00%(upstream:short)%00%(objectname)%00%(upstream:track)%00%(upstream:remotename)%00%(upstream:remoteref) refs/heads/main refs/remotes/main [15ms]
2026-07-25 17:10:00.753 [info] > git for-each-ref --sort -committerdate --format %(refname)%00%(objectname)%00%(*objectname) [15ms]
2026-07-25 17:10:00.831 [info] > git status -z -uall [95ms]
2026-07-25 17:10:02.014 [info] > git ls-files --stage -- AI-RAG_W3_scripts_stress_test.py [9ms]
2026-07-25 17:10:02.026 [info] > git cat-file -s 26a51319277f7f3a74cc4e4f0988aca2b6e9d95d [10ms]
2026-07-25 17:10:02.314 [info] > git show --textconv :AI-RAG_W3_scripts_stress_test.py [18ms]
2026-07-25 17:10:05.841 [info] > git config --get commit.template [5ms]
2026-07-25 17:10:05.856 [info] > git for-each-ref --format=%(refname)%00%(upstream:short)%00%(objectname)%00%(upstream:track)%00%(upstream:remotename)%00%(upstream:remoteref) refs/heads/main refs/remotes/main [17ms]
2026-07-25 17:10:05.876 [info] > git for-each-ref --sort -committerdate --format %(refname)%00%(objectname)%00%(*objectname) [14ms]
2026-07-25 17:10:05.956 [info] > git status -z -uall [96ms]
2026-07-25 17:10:10.967 [info] > git config --get commit.template [5ms]
2026-07-25 17:10:10.980 [info] > git for-each-ref --format=%(refname)%00%(upstream:short)%00%(objectname)%00%(upstream:track)%00%(upstream:remotename)%00%(upstream:remoteref) refs/heads/main refs/remotes/main [15ms]
2026-07-25 17:10:11.000 [info] > git for-each-ref --sort -committerdate --format %(refname)%00%(objectname)%00%(*objectname) [14ms]
2026-07-25 17:10:11.087 [info] > git status -z -uall [103ms]
2026-07-25 17:10:16.098 [info] > git config --get commit.template [5ms]
2026-07-25 17:10:16.113 [info] > git for-each-ref --format=%(refname)%00%(upstream:short)%00%(objectname)%00%(upstream:track)%00%(upstream:remotename)%00%(upstream:remoteref) refs/heads/main refs/remotes/main [18ms]
2026-07-25 17:10:16.134 [info] > git for-each-ref --sort -committerdate --format %(refname)%00%(objectname)%00%(*objectname) [15ms]
2026-07-25 17:10:16.401 [info] > git status -z -uall [284ms]
2026-07-25 17:10:17.834 [info] > git config --get commit.template [6ms]
2026-07-25 17:10:17.857 [info] > git for-each-ref --format=%(refname)%00%(upstream:short)%00%(objectname)%00%(upstream:track)%00%(upstream:remotename)%00%(upstream:remoteref) refs/heads/main refs/remotes/main [26ms]
2026-07-25 17:10:17.877 [info] > git for-each-ref --sort -committerdate --format %(refname)%00%(objectname)%00%(*objectname) [14ms]
2026-07-25 17:10:17.926 [info] > git status -z -uall [65ms]
2026-07-25 17:10:17.944 [info] > git merge-base refs/heads/main refs/remotes/origin/main [13ms]
2026-07-25 17:10:17.958 [info] > git diff --name-status -z --diff-filter=ADMR 01a59b9ae170b255f0f015d7929ca1b8946286f8...refs/remotes/origin/main [12ms]
2026-07-25 17:10:19.086 [info] > git ls-files --stage -- AI-RAG_W3_scripts_stress_test.py [8ms]
2026-07-25 17:10:19.097 [info] > git cat-file -s 26a51319277f7f3a74cc4e4f0988aca2b6e9d95d [9ms]
2026-07-25 17:10:19.380 [info] > git show --textconv :AI-RAG_W3_scripts_stress_test.py [17ms]
2026-07-25 17:10:21.411 [info] > git config --get commit.template [5ms]
2026-07-25 17:10:21.429 [info] > git for-each-ref --format=%(refname)%00%(upstream:short)%00%(objectname)%00%(upstream:track)%00%(upstream:remotename)%00%(upstream:remoteref) refs/heads/main refs/remotes/main [20ms]
2026-07-25 17:10:21.449 [info] > git for-each-ref --sort -committerdate --format %(refname)%00%(objectname)%00%(*objectname) [13ms]
2026-07-25 17:10:21.499 [info] > git status -z -uall [66ms]
2026-07-25 17:10:26.509 [info] > git config --get commit.template [6ms]
2026-07-25 17:10:26.528 [info] > git for-each-ref --format=%(refname)%00%(upstream:short)%00%(objectname)%00%(upstream:track)%00%(upstream:remotename)%00%(upstream:remoteref) refs/heads/main refs/remotes/main [21ms]
2026-07-25 17:10:26.548 [info] > git for-each-ref --sort -committerdate --format %(refname)%00%(objectname)%00%(*objectname) [14ms]
2026-07-25 17:10:26.601 [info] > git status -z -uall [69ms]
2026-07-25 17:10:28.381 [info] > git ls-files --stage -- AI-RAG_W3_scripts_stress_test.py [9ms]
2026-07-25 17:10:28.394 [info] > git cat-file -s 26a51319277f7f3a74cc4e4f0988aca2b6e9d95d [10ms]
2026-07-25 17:10:28.688 [info] > git show --textconv :AI-RAG_W3_scripts_stress_test.py [20ms]
2026-07-25 17:10:31.613 [info] > git config --get commit.template [6ms]
2026-07-25 17:10:31.630 [info] > git for-each-ref --format=%(refname)%00%(upstream:short)%00%(objectname)%00%(upstream:track)%00%(upstream:remotename)%00%(upstream:remoteref) refs/heads/main refs/remotes/main [21ms]
2026-07-25 17:10:31.652 [info] > git for-each-ref --sort -committerdate --format %(refname)%00%(objectname)%00%(*objectname) [15ms]
2026-07-25 17:10:31.708 [info] > git status -z -uall [74ms]
2026-07-25 17:10:36.717 [info] > git config --get commit.template [5ms]
2026-07-25 17:10:36.736 [info] > git for-each-ref --format=%(refname)%00%(upstream:short)%00%(objectname)%00%(upstream:track)%00%(upstream:remotename)%00%(upstream:remoteref) refs/heads/main refs/remotes/main [21ms]
2026-07-25 17:10:36.759 [info] > git for-each-ref --sort -committerdate --format %(refname)%00%(objectname)%00%(*objectname) [16ms]
2026-07-25 17:10:36.809 [info] > git status -z -uall [69ms]
2026-07-25 17:10:41.820 [info] > git config --get commit.template [5ms]
2026-07-25 17:10:41.837 [info] > git for-each-ref --format=%(refname)%00%(upstream:short)%00%(objectname)%00%(upstream:track)%00%(upstream:remotename)%00%(upstream:remoteref) refs/heads/main refs/remotes/main [19ms]
2026-07-25 17:10:41.857 [info] > git for-each-ref --sort -committerdate --format %(refname)%00%(objectname)%00%(*objectname) [14ms]
2026-07-25 17:10:41.915 [info] > git status -z -uall [74ms]
2026-07-25 17:10:46.927 [info] > git config --get commit.template [6ms]
2026-07-25 17:10:46.947 [info] > git for-each-ref --format=%(refname)%00%(upstream:short)%00%(objectname)%00%(upstream:track)%00%(upstream:remotename)%00%(upstream:remoteref) refs/heads/main refs/remotes/main [24ms]
2026-07-25 17:10:46.973 [info] > git for-each-ref --sort -committerdate --format %(refname)%00%(objectname)%00%(*objectname) [20ms]
2026-07-25 17:10:47.028 [info] > git status -z -uall [77ms]
2026-07-25 17:10:52.039 [info] > git config --get commit.template [6ms]
2026-07-25 17:10:52.057 [info] > git for-each-ref --format=%(refname)%00%(upstream:short)%00%(objectname)%00%(upstream:track)%00%(upstream:remotename)%00%(upstream:remoteref) refs/heads/main refs/remotes/main [20ms]
2026-07-25 17:10:52.078 [info] > git for-each-ref --sort -committerdate --format %(refname)%00%(objectname)%00%(*objectname) [14ms]
2026-07-25 17:10:52.135 [info] > git status -z -uall [74ms]
2026-07-25 17:10:57.146 [info] > git config --get commit.template [7ms]
2026-07-25 17:10:57.163 [info] > git for-each-ref --format=%(refname)%00%(upstream:short)%00%(objectname)%00%(upstream:track)%00%(upstream:remotename)%00%(upstream:remoteref) refs/heads/main refs/remotes/main [21ms]
2026-07-25 17:10:57.183 [info] > git for-each-ref --sort -committerdate --format %(refname)%00%(objectname)%00%(*objectname) [14ms]
2026-07-25 17:10:57.244 [info] > git status -z -uall [78ms]
2026-07-25 17:11:02.254 [info] > git config --get commit.template [6ms]
2026-07-25 17:11:02.271 [info] > git for-each-ref --format=%(refname)%00%(upstream:short)%00%(objectname)%00%(upstream:track)%00%(upstream:remotename)%00%(upstream:remoteref) refs/heads/main refs/remotes/main [21ms]
2026-07-25 17:11:02.293 [info] > git for-each-ref --sort -committerdate --format %(refname)%00%(objectname)%00%(*objectname) [16ms]
2026-07-25 17:11:02.350 [info] > git status -z -uall [75ms]
2026-07-25 17:11:26.569 [info] > git config --get commit.template [8ms]
2026-07-25 17:11:26.591 [info] > git for-each-ref --format=%(refname)%00%(upstream:short)%00%(objectname)%00%(upstream:track)%00%(upstream:remotename)%00%(upstream:remoteref) refs/heads/main refs/remotes/main [27ms]
2026-07-25 17:11:26.614 [info] > git for-each-ref --sort -committerdate --format %(refname)%00%(objectname)%00%(*objectname) [16ms]
2026-07-25 17:11:26.854 [info] > git status -z -uall [259ms]
2026-07-25 17:11:31.865 [info] > git config --get commit.template [5ms]
2026-07-25 17:11:31.882 [info] > git for-each-ref --format=%(refname)%00%(upstream:short)%00%(objectname)%00%(upstream:track)%00%(upstream:remotename)%00%(upstream:remoteref) refs/heads/main refs/remotes/main [19ms]
2026-07-25 17:11:31.902 [info] > git for-each-ref --sort -committerdate --format %(refname)%00%(objectname)%00%(*objectname) [15ms]
2026-07-25 17:11:31.964 [info] > git status -z -uall [78ms]
2026-07-25 17:11:36.974 [info] > git config --get commit.template [5ms]
2026-07-25 17:11:36.992 [info] > git for-each-ref --format=%(refname)%00%(upstream:short)%00%(objectname)%00%(upstream:track)%00%(upstream:remotename)%00%(upstream:remoteref) refs/heads/main refs/remotes/main [20ms]
2026-07-25 17:11:37.012 [info] > git for-each-ref --sort -committerdate --format %(refname)%00%(objectname)%00%(*objectname) [15ms]
2026-07-25 17:11:37.067 [info] > git status -z -uall [72ms]
2026-07-25 17:11:42.078 [info] > git config --get commit.template [6ms]
2026-07-25 17:11:42.097 [info] > git for-each-ref --format=%(refname)%00%(upstream:short)%00%(objectname)%00%(upstream:track)%00%(upstream:remotename)%00%(upstream:remoteref) refs/heads/main refs/remotes/main [22ms]
2026-07-25 17:11:42.119 [info] > git for-each-ref --sort -committerdate --format %(refname)%00%(objectname)%00%(*objectname) [16ms]
2026-07-25 17:11:42.179 [info] > git status -z -uall [78ms]
2026-07-25 17:11:47.190 [info] > git config --get commit.template [5ms]
2026-07-25 17:11:47.207 [info] > git for-each-ref --format=%(refname)%00%(upstream:short)%00%(objectname)%00%(upstream:track)%00%(upstream:remotename)%00%(upstream:remoteref) refs/heads/main refs/remotes/main [19ms]
2026-07-25 17:11:47.228 [info] > git for-each-ref --sort -committerdate --format %(refname)%00%(objectname)%00%(*objectname) [15ms]
2026-07-25 17:11:47.287 [info] > git status -z -uall [76ms]
2026-07-25 17:11:52.298 [info] > git config --get commit.template [6ms]
2026-07-25 17:11:52.316 [info] > git for-each-ref --format=%(refname)%00%(upstream:short)%00%(objectname)%00%(upstream:track)%00%(upstream:remotename)%00%(upstream:remoteref) refs/heads/main refs/remotes/main [20ms]
2026-07-25 17:11:52.339 [info] > git for-each-ref --sort -committerdate --format %(refname)%00%(objectname)%00%(*objectname) [18ms]
2026-07-25 17:11:52.395 [info] > git status -z -uall [76ms]
2026-07-25 17:11:57.406 [info] > git config --get commit.template [6ms]
2026-07-25 17:11:57.422 [info] > git for-each-ref --format=%(refname)%00%(upstream:short)%00%(objectname)%00%(upstream:track)%00%(upstream:remotename)%00%(upstream:remoteref) refs/heads/main refs/remotes/main [19ms]
2026-07-25 17:11:57.443 [info] > git for-each-ref --sort -committerdate --format %(refname)%00%(objectname)%00%(*objectname) [14ms]
2026-07-25 17:11:57.498 [info] > git status -z -uall [72ms]
2026-07-25 17:12:02.509 [info] > git config --get commit.template [6ms]
2026-07-25 17:12:02.528 [info] > git for-each-ref --format=%(refname)%00%(upstream:short)%00%(objectname)%00%(upstream:track)%00%(upstream:remotename)%00%(upstream:remoteref) refs/heads/main refs/remotes/main [20ms]
2026-07-25 17:12:02.551 [info] > git for-each-ref --sort -committerdate --format %(refname)%00%(objectname)%00%(*objectname) [17ms]
2026-07-25 17:12:02.607 [info] > git status -z -uall [75ms]
2026-07-25 17:12:07.617 [info] > git config --get commit.template [5ms]
2026-07-25 17:12:07.634 [info] > git for-each-ref --format=%(refname)%00%(upstream:short)%00%(objectname)%00%(upstream:track)%00%(upstream:remotename)%00%(upstream:remoteref) refs/heads/main refs/remotes/main [19ms]
2026-07-25 17:12:07.654 [info] > git for-each-ref --sort -committerdate --format %(refname)%00%(objectname)%00%(*objectname) [14ms]
2026-07-25 17:12:07.709 [info] > git status -z -uall [71ms]
2026-07-25 17:12:12.720 [info] > git config --get commit.template [6ms]
2026-07-25 17:12:12.737 [info] > git for-each-ref --format=%(refname)%00%(upstream:short)%00%(objectname)%00%(upstream:track)%00%(upstream:remotename)%00%(upstream:remoteref) refs/heads/main refs/remotes/main [20ms]
2026-07-25 17:12:12.756 [info] > git for-each-ref --sort -committerdate --format %(refname)%00%(objectname)%00%(*objectname) [13ms]
2026-07-25 17:12:12.811 [info] > git status -z -uall [71ms]
2026-07-25 17:12:17.821 [info] > git config --get commit.template [6ms]
2026-07-25 17:12:17.837 [info] > git for-each-ref --format=%(refname)%00%(upstream:short)%00%(objectname)%00%(upstream:track)%00%(upstream:remotename)%00%(upstream:remoteref) refs/heads/main refs/remotes/main [19ms]
2026-07-25 17:12:17.858 [info] > git for-each-ref --sort -committerdate --format %(refname)%00%(objectname)%00%(*objectname) [14ms]
2026-07-25 17:12:17.911 [info] > git status -z -uall [70ms]
2026-07-25 17:12:22.921 [info] > git config --get commit.template [5ms]
2026-07-25 17:12:22.939 [info] > git for-each-ref --format=%(refname)%00%(upstream:short)%00%(objectname)%00%(upstream:track)%00%(upstream:remotename)%00%(upstream:remoteref) refs/heads/main refs/remotes/main [20ms]
2026-07-25 17:12:22.960 [info] > git for-each-ref --sort -committerdate --format %(refname)%00%(objectname)%00%(*objectname) [14ms]
2026-07-25 17:12:23.018 [info] > git status -z -uall [75ms]
2026-07-25 17:12:28.450 [info] > git config --get commit.template [6ms]
2026-07-25 17:12:28.471 [info] > git for-each-ref --format=%(refname)%00%(upstream:short)%00%(objectname)%00%(upstream:track)%00%(upstream:remotename)%00%(upstream:remoteref) refs/heads/main refs/remotes/main [25ms]
2026-07-25 17:12:28.494 [info] > git for-each-ref --sort -committerdate --format %(refname)%00%(objectname)%00%(*objectname) [15ms]
2026-07-25 17:12:28.720 [info] > git status -z -uall [244ms]
2026-07-25 17:12:38.475 [info] > git config --get commit.template [7ms]
2026-07-25 17:12:38.493 [info] > git for-each-ref --format=%(refname)%00%(upstream:short)%00%(objectname)%00%(upstream:track)%00%(upstream:remotename)%00%(upstream:remoteref) refs/heads/main refs/remotes/main [22ms]
2026-07-25 17:12:38.518 [info] > git for-each-ref --sort -committerdate --format %(refname)%00%(objectname)%00%(*objectname) [18ms]
2026-07-25 17:12:38.585 [info] > git status -z -uall [88ms]
2026-07-25 17:12:43.596 [info] > git config --get commit.template [6ms]
2026-07-25 17:12:43.615 [info] > git for-each-ref --format=%(refname)%00%(upstream:short)%00%(objectname)%00%(upstream:track)%00%(upstream:remotename)%00%(upstream:remoteref) refs/heads/main refs/remotes/main [22ms]
2026-07-25 17:12:43.637 [info] > git for-each-ref --sort -committerdate --format %(refname)%00%(objectname)%00%(*objectname) [17ms]
2026-07-25 17:12:43.694 [info] > git status -z -uall [76ms]
2026-07-25 17:12:48.706 [info] > git config --get commit.template [7ms]
2026-07-25 17:12:48.728 [info] > git for-each-ref --format=%(refname)%00%(upstream:short)%00%(objectname)%00%(upstream:track)%00%(upstream:remotename)%00%(upstream:remoteref) refs/heads/main refs/remotes/main [26ms]
2026-07-25 17:12:48.754 [info] > git for-each-ref --sort -committerdate --format %(refname)%00%(objectname)%00%(*objectname) [19ms]
2026-07-25 17:12:48.840 [info] > git status -z -uall [107ms]
2026-07-25 17:12:51.489 [info] > git config --get commit.template [8ms]
2026-07-25 17:12:51.506 [info] > git for-each-ref --format=%(refname)%00%(upstream:short)%00%(objectname)%00%(upstream:track)%00%(upstream:remotename)%00%(upstream:remoteref) refs/heads/main refs/remotes/main [22ms]
2026-07-25 17:12:51.533 [info] > git for-each-ref --sort -committerdate --format %(refname)%00%(objectname)%00%(*objectname) [20ms]
2026-07-25 17:12:51.586 [info] > git status -z -uall [75ms]
2026-07-25 17:12:51.605 [info] > git merge-base refs/heads/main refs/remotes/origin/main [15ms]
2026-07-25 17:12:51.625 [info] > git diff --name-status -z --diff-filter=ADMR 4e3886d67916f3302267fc4de605810706694031...refs/remotes/origin/main [17ms]
2026-07-25 17:12:53.038 [info] > git ls-files --stage -- AI-RAG_W3_scripts_stress_test.py [10ms]
2026-07-25 17:12:53.051 [info] > git cat-file -s 26a51319277f7f3a74cc4e4f0988aca2b6e9d95d [11ms]
2026-07-25 17:12:53.339 [info] > git show --textconv :AI-RAG_W3_scripts_stress_test.py [19ms]
2026-07-25 17:12:53.850 [info] > git config --get commit.template [6ms]
2026-07-25 17:12:53.868 [info] > git for-each-ref --format=%(refname)%00%(upstream:short)%00%(objectname)%00%(upstream:track)%00%(upstream:remotename)%00%(upstream:remoteref) refs/heads/main refs/remotes/main [21ms]
2026-07-25 17:12:53.890 [info] > git for-each-ref --sort -committerdate --format %(refname)%00%(objectname)%00%(*objectname) [16ms]
2026-07-25 17:12:53.950 [info] > git status -z -uall [79ms]
2026-07-25 17:13:06.100 [info] > git config --get commit.template [6ms]
2026-07-25 17:13:06.119 [info] > git for-each-ref --format=%(refname)%00%(upstream:short)%00%(objectname)%00%(upstream:track)%00%(upstream:remotename)%00%(upstream:remoteref) refs/heads/main refs/remotes/main [22ms]
2026-07-25 17:13:06.141 [info] > git for-each-ref --sort -committerdate --format %(refname)%00%(objectname)%00%(*objectname) [17ms]
2026-07-25 17:13:06.200 [info] > git status -z -uall [78ms]
2026-07-25 17:13:11.211 [info] > git config --get commit.template [6ms]
2026-07-25 17:13:11.226 [info] > git for-each-ref --format=%(refname)%00%(upstream:short)%00%(objectname)%00%(upstream:track)%00%(upstream:remotename)%00%(upstream:remoteref) refs/heads/main refs/remotes/main [19ms]
2026-07-25 17:13:11.249 [info] > git for-each-ref --sort -committerdate --format %(refname)%00%(objectname)%00%(*objectname) [17ms]
2026-07-25 17:13:11.310 [info] > git status -z -uall [80ms]
2026-07-25 17:15:45.312 [info] > git config --get commit.template [8ms]
2026-07-25 17:15:45.334 [info] > git for-each-ref --format=%(refname)%00%(upstream:short)%00%(objectname)%00%(upstream:track)%00%(upstream:remotename)%00%(upstream:remoteref) refs/heads/main refs/remotes/main [27ms]
2026-07-25 17:15:45.363 [info] > git for-each-ref --sort -committerdate --format %(refname)%00%(objectname)%00%(*objectname) [22ms]
2026-07-25 17:15:45.655 [info] > git status -z -uall [317ms]
2026-07-25 17:15:48.719 [info] > git check-ignore -v -z --stdin [15ms]
2026-07-25 17:15:50.666 [info] > git config --get commit.template [6ms]
2026-07-25 17:15:50.685 [info] > git for-each-ref --format=%(refname)%00%(upstream:short)%00%(objectname)%00%(upstream:track)%00%(upstream:remotename)%00%(upstream:remoteref) refs/heads/main refs/remotes/main [21ms]
2026-07-25 17:15:50.709 [info] > git for-each-ref --sort -committerdate --format %(refname)%00%(objectname)%00%(*objectname) [19ms]
2026-07-25 17:15:50.775 [info] > git status -z -uall [87ms]
2026-07-25 17:16:18.076 [info] > git config --get commit.template [6ms]
2026-07-25 17:16:18.094 [info] > git for-each-ref --format=%(refname)%00%(upstream:short)%00%(objectname)%00%(upstream:track)%00%(upstream:remotename)%00%(upstream:remoteref) refs/heads/main refs/remotes/main [22ms]
2026-07-25 17:16:18.122 [info] > git for-each-ref --sort -committerdate --format %(refname)%00%(objectname)%00%(*objectname) [20ms]
2026-07-25 17:16:18.235 [info] > git status -z -uall [135ms]
2026-07-25 17:16:23.247 [info] > git config --get commit.template [6ms]
2026-07-25 17:16:23.264 [info] > git for-each-ref --format=%(refname)%00%(upstream:short)%00%(objectname)%00%(upstream:track)%00%(upstream:remotename)%00%(upstream:remoteref) refs/heads/main refs/remotes/main [20ms]
2026-07-25 17:16:23.286 [info] > git for-each-ref --sort -committerdate --format %(refname)%00%(objectname)%00%(*objectname) [17ms]
2026-07-25 17:16:23.359 [info] > git status -z -uall [92ms]
2026-07-25 17:16:28.371 [info] > git config --get commit.template [6ms]
2026-07-25 17:16:28.388 [info] > git for-each-ref --format=%(refname)%00%(upstream:short)%00%(objectname)%00%(upstream:track)%00%(upstream:remotename)%00%(upstream:remoteref) refs/heads/main refs/remotes/main [20ms]
2026-07-25 17:16:28.409 [info] > git for-each-ref --sort -committerdate --format %(refname)%00%(objectname)%00%(*objectname) [15ms]
2026-07-25 17:16:28.479 [info] > git status -z -uall [87ms]
2026-07-25 17:16:33.491 [info] > git config --get commit.template [7ms]
2026-07-25 17:16:33.508 [info] > git for-each-ref --format=%(refname)%00%(upstream:short)%00%(objectname)%00%(upstream:track)%00%(upstream:remotename)%00%(upstream:remoteref) refs/heads/main refs/remotes/main [21ms]
2026-07-25 17:16:33.531 [info] > git for-each-ref --sort -committerdate --format %(refname)%00%(objectname)%00%(*objectname) [17ms]
2026-07-25 17:16:33.605 [info] > git status -z -uall [93ms]
2026-07-25 17:16:38.618 [info] > git config --get commit.template [8ms]
2026-07-25 17:16:38.635 [info] > git for-each-ref --format=%(refname)%00%(upstream:short)%00%(objectname)%00%(upstream:track)%00%(upstream:remotename)%00%(upstream:remoteref) refs/heads/main refs/remotes/main [22ms]
2026-07-25 17:16:38.664 [info] > git for-each-ref --sort -committerdate --format %(refname)%00%(objectname)%00%(*objectname) [23ms]
2026-07-25 17:16:38.738 [info] > git status -z -uall [99ms]
2026-07-25 17:16:43.750 [info] > git config --get commit.template [6ms]
2026-07-25 17:16:43.767 [info] > git for-each-ref --format=%(refname)%00%(upstream:short)%00%(objectname)%00%(upstream:track)%00%(upstream:remotename)%00%(upstream:remoteref) refs/heads/main refs/remotes/main [20ms]
2026-07-25 17:16:43.790 [info] > git for-each-ref --sort -committerdate --format %(refname)%00%(objectname)%00%(*objectname) [17ms]
2026-07-25 17:16:43.863 [info] > git status -z -uall [92ms]
2026-07-25 17:16:48.876 [info] > git config --get commit.template [7ms]
2026-07-25 17:16:48.894 [info] > git for-each-ref --format=%(refname)%00%(upstream:short)%00%(objectname)%00%(upstream:track)%00%(upstream:remotename)%00%(upstream:remoteref) refs/heads/main refs/remotes/main [22ms]
2026-07-25 17:16:48.916 [info] > git for-each-ref --sort -committerdate --format %(refname)%00%(objectname)%00%(*objectname) [15ms]
2026-07-25 17:16:49.169 [info] > git status -z -uall [271ms]
2026-07-25 17:16:54.181 [info] > git config --get commit.template [6ms]
2026-07-25 17:16:54.198 [info] > git for-each-ref --format=%(refname)%00%(upstream:short)%00%(objectname)%00%(upstream:track)%00%(upstream:remotename)%00%(upstream:remoteref) refs/heads/main refs/remotes/main [20ms]
2026-07-25 17:16:54.222 [info] > git for-each-ref --sort -committerdate --format %(refname)%00%(objectname)%00%(*objectname) [17ms]
2026-07-25 17:16:54.296 [info] > git status -z -uall [93ms]
2026-07-25 17:16:59.306 [info] > git config --get commit.template [6ms]
2026-07-25 17:16:59.324 [info] > git for-each-ref --format=%(refname)%00%(upstream:short)%00%(objectname)%00%(upstream:track)%00%(upstream:remotename)%00%(upstream:remoteref) refs/heads/main refs/remotes/main [19ms]
2026-07-25 17:16:59.346 [info] > git for-each-ref --sort -committerdate --format %(refname)%00%(objectname)%00%(*objectname) [16ms]
2026-07-25 17:16:59.408 [info] > git status -z -uall [80ms]
2026-07-25 17:17:04.420 [info] > git config --get commit.template [6ms]
2026-07-25 17:17:04.437 [info] > git for-each-ref --format=%(refname)%00%(upstream:short)%00%(objectname)%00%(upstream:track)%00%(upstream:remotename)%00%(upstream:remoteref) refs/heads/main refs/remotes/main [20ms]
2026-07-25 17:17:04.460 [info] > git for-each-ref --sort -committerdate --format %(refname)%00%(objectname)%00%(*objectname) [17ms]
2026-07-25 17:17:04.524 [info] > git status -z -uall [83ms]
2026-07-25 17:17:09.537 [info] > git config --get commit.template [8ms]
2026-07-25 17:17:09.554 [info] > git for-each-ref --format=%(refname)%00%(upstream:short)%00%(objectname)%00%(upstream:track)%00%(upstream:remotename)%00%(upstream:remoteref) refs/heads/main refs/remotes/main [22ms]
2026-07-25 17:17:09.579 [info] > git for-each-ref --sort -committerdate --format %(refname)%00%(objectname)%00%(*objectname) [19ms]
2026-07-25 17:17:09.642 [info] > git status -z -uall [84ms]
2026-07-25 17:17:14.656 [info] > git config --get commit.template [8ms]
2026-07-25 17:17:14.675 [info] > git for-each-ref --format=%(refname)%00%(upstream:short)%00%(objectname)%00%(upstream:track)%00%(upstream:remotename)%00%(upstream:remoteref) refs/heads/main refs/remotes/main [23ms]
2026-07-25 17:17:14.699 [info] > git for-each-ref --sort -committerdate --format %(refname)%00%(objectname)%00%(*objectname) [18ms]
2026-07-25 17:17:14.773 [info] > git status -z -uall [93ms]
2026-07-25 17:17:19.785 [info] > git config --get commit.template [7ms]
2026-07-25 17:17:19.802 [info] > git for-each-ref --format=%(refname)%00%(upstream:short)%00%(objectname)%00%(upstream:track)%00%(upstream:remotename)%00%(upstream:remoteref) refs/heads/main refs/remotes/main [21ms]
2026-07-25 17:17:19.826 [info] > git for-each-ref --sort -committerdate --format %(refname)%00%(objectname)%00%(*objectname) [16ms]
2026-07-25 17:17:19.889 [info] > git status -z -uall [82ms]
2026-07-25 17:17:24.903 [info] > git config --get commit.template [7ms]
2026-07-25 17:17:24.920 [info] > git for-each-ref --format=%(refname)%00%(upstream:short)%00%(objectname)%00%(upstream:track)%00%(upstream:remotename)%00%(upstream:remoteref) refs/heads/main refs/remotes/main [22ms]
2026-07-25 17:17:24.946 [info] > git for-each-ref --sort -committerdate --format %(refname)%00%(objectname)%00%(*objectname) [20ms]
2026-07-25 17:17:25.024 [info] > git status -z -uall [100ms]
2026-07-25 17:17:30.035 [info] > git config --get commit.template [6ms]
2026-07-25 17:17:30.052 [info] > git for-each-ref --format=%(refname)%00%(upstream:short)%00%(objectname)%00%(upstream:track)%00%(upstream:remotename)%00%(upstream:remoteref) refs/heads/main refs/remotes/main [20ms]
2026-07-25 17:17:30.075 [info] > git for-each-ref --sort -committerdate --format %(refname)%00%(objectname)%00%(*objectname) [17ms]
2026-07-25 17:17:30.144 [info] > git status -z -uall [88ms]
2026-07-25 17:17:35.157 [info] > git config --get commit.template [8ms]
2026-07-25 17:17:35.175 [info] > git for-each-ref --format=%(refname)%00%(upstream:short)%00%(objectname)%00%(upstream:track)%00%(upstream:remotename)%00%(upstream:remoteref) refs/heads/main refs/remotes/main [23ms]
2026-07-25 17:17:35.202 [info] > git for-each-ref --sort -committerdate --format %(refname)%00%(objectname)%00%(*objectname) [20ms]
2026-07-25 17:17:35.278 [info] > git status -z -uall [98ms]
2026-07-25 17:17:40.291 [info] > git config --get commit.template [8ms]
2026-07-25 17:17:40.309 [info] > git for-each-ref --format=%(refname)%00%(upstream:short)%00%(objectname)%00%(upstream:track)%00%(upstream:remotename)%00%(upstream:remoteref) refs/heads/main refs/remotes/main [22ms]
2026-07-25 17:17:40.331 [info] > git for-each-ref --sort -committerdate --format %(refname)%00%(objectname)%00%(*objectname) [16ms]
2026-07-25 17:17:40.391 [info] > git status -z -uall [79ms]
2026-07-25 17:17:45.404 [info] > git config --get commit.template [8ms]
2026-07-25 17:17:45.422 [info] > git for-each-ref --format=%(refname)%00%(upstream:short)%00%(objectname)%00%(upstream:track)%00%(upstream:remotename)%00%(upstream:remoteref) refs/heads/main refs/remotes/main [22ms]
2026-07-25 17:17:45.446 [info] > git for-each-ref --sort -committerdate --format %(refname)%00%(objectname)%00%(*objectname) [17ms]
2026-07-25 17:17:45.510 [info] > git status -z -uall [84ms]
2026-07-25 17:17:50.523 [info] > git config --get commit.template [7ms]
2026-07-25 17:17:50.542 [info] > git for-each-ref --format=%(refname)%00%(upstream:short)%00%(objectname)%00%(upstream:track)%00%(upstream:remotename)%00%(upstream:remoteref) refs/heads/main refs/remotes/main [23ms]
2026-07-25 17:17:50.566 [info] > git for-each-ref --sort -committerdate --format %(refname)%00%(objectname)%00%(*objectname) [17ms]
2026-07-25 17:17:50.823 [info] > git status -z -uall [277ms]
2026-07-25 17:17:55.834 [info] > git config --get commit.template [6ms]
2026-07-25 17:17:55.851 [info] > git for-each-ref --format=%(refname)%00%(upstream:short)%00%(objectname)%00%(upstream:track)%00%(upstream:remotename)%00%(upstream:remoteref) refs/heads/main refs/remotes/main [20ms]
2026-07-25 17:17:55.873 [info] > git for-each-ref --sort -committerdate --format %(refname)%00%(objectname)%00%(*objectname) [16ms]
2026-07-25 17:17:55.942 [info] > git status -z -uall [88ms]
2026-07-25 17:18:00.953 [info] > git config --get commit.template [6ms]
2026-07-25 17:18:00.969 [info] > git for-each-ref --format=%(refname)%00%(upstream:short)%00%(objectname)%00%(upstream:track)%00%(upstream:remotename)%00%(upstream:remoteref) refs/heads/main refs/remotes/main [19ms]
2026-07-25 17:18:00.993 [info] > git for-each-ref --sort -committerdate --format %(refname)%00%(objectname)%00%(*objectname) [17ms]
2026-07-25 17:18:01.057 [info] > git status -z -uall [83ms]
2026-07-25 17:18:06.068 [info] > git config --get commit.template [6ms]
2026-07-25 17:18:06.084 [info] > git for-each-ref --format=%(refname)%00%(upstream:short)%00%(objectname)%00%(upstream:track)%00%(upstream:remotename)%00%(upstream:remoteref) refs/heads/main refs/remotes/main [19ms]
2026-07-25 17:18:06.109 [info] > git for-each-ref --sort -committerdate --format %(refname)%00%(objectname)%00%(*objectname) [18ms]
2026-07-25 17:18:06.170 [info] > git status -z -uall [81ms]
2026-07-25 17:18:09.465 [info] > git config --get commit.template [8ms]
2026-07-25 17:18:09.486 [info] > git for-each-ref --format=%(refname)%00%(upstream:short)%00%(objectname)%00%(upstream:track)%00%(upstream:remotename)%00%(upstream:remoteref) refs/heads/main refs/remotes/main [25ms]
2026-07-25 17:18:09.510 [info] > git for-each-ref --sort -committerdate --format %(refname)%00%(objectname)%00%(*objectname) [18ms]
2026-07-25 17:18:09.591 [info] > git status -z -uall [101ms]
2026-07-25 17:18:11.181 [info] > git config --get commit.template [6ms]
2026-07-25 17:18:11.198 [info] > git for-each-ref --format=%(refname)%00%(upstream:short)%00%(objectname)%00%(upstream:track)%00%(upstream:remotename)%00%(upstream:remoteref) refs/heads/main refs/remotes/main [20ms]
2026-07-25 17:18:11.220 [info] > git for-each-ref --sort -committerdate --format %(refname)%00%(objectname)%00%(*objectname) [17ms]
2026-07-25 17:18:11.289 [info] > git status -z -uall [88ms]
2026-07-25 17:18:16.301 [info] > git config --get commit.template [6ms]
2026-07-25 17:18:16.318 [info] > git for-each-ref --format=%(refname)%00%(upstream:short)%00%(objectname)%00%(upstream:track)%00%(upstream:remotename)%00%(upstream:remoteref) refs/heads/main refs/remotes/main [19ms]
2026-07-25 17:18:16.340 [info] > git for-each-ref --sort -committerdate --format %(refname)%00%(objectname)%00%(*objectname) [17ms]
2026-07-25 17:18:16.415 [info] > git status -z -uall [94ms]
2026-07-25 17:18:21.427 [info] > git config --get commit.template [7ms]
2026-07-25 17:18:21.445 [info] > git for-each-ref --format=%(refname)%00%(upstream:short)%00%(objectname)%00%(upstream:track)%00%(upstream:remotename)%00%(upstream:remoteref) refs/heads/main refs/remotes/main [20ms]
2026-07-25 17:18:21.469 [info] > git for-each-ref --sort -committerdate --format %(refname)%00%(objectname)%00%(*objectname) [17ms]
2026-07-25 17:18:21.569 [info] > git status -z -uall [120ms]
2026-07-25 17:18:27.287 [info] > git config --get commit.template [6ms]
2026-07-25 17:18:27.304 [info] > git for-each-ref --format=%(refname)%00%(upstream:short)%00%(objectname)%00%(upstream:track)%00%(upstream:remotename)%00%(upstream:remoteref) refs/heads/main refs/remotes/main [20ms]
2026-07-25 17:18:27.327 [info] > git for-each-ref --sort -committerdate --format %(refname)%00%(objectname)%00%(*objectname) [17ms]
2026-07-25 17:18:27.400 [info] > git status -z -uall [92ms]
2026-07-25 17:18:32.412 [info] > git config --get commit.template [6ms]
2026-07-25 17:18:32.428 [info] > git for-each-ref --format=%(refname)%00%(upstream:short)%00%(objectname)%00%(upstream:track)%00%(upstream:remotename)%00%(upstream:remoteref) refs/heads/main refs/remotes/main [20ms]
2026-07-25 17:18:32.453 [info] > git for-each-ref --sort -committerdate --format %(refname)%00%(objectname)%00%(*objectname) [19ms]
2026-07-25 17:18:32.533 [info] > git status -z -uall [101ms]
2026-07-25 17:18:37.545 [info] > git config --get commit.template [6ms]
2026-07-25 17:18:37.562 [info] > git for-each-ref --format=%(refname)%00%(upstream:short)%00%(objectname)%00%(upstream:track)%00%(upstream:remotename)%00%(upstream:remoteref) refs/heads/main refs/remotes/main [20ms]
2026-07-25 17:18:37.586 [info] > git for-each-ref --sort -committerdate --format %(refname)%00%(objectname)%00%(*objectname) [17ms]
2026-07-25 17:18:37.661 [info] > git status -z -uall [95ms]
2026-07-25 17:18:42.673 [info] > git config --get commit.template [6ms]
2026-07-25 17:18:42.690 [info] > git for-each-ref --format=%(refname)%00%(upstream:short)%00%(objectname)%00%(upstream:track)%00%(upstream:remotename)%00%(upstream:remoteref) refs/heads/main refs/remotes/main [21ms]
2026-07-25 17:18:42.714 [info] > git for-each-ref --sort -committerdate --format %(refname)%00%(objectname)%00%(*objectname) [17ms]
2026-07-25 17:18:42.791 [info] > git status -z -uall [96ms]
2026-07-25 17:18:47.803 [info] > git config --get commit.template [6ms]
2026-07-25 17:18:47.821 [info] > git for-each-ref --format=%(refname)%00%(upstream:short)%00%(objectname)%00%(upstream:track)%00%(upstream:remotename)%00%(upstream:remoteref) refs/heads/main refs/remotes/main [21ms]
2026-07-25 17:18:47.843 [info] > git for-each-ref --sort -committerdate --format %(refname)%00%(objectname)%00%(*objectname) [16ms]
2026-07-25 17:18:47.941 [info] > git status -z -uall [116ms]
2026-07-25 17:18:49.855 [info] > git config --get commit.template [7ms]
2026-07-25 17:18:49.888 [info] > git for-each-ref --format=%(refname)%00%(upstream:short)%00%(objectname)%00%(upstream:track)%00%(upstream:remotename)%00%(upstream:remoteref) refs/heads/main refs/remotes/main [37ms]
2026-07-25 17:18:49.918 [info] > git for-each-ref --sort -committerdate --format %(refname)%00%(objectname)%00%(*objectname) [22ms]
2026-07-25 17:18:49.976 [info] > git status -z -uall [83ms]
2026-07-25 17:18:49.998 [info] > git merge-base refs/heads/main refs/remotes/origin/main [18ms]
2026-07-25 17:18:50.019 [info] > git diff --name-status -z --diff-filter=ADMR 4e3886d67916f3302267fc4de605810706694031...refs/remotes/origin/main [18ms]
2026-07-25 17:18:52.952 [info] > git config --get commit.template [6ms]
2026-07-25 17:18:52.974 [info] > git for-each-ref --format=%(refname)%00%(upstream:short)%00%(objectname)%00%(upstream:track)%00%(upstream:remotename)%00%(upstream:remoteref) refs/heads/main refs/remotes/main [25ms]
2026-07-25 17:18:52.998 [info] > git for-each-ref --sort -committerdate --format %(refname)%00%(objectname)%00%(*objectname) [18ms]
2026-07-25 17:18:53.255 [info] > git status -z -uall [277ms]
2026-07-25 17:18:58.267 [info] > git config --get commit.template [7ms]
2026-07-25 17:18:58.288 [info] > git for-each-ref --format=%(refname)%00%(upstream:short)%00%(objectname)%00%(upstream:track)%00%(upstream:remotename)%00%(upstream:remoteref) refs/heads/main refs/remotes/main [25ms]
2026-07-25 17:18:58.312 [info] > git for-each-ref --sort -committerdate --format %(refname)%00%(objectname)%00%(*objectname) [16ms]
2026-07-25 17:18:58.385 [info] > git status -z -uall [93ms]
2026-07-25 17:19:01.357 [info] > git config --get commit.template [8ms]
2026-07-25 17:19:01.374 [info] > git for-each-ref --format=%(refname)%00%(upstream:short)%00%(objectname)%00%(upstream:track)%00%(upstream:remotename)%00%(upstream:remoteref) refs/heads/main refs/remotes/main [22ms]
2026-07-25 17:19:01.401 [info] > git for-each-ref --sort -committerdate --format %(refname)%00%(objectname)%00%(*objectname) [20ms]
2026-07-25 17:19:01.475 [info] > git status -z -uall [96ms]
2026-07-25 17:19:01.495 [info] > git merge-base refs/heads/main refs/remotes/origin/main [16ms]
2026-07-25 17:19:01.515 [info] > git diff --name-status -z --diff-filter=ADMR c70213761a1b234dac74df97e7eb728a02379d4b...refs/remotes/origin/main [17ms]
2026-07-25 17:19:03.399 [info] > git config --get commit.template [7ms]
2026-07-25 17:19:03.417 [info] > git for-each-ref --format=%(refname)%00%(upstream:short)%00%(objectname)%00%(upstream:track)%00%(upstream:remotename)%00%(upstream:remoteref) refs/heads/main refs/remotes/main [23ms]
2026-07-25 17:19:03.444 [info] > git for-each-ref --sort -committerdate --format %(refname)%00%(objectname)%00%(*objectname) [20ms]
2026-07-25 17:19:03.498 [info] > git status -z -uall [77ms]
2026-07-25 17:19:08.510 [info] > git config --get commit.template [7ms]
2026-07-25 17:19:08.532 [info] > git for-each-ref --format=%(refname)%00%(upstream:short)%00%(objectname)%00%(upstream:track)%00%(upstream:remotename)%00%(upstream:remoteref) refs/heads/main refs/remotes/main [25ms]
2026-07-25 17:19:08.556 [info] > git for-each-ref --sort -committerdate --format %(refname)%00%(objectname)%00%(*objectname) [18ms]
2026-07-25 17:19:08.620 [info] > git status -z -uall [84ms]
2026-07-25 17:19:13.631 [info] > git config --get commit.template [6ms]
2026-07-25 17:19:13.649 [info] > git for-each-ref --format=%(refname)%00%(upstream:short)%00%(objectname)%00%(upstream:track)%00%(upstream:remotename)%00%(upstream:remoteref) refs/heads/main refs/remotes/main [21ms]
2026-07-25 17:19:13.673 [info] > git for-each-ref --sort -committerdate --format %(refname)%00%(objectname)%00%(*objectname) [17ms]
2026-07-25 17:19:13.746 [info] > git status -z -uall [92ms]
2026-07-25 17:19:23.866 [info] > git config --get commit.template [6ms]
2026-07-25 17:19:23.886 [info] > git for-each-ref --format=%(refname)%00%(upstream:short)%00%(objectname)%00%(upstream:track)%00%(upstream:remotename)%00%(upstream:remoteref) refs/heads/main refs/remotes/main [23ms]
2026-07-25 17:19:23.910 [info] > git for-each-ref --sort -committerdate --format %(refname)%00%(objectname)%00%(*objectname) [17ms]
2026-07-25 17:19:23.977 [info] > git status -z -uall [86ms]
2026-07-25 17:19:26.878 [info] > git check-ignore -v -z --stdin [10ms]
2026-07-25 17:19:28.986 [info] > git config --get commit.template [6ms]
2026-07-25 17:19:29.003 [info] > git for-each-ref --format=%(refname)%00%(upstream:short)%00%(objectname)%00%(upstream:track)%00%(upstream:remotename)%00%(upstream:remoteref) refs/heads/main refs/remotes/main [20ms]
2026-07-25 17:19:29.025 [info] > git for-each-ref --sort -committerdate --format %(refname)%00%(objectname)%00%(*objectname) [16ms]
2026-07-25 17:19:29.088 [info] > git status -z -uall [82ms]
2026-07-25 17:19:34.099 [info] > git config --get commit.template [6ms]
2026-07-25 17:19:34.116 [info] > git for-each-ref --format=%(refname)%00%(upstream:short)%00%(objectname)%00%(upstream:track)%00%(upstream:remotename)%00%(upstream:remoteref) refs/heads/main refs/remotes/main [20ms]
2026-07-25 17:19:34.139 [info] > git for-each-ref --sort -committerdate --format %(refname)%00%(objectname)%00%(*objectname) [17ms]
2026-07-25 17:19:34.205 [info] > git status -z -uall [84ms]
2026-07-25 17:19:35.197 [info] > git check-ignore -v -z --stdin [10ms]
2026-07-25 17:19:36.576 [info] > git check-ignore -v -z --stdin [10ms]
2026-07-25 17:19:38.263 [info] > git ls-files --stage -- Knowledge_Hands_on/practice_examples/week01/hello_llm.py [9ms]
2026-07-25 17:19:38.272 [info] > git show --textconv :Knowledge_Hands_on/practice_examples/week01/hello_llm.py [20ms]
2026-07-25 17:19:38.280 [info] > git cat-file -s a62a90db55abee127dfcd001c0e6a2d14f13d632 [15ms]
2026-07-25 17:19:39.215 [info] > git config --get commit.template [6ms]
2026-07-25 17:19:39.230 [info] > git for-each-ref --format=%(refname)%00%(upstream:short)%00%(objectname)%00%(upstream:track)%00%(upstream:remotename)%00%(upstream:remoteref) refs/heads/main refs/remotes/main [18ms]
2026-07-25 17:19:39.248 [info] > git for-each-ref --sort -committerdate --format %(refname)%00%(objectname)%00%(*objectname) [13ms]
2026-07-25 17:19:39.332 [info] > git status -z -uall [99ms]
2026-07-25 17:19:44.343 [info] > git config --get commit.template [6ms]
2026-07-25 17:19:44.356 [info] > git for-each-ref --format=%(refname)%00%(upstream:short)%00%(objectname)%00%(upstream:track)%00%(upstream:remotename)%00%(upstream:remoteref) refs/heads/main refs/remotes/main [16ms]
2026-07-25 17:19:44.377 [info] > git for-each-ref --sort -committerdate --format %(refname)%00%(objectname)%00%(*objectname) [15ms]
2026-07-25 17:19:44.442 [info] > git status -z -uall [82ms]
2026-07-25 17:19:44.495 [info] > git blame --root --incremental c70213761a1b234dac74df97e7eb728a02379d4b -- Knowledge_Hands_on/practice_examples/week01/hello_llm.py [74ms]
2026-07-25 17:19:49.454 [info] > git config --get commit.template [7ms]
2026-07-25 17:19:49.467 [info] > git for-each-ref --format=%(refname)%00%(upstream:short)%00%(objectname)%00%(upstream:track)%00%(upstream:remotename)%00%(upstream:remoteref) refs/heads/main refs/remotes/main [17ms]
2026-07-25 17:19:49.489 [info] > git for-each-ref --sort -committerdate --format %(refname)%00%(objectname)%00%(*objectname) [15ms]
2026-07-25 17:19:49.551 [info] > git status -z -uall [80ms]
2026-07-25 17:20:02.103 [info] > git config --get commit.template [7ms]
2026-07-25 17:20:02.120 [info] > git for-each-ref --format=%(refname)%00%(upstream:short)%00%(objectname)%00%(upstream:track)%00%(upstream:remotename)%00%(upstream:remoteref) refs/heads/main refs/remotes/main [21ms]
2026-07-25 17:20:02.144 [info] > git for-each-ref --sort -committerdate --format %(refname)%00%(objectname)%00%(*objectname) [17ms]
2026-07-25 17:20:02.419 [info] > git status -z -uall [295ms]
2026-07-25 17:20:07.429 [info] > git config --get commit.template [6ms]
2026-07-25 17:20:07.443 [info] > git for-each-ref --format=%(refname)%00%(upstream:short)%00%(objectname)%00%(upstream:track)%00%(upstream:remotename)%00%(upstream:remoteref) refs/heads/main refs/remotes/main [16ms]
2026-07-25 17:20:07.464 [info] > git for-each-ref --sort -committerdate --format %(refname)%00%(objectname)%00%(*objectname) [14ms]
2026-07-25 17:20:07.520 [info] > git status -z -uall [72ms]
2026-07-25 17:20:12.531 [info] > git config --get commit.template [6ms]
2026-07-25 17:20:12.546 [info] > git for-each-ref --format=%(refname)%00%(upstream:short)%00%(objectname)%00%(upstream:track)%00%(upstream:remotename)%00%(upstream:remoteref) refs/heads/main refs/remotes/main [18ms]
2026-07-25 17:20:12.568 [info] > git for-each-ref --sort -committerdate --format %(refname)%00%(objectname)%00%(*objectname) [15ms]
2026-07-25 17:20:12.637 [info] > git status -z -uall [87ms]
2026-07-25 17:20:17.647 [info] > git config --get commit.template [6ms]
2026-07-25 17:20:17.661 [info] > git for-each-ref --format=%(refname)%00%(upstream:short)%00%(objectname)%00%(upstream:track)%00%(upstream:remotename)%00%(upstream:remoteref) refs/heads/main refs/remotes/main [17ms]
2026-07-25 17:20:17.683 [info] > git for-each-ref --sort -committerdate --format %(refname)%00%(objectname)%00%(*objectname) [15ms]
2026-07-25 17:20:17.740 [info] > git status -z -uall [75ms]
2026-07-25 17:20:19.653 [info] > git ls-files --stage -- Knowledge_Hands_on/practice_examples/week01/hello_llm.py [9ms]
2026-07-25 17:20:19.665 [info] > git cat-file -s a62a90db55abee127dfcd001c0e6a2d14f13d632 [8ms]
2026-07-25 17:20:19.963 [info] > git show --textconv :Knowledge_Hands_on/practice_examples/week01/hello_llm.py [15ms]
2026-07-25 17:20:22.752 [info] > git config --get commit.template [5ms]
2026-07-25 17:20:22.767 [info] > git for-each-ref --format=%(refname)%00%(upstream:short)%00%(objectname)%00%(upstream:track)%00%(upstream:remotename)%00%(upstream:remoteref) refs/heads/main refs/remotes/main [17ms]
2026-07-25 17:20:22.789 [info] > git for-each-ref --sort -committerdate --format %(refname)%00%(objectname)%00%(*objectname) [15ms]
2026-07-25 17:20:22.851 [info] > git status -z -uall [80ms]
2026-07-25 17:20:27.862 [info] > git config --get commit.template [6ms]
2026-07-25 17:20:27.876 [info] > git for-each-ref --format=%(refname)%00%(upstream:short)%00%(objectname)%00%(upstream:track)%00%(upstream:remotename)%00%(upstream:remoteref) refs/heads/main refs/remotes/main [16ms]
2026-07-25 17:20:27.923 [info] > git for-each-ref --sort -committerdate --format %(refname)%00%(objectname)%00%(*objectname) [40ms]
2026-07-25 17:20:28.019 [info] > git status -z -uall [139ms]
2026-07-25 17:20:33.029 [info] > git config --get commit.template [6ms]
2026-07-25 17:20:33.043 [info] > git for-each-ref --format=%(refname)%00%(upstream:short)%00%(objectname)%00%(upstream:track)%00%(upstream:remotename)%00%(upstream:remoteref) refs/heads/main refs/remotes/main [16ms]
2026-07-25 17:20:33.063 [info] > git for-each-ref --sort -committerdate --format %(refname)%00%(objectname)%00%(*objectname) [14ms]
2026-07-25 17:20:33.119 [info] > git status -z -uall [72ms]
2026-07-25 17:20:38.130 [info] > git config --get commit.template [6ms]
2026-07-25 17:20:38.145 [info] > git for-each-ref --format=%(refname)%00%(upstream:short)%00%(objectname)%00%(upstream:track)%00%(upstream:remotename)%00%(upstream:remoteref) refs/heads/main refs/remotes/main [17ms]
2026-07-25 17:20:38.167 [info] > git for-each-ref --sort -committerdate --format %(refname)%00%(objectname)%00%(*objectname) [15ms]
2026-07-25 17:20:38.223 [info] > git status -z -uall [73ms]
2026-07-25 17:20:43.235 [info] > git config --get commit.template [6ms]
2026-07-25 17:20:43.248 [info] > git for-each-ref --format=%(refname)%00%(upstream:short)%00%(objectname)%00%(upstream:track)%00%(upstream:remotename)%00%(upstream:remoteref) refs/heads/main refs/remotes/main [16ms]
2026-07-25 17:20:43.269 [info] > git for-each-ref --sort -committerdate --format %(refname)%00%(objectname)%00%(*objectname) [14ms]
2026-07-25 17:20:43.335 [info] > git status -z -uall [83ms]
2026-07-25 17:20:48.346 [info] > git config --get commit.template [6ms]
2026-07-25 17:20:48.360 [info] > git for-each-ref --format=%(refname)%00%(upstream:short)%00%(objectname)%00%(upstream:track)%00%(upstream:remotename)%00%(upstream:remoteref) refs/heads/main refs/remotes/main [17ms]
2026-07-25 17:20:48.382 [info] > git for-each-ref --sort -committerdate --format %(refname)%00%(objectname)%00%(*objectname) [15ms]
2026-07-25 17:20:48.448 [info] > git status -z -uall [83ms]
2026-07-25 17:20:50.976 [info] > git ls-files --stage -- Knowledge_Hands_on/practice_examples/week01/hello_llm.py [10ms]
2026-07-25 17:20:50.988 [info] > git cat-file -s a62a90db55abee127dfcd001c0e6a2d14f13d632 [9ms]
2026-07-25 17:20:51.274 [info] > git show --textconv :Knowledge_Hands_on/practice_examples/week01/hello_llm.py [14ms]
2026-07-25 17:20:53.459 [info] > git config --get commit.template [6ms]
2026-07-25 17:20:53.474 [info] > git for-each-ref --format=%(refname)%00%(upstream:short)%00%(objectname)%00%(upstream:track)%00%(upstream:remotename)%00%(upstream:remoteref) refs/heads/main refs/remotes/main [17ms]
2026-07-25 17:20:53.496 [info] > git for-each-ref --sort -committerdate --format %(refname)%00%(objectname)%00%(*objectname) [15ms]
2026-07-25 17:20:53.552 [info] > git status -z -uall [74ms]
2026-07-25 17:20:58.563 [info] > git config --get commit.template [6ms]
2026-07-25 17:20:58.578 [info] > git for-each-ref --format=%(refname)%00%(upstream:short)%00%(objectname)%00%(upstream:track)%00%(upstream:remotename)%00%(upstream:remoteref) refs/heads/main refs/remotes/main [17ms]
2026-07-25 17:20:58.598 [info] > git for-each-ref --sort -committerdate --format %(refname)%00%(objectname)%00%(*objectname) [14ms]
2026-07-25 17:20:58.656 [info] > git status -z -uall [74ms]
2026-07-25 17:21:03.668 [info] > git config --get commit.template [6ms]
2026-07-25 17:21:03.682 [info] > git for-each-ref --format=%(refname)%00%(upstream:short)%00%(objectname)%00%(upstream:track)%00%(upstream:remotename)%00%(upstream:remoteref) refs/heads/main refs/remotes/main [17ms]
2026-07-25 17:21:03.703 [info] > git for-each-ref --sort -committerdate --format %(refname)%00%(objectname)%00%(*objectname) [14ms]
2026-07-25 17:21:03.951 [info] > git status -z -uall [264ms]
2026-07-25 17:21:08.962 [info] > git config --get commit.template [6ms]
2026-07-25 17:21:08.976 [info] > git for-each-ref --format=%(refname)%00%(upstream:short)%00%(objectname)%00%(upstream:track)%00%(upstream:remotename)%00%(upstream:remoteref) refs/heads/main refs/remotes/main [17ms]
2026-07-25 17:21:08.999 [info] > git for-each-ref --sort -committerdate --format %(refname)%00%(objectname)%00%(*objectname) [16ms]
2026-07-25 17:21:09.059 [info] > git status -z -uall [77ms]
2026-07-25 17:21:14.069 [info] > git config --get commit.template [6ms]
2026-07-25 17:21:14.083 [info] > git for-each-ref --format=%(refname)%00%(upstream:short)%00%(objectname)%00%(upstream:track)%00%(upstream:remotename)%00%(upstream:remoteref) refs/heads/main refs/remotes/main [17ms]
2026-07-25 17:21:14.106 [info] > git for-each-ref --sort -committerdate --format %(refname)%00%(objectname)%00%(*objectname) [16ms]
2026-07-25 17:21:14.166 [info] > git status -z -uall [79ms]
2026-07-25 17:21:19.177 [info] > git config --get commit.template [6ms]
2026-07-25 17:21:19.190 [info] > git for-each-ref --format=%(refname)%00%(upstream:short)%00%(objectname)%00%(upstream:track)%00%(upstream:remotename)%00%(upstream:remoteref) refs/heads/main refs/remotes/main [16ms]
2026-07-25 17:21:19.210 [info] > git for-each-ref --sort -committerdate --format %(refname)%00%(objectname)%00%(*objectname) [13ms]
2026-07-25 17:21:19.266 [info] > git status -z -uall [72ms]
2026-07-25 17:21:24.280 [info] > git config --get commit.template [8ms]
2026-07-25 17:21:24.298 [info] > git for-each-ref --format=%(refname)%00%(upstream:short)%00%(objectname)%00%(upstream:track)%00%(upstream:remotename)%00%(upstream:remoteref) refs/heads/main refs/remotes/main [22ms]
2026-07-25 17:21:24.320 [info] > git for-each-ref --sort -committerdate --format %(refname)%00%(objectname)%00%(*objectname) [16ms]
2026-07-25 17:21:24.379 [info] > git status -z -uall [77ms]
2026-07-25 17:21:29.390 [info] > git config --get commit.template [5ms]
2026-07-25 17:21:29.404 [info] > git for-each-ref --format=%(refname)%00%(upstream:short)%00%(objectname)%00%(upstream:track)%00%(upstream:remotename)%00%(upstream:remoteref) refs/heads/main refs/remotes/main [17ms]
2026-07-25 17:21:29.424 [info] > git for-each-ref --sort -committerdate --format %(refname)%00%(objectname)%00%(*objectname) [14ms]
2026-07-25 17:21:29.480 [info] > git status -z -uall [72ms]
2026-07-25 17:21:34.491 [info] > git config --get commit.template [6ms]
2026-07-25 17:21:34.504 [info] > git for-each-ref --format=%(refname)%00%(upstream:short)%00%(objectname)%00%(upstream:track)%00%(upstream:remotename)%00%(upstream:remoteref) refs/heads/main refs/remotes/main [16ms]
2026-07-25 17:21:34.523 [info] > git for-each-ref --sort -committerdate --format %(refname)%00%(objectname)%00%(*objectname) [13ms]
2026-07-25 17:21:34.545 [info] > git ls-files --stage -- Knowledge_Hands_on/practice_examples/week01/hello_llm.py [8ms]
2026-07-25 17:21:34.556 [info] > git cat-file -s a62a90db55abee127dfcd001c0e6a2d14f13d632 [9ms]
2026-07-25 17:21:34.577 [info] > git status -z -uall [69ms]
2026-07-25 17:21:34.843 [info] > git show --textconv :Knowledge_Hands_on/practice_examples/week01/hello_llm.py [15ms]
2026-07-25 17:21:39.589 [info] > git config --get commit.template [5ms]
2026-07-25 17:21:39.602 [info] > git for-each-ref --format=%(refname)%00%(upstream:short)%00%(objectname)%00%(upstream:track)%00%(upstream:remotename)%00%(upstream:remoteref) refs/heads/main refs/remotes/main [16ms]
2026-07-25 17:21:39.623 [info] > git for-each-ref --sort -committerdate --format %(refname)%00%(objectname)%00%(*objectname) [14ms]
2026-07-25 17:21:39.677 [info] > git status -z -uall [70ms]
2026-07-25 17:21:44.690 [info] > git config --get commit.template [7ms]
2026-07-25 17:21:44.706 [info] > git for-each-ref --format=%(refname)%00%(upstream:short)%00%(objectname)%00%(upstream:track)%00%(upstream:remotename)%00%(upstream:remoteref) refs/heads/main refs/remotes/main [20ms]
2026-07-25 17:21:44.727 [info] > git for-each-ref --sort -committerdate --format %(refname)%00%(objectname)%00%(*objectname) [14ms]
2026-07-25 17:21:44.793 [info] > git status -z -uall [83ms]
2026-07-25 17:21:45.137 [info] > git config --get commit.template [6ms]
2026-07-25 17:21:45.150 [info] > git for-each-ref --format=%(refname)%00%(upstream:short)%00%(objectname)%00%(upstream:track)%00%(upstream:remotename)%00%(upstream:remoteref) refs/heads/main refs/remotes/main [16ms]
2026-07-25 17:21:45.171 [info] > git for-each-ref --sort -committerdate --format %(refname)%00%(objectname)%00%(*objectname) [14ms]
2026-07-25 17:21:45.252 [info] > git status -z -uall [98ms]
2026-07-25 17:21:45.931 [info] > git ls-tree -l HEAD -- Knowledge_Hands_on/practice_examples/week01/hello_llm.py [16ms]
2026-07-25 17:21:45.941 [info] > git show --textconv HEAD:Knowledge_Hands_on/practice_examples/week01/hello_llm.py [28ms]
2026-07-25 17:21:46.634 [info] > git ls-files --stage -- Knowledge_Hands_on/practice_examples/week01/hello_llm.py [10ms]
2026-07-25 17:21:46.643 [info] > git ls-tree -l HEAD -- Knowledge_Hands_on/practice_examples/week01/hello_llm.py [17ms]
2026-07-25 17:21:46.651 [info] > git cat-file -s 70db36075b58f97107a8699b31512739d6c3ada8 [15ms]
2026-07-25 17:21:46.942 [info] > git show --textconv :Knowledge_Hands_on/practice_examples/week01/hello_llm.py [18ms]
2026-07-25 17:21:46.951 [info] > git show --textconv HEAD:Knowledge_Hands_on/practice_examples/week01/hello_llm.py [35ms]
2026-07-25 17:21:49.804 [info] > git config --get commit.template [6ms]
2026-07-25 17:21:49.818 [info] > git for-each-ref --format=%(refname)%00%(upstream:short)%00%(objectname)%00%(upstream:track)%00%(upstream:remotename)%00%(upstream:remoteref) refs/heads/main refs/remotes/main [16ms]
2026-07-25 17:21:49.841 [info] > git for-each-ref --sort -committerdate --format %(refname)%00%(objectname)%00%(*objectname) [16ms]
2026-07-25 17:21:49.916 [info] > git status -z -uall [93ms]
2026-07-25 17:21:54.929 [info] > git config --get commit.template [8ms]
2026-07-25 17:21:54.945 [info] > git for-each-ref --format=%(refname)%00%(upstream:short)%00%(objectname)%00%(upstream:track)%00%(upstream:remotename)%00%(upstream:remoteref) refs/heads/main refs/remotes/main [22ms]
2026-07-25 17:21:54.968 [info] > git for-each-ref --sort -committerdate --format %(refname)%00%(objectname)%00%(*objectname) [16ms]
2026-07-25 17:21:55.057 [info] > git status -z -uall [108ms]
2026-07-25 17:22:00.068 [info] > git config --get commit.template [6ms]
2026-07-25 17:22:00.082 [info] > git for-each-ref --format=%(refname)%00%(upstream:short)%00%(objectname)%00%(upstream:track)%00%(upstream:remotename)%00%(upstream:remoteref) refs/heads/main refs/remotes/main [17ms]
2026-07-25 17:22:00.109 [info] > git for-each-ref --sort -committerdate --format %(refname)%00%(objectname)%00%(*objectname) [19ms]
2026-07-25 17:22:00.194 [info] > git status -z -uall [107ms]
2026-07-25 17:22:05.205 [info] > git config --get commit.template [7ms]
2026-07-25 17:22:05.221 [info] > git for-each-ref --format=%(refname)%00%(upstream:short)%00%(objectname)%00%(upstream:track)%00%(upstream:remotename)%00%(upstream:remoteref) refs/heads/main refs/remotes/main [20ms]
2026-07-25 17:22:05.243 [info] > git for-each-ref --sort -committerdate --format %(refname)%00%(objectname)%00%(*objectname) [16ms]
2026-07-25 17:22:05.537 [info] > git status -z -uall [312ms]
2026-07-25 17:22:17.680 [info] > git config --get commit.template [6ms]
2026-07-25 17:22:17.693 [info] > git for-each-ref --format=%(refname)%00%(upstream:short)%00%(objectname)%00%(upstream:track)%00%(upstream:remotename)%00%(upstream:remoteref) refs/heads/main refs/remotes/main [16ms]
2026-07-25 17:22:17.714 [info] > git for-each-ref --sort -committerdate --format %(refname)%00%(objectname)%00%(*objectname) [14ms]
2026-07-25 17:22:17.784 [info] > git status -z -uall [86ms]
2026-07-25 17:22:22.797 [info] > git config --get commit.template [8ms]
2026-07-25 17:22:22.810 [info] > git for-each-ref --format=%(refname)%00%(upstream:short)%00%(objectname)%00%(upstream:track)%00%(upstream:remotename)%00%(upstream:remoteref) refs/heads/main refs/remotes/main [17ms]
2026-07-25 17:22:22.832 [info] > git for-each-ref --sort -committerdate --format %(refname)%00%(objectname)%00%(*objectname) [15ms]
2026-07-25 17:22:22.906 [info] > git status -z -uall [92ms]
2026-07-25 17:22:27.917 [info] > git config --get commit.template [6ms]
2026-07-25 17:22:27.931 [info] > git for-each-ref --format=%(refname)%00%(upstream:short)%00%(objectname)%00%(upstream:track)%00%(upstream:remotename)%00%(upstream:remoteref) refs/heads/main refs/remotes/main [17ms]
2026-07-25 17:22:27.953 [info] > git for-each-ref --sort -committerdate --format %(refname)%00%(objectname)%00%(*objectname) [15ms]
2026-07-25 17:22:28.034 [info] > git status -z -uall [99ms]
2026-07-25 17:22:33.045 [info] > git config --get commit.template [6ms]
2026-07-25 17:22:33.058 [info] > git for-each-ref --format=%(refname)%00%(upstream:short)%00%(objectname)%00%(upstream:track)%00%(upstream:remotename)%00%(upstream:remoteref) refs/heads/main refs/remotes/main [15ms]
2026-07-25 17:22:33.079 [info] > git for-each-ref --sort -committerdate --format %(refname)%00%(objectname)%00%(*objectname) [14ms]
2026-07-25 17:22:33.155 [info] > git status -z -uall [93ms]
2026-07-25 17:22:33.751 [info] > git config --get commit.template [6ms]
2026-07-25 17:22:33.779 [info] > git for-each-ref --format=%(refname)%00%(upstream:short)%00%(objectname)%00%(upstream:track)%00%(upstream:remotename)%00%(upstream:remoteref) refs/heads/main refs/remotes/main [31ms]
2026-07-25 17:22:33.802 [info] > git for-each-ref --sort -committerdate --format %(refname)%00%(objectname)%00%(*objectname) [17ms]
2026-07-25 17:22:33.860 [info] > git status -z -uall [76ms]
2026-07-25 17:22:33.881 [info] > git merge-base refs/heads/main refs/remotes/origin/main [15ms]
2026-07-25 17:22:33.898 [info] > git diff --name-status -z --diff-filter=ADMR c70213761a1b234dac74df97e7eb728a02379d4b...refs/remotes/origin/main [13ms]
2026-07-25 17:22:33.932 [info] > git blame --root --incremental 3e90d7ebc8a2e6d1e178b0fcfb5478ff890453e5 -- Knowledge_Hands_on/practice_examples/week01/hello_llm.py [68ms]
2026-07-25 17:22:35.147 [info] > git ls-files --stage -- Knowledge_Hands_on/practice_examples/week01/hello_llm.py [12ms]
2026-07-25 17:22:35.158 [info] > git cat-file -s 70db36075b58f97107a8699b31512739d6c3ada8 [9ms]
2026-07-25 17:22:35.443 [info] > git show --textconv :Knowledge_Hands_on/practice_examples/week01/hello_llm.py [17ms]
2026-07-25 17:22:38.166 [info] > git config --get commit.template [6ms]
2026-07-25 17:22:38.219 [info] > git for-each-ref --format=%(refname)%00%(upstream:short)%00%(objectname)%00%(upstream:track)%00%(upstream:remotename)%00%(upstream:remoteref) refs/heads/main refs/remotes/main [27ms]
2026-07-25 17:22:38.243 [info] > git for-each-ref --sort -committerdate --format %(refname)%00%(objectname)%00%(*objectname) [17ms]
2026-07-25 17:22:38.308 [info] > git status -z -uall [85ms]
2026-07-25 17:22:43.320 [info] > git config --get commit.template [7ms]
2026-07-25 17:22:43.339 [info] > git for-each-ref --format=%(refname)%00%(upstream:short)%00%(objectname)%00%(upstream:track)%00%(upstream:remotename)%00%(upstream:remoteref) refs/heads/main refs/remotes/main [23ms]
2026-07-25 17:22:43.360 [info] > git for-each-ref --sort -committerdate --format %(refname)%00%(objectname)%00%(*objectname) [15ms]
2026-07-25 17:22:43.416 [info] > git status -z -uall [73ms]
2026-07-25 17:22:46.753 [info] > git config --get commit.template [7ms]
2026-07-25 17:22:46.770 [info] > git for-each-ref --format=%(refname)%00%(upstream:short)%00%(objectname)%00%(upstream:track)%00%(upstream:remotename)%00%(upstream:remoteref) refs/heads/main refs/remotes/main [21ms]
2026-07-25 17:22:46.796 [info] > git for-each-ref --sort -committerdate --format %(refname)%00%(objectname)%00%(*objectname) [19ms]
2026-07-25 17:22:46.865 [info] > git status -z -uall [90ms]
2026-07-25 17:22:46.884 [info] > git merge-base refs/heads/main refs/remotes/origin/main [14ms]
2026-07-25 17:22:46.904 [info] > git diff --name-status -z --diff-filter=ADMR 3e90d7ebc8a2e6d1e178b0fcfb5478ff890453e5...refs/remotes/origin/main [17ms]
2026-07-25 17:22:48.286 [info] > git ls-files --stage -- Knowledge_Hands_on/practice_examples/week01/hello_llm.py [9ms]
2026-07-25 17:22:48.300 [info] > git cat-file -s 70db36075b58f97107a8699b31512739d6c3ada8 [11ms]
2026-07-25 17:22:48.427 [info] > git config --get commit.template [6ms]
2026-07-25 17:22:48.444 [info] > git for-each-ref --format=%(refname)%00%(upstream:short)%00%(objectname)%00%(upstream:track)%00%(upstream:remotename)%00%(upstream:remoteref) refs/heads/main refs/remotes/main [20ms]
2026-07-25 17:22:48.467 [info] > git for-each-ref --sort -committerdate --format %(refname)%00%(objectname)%00%(*objectname) [16ms]
2026-07-25 17:22:48.523 [info] > git status -z -uall [74ms]
2026-07-25 17:22:48.589 [info] > git show --textconv :Knowledge_Hands_on/practice_examples/week01/hello_llm.py [20ms]
2026-07-25 17:23:02.935 [info] > git config --get commit.template [7ms]
2026-07-25 17:23:02.955 [info] > git for-each-ref --format=%(refname)%00%(upstream:short)%00%(objectname)%00%(upstream:track)%00%(upstream:remotename)%00%(upstream:remoteref) refs/heads/main refs/remotes/main [24ms]
2026-07-25 17:23:02.978 [info] > git for-each-ref --sort -committerdate --format %(refname)%00%(objectname)%00%(*objectname) [16ms]
2026-07-25 17:23:03.037 [info] > git status -z -uall [77ms]
2026-07-25 17:23:11.071 [info] > git config --get commit.template [7ms]
2026-07-25 17:23:11.093 [info] > git for-each-ref --format=%(refname)%00%(upstream:short)%00%(objectname)%00%(upstream:track)%00%(upstream:remotename)%00%(upstream:remoteref) refs/heads/main refs/remotes/main [26ms]
2026-07-25 17:23:11.119 [info] > git for-each-ref --sort -committerdate --format %(refname)%00%(objectname)%00%(*objectname) [19ms]
2026-07-25 17:23:11.398 [info] > git status -z -uall [300ms]
2026-07-25 17:23:18.321 [info] > git config --get commit.template [7ms]
2026-07-25 17:23:18.337 [info] > git for-each-ref --format=%(refname)%00%(upstream:short)%00%(objectname)%00%(upstream:track)%00%(upstream:remotename)%00%(upstream:remoteref) refs/heads/main refs/remotes/main [20ms]
2026-07-25 17:23:18.364 [info] > git for-each-ref --sort -committerdate --format %(refname)%00%(objectname)%00%(*objectname) [19ms]
2026-07-25 17:23:18.438 [info] > git status -z -uall [96ms]
2026-07-25 17:23:23.449 [info] > git config --get commit.template [6ms]
2026-07-25 17:23:23.466 [info] > git for-each-ref --format=%(refname)%00%(upstream:short)%00%(objectname)%00%(upstream:track)%00%(upstream:remotename)%00%(upstream:remoteref) refs/heads/main refs/remotes/main [20ms]
2026-07-25 17:23:23.490 [info] > git for-each-ref --sort -committerdate --format %(refname)%00%(objectname)%00%(*objectname) [17ms]
2026-07-25 17:23:23.558 [info] > git status -z -uall [87ms]
2026-07-25 17:23:28.569 [info] > git config --get commit.template [7ms]
2026-07-25 17:23:28.586 [info] > git for-each-ref --format=%(refname)%00%(upstream:short)%00%(objectname)%00%(upstream:track)%00%(upstream:remotename)%00%(upstream:remoteref) refs/heads/main refs/remotes/main [21ms]
2026-07-25 17:23:28.612 [info] > git for-each-ref --sort -committerdate --format %(refname)%00%(objectname)%00%(*objectname) [19ms]
2026-07-25 17:23:28.671 [info] > git status -z -uall [80ms]
2026-07-25 17:23:33.683 [info] > git config --get commit.template [7ms]
2026-07-25 17:23:33.699 [info] > git for-each-ref --format=%(refname)%00%(upstream:short)%00%(objectname)%00%(upstream:track)%00%(upstream:remotename)%00%(upstream:remoteref) refs/heads/main refs/remotes/main [20ms]
2026-07-25 17:23:33.724 [info] > git for-each-ref --sort -committerdate --format %(refname)%00%(objectname)%00%(*objectname) [18ms]
2026-07-25 17:23:33.795 [info] > git status -z -uall [91ms]
2026-07-25 17:23:38.805 [info] > git config --get commit.template [6ms]
2026-07-25 17:23:38.822 [info] > git for-each-ref --format=%(refname)%00%(upstream:short)%00%(objectname)%00%(upstream:track)%00%(upstream:remotename)%00%(upstream:remoteref) refs/heads/main refs/remotes/main [20ms]
2026-07-25 17:23:38.847 [info] > git for-each-ref --sort -committerdate --format %(refname)%00%(objectname)%00%(*objectname) [18ms]
2026-07-25 17:23:38.905 [info] > git status -z -uall [79ms]
2026-07-25 17:23:43.916 [info] > git config --get commit.template [7ms]
2026-07-25 17:23:43.935 [info] > git for-each-ref --format=%(refname)%00%(upstream:short)%00%(objectname)%00%(upstream:track)%00%(upstream:remotename)%00%(upstream:remoteref) refs/heads/main refs/remotes/main [23ms]
2026-07-25 17:23:43.962 [info] > git for-each-ref --sort -committerdate --format %(refname)%00%(objectname)%00%(*objectname) [18ms]
2026-07-25 17:23:44.036 [info] > git status -z -uall [94ms]
2026-07-25 17:23:49.049 [info] > git config --get commit.template [7ms]
2026-07-25 17:23:49.067 [info] > git for-each-ref --format=%(refname)%00%(upstream:short)%00%(objectname)%00%(upstream:track)%00%(upstream:remotename)%00%(upstream:remoteref) refs/heads/main refs/remotes/main [23ms]
2026-07-25 17:23:49.094 [info] > git for-each-ref --sort -committerdate --format %(refname)%00%(objectname)%00%(*objectname) [20ms]
2026-07-25 17:23:49.164 [info] > git status -z -uall [91ms]
2026-07-25 17:23:54.175 [info] > git config --get commit.template [7ms]
2026-07-25 17:23:54.192 [info] > git for-each-ref --format=%(refname)%00%(upstream:short)%00%(objectname)%00%(upstream:track)%00%(upstream:remotename)%00%(upstream:remoteref) refs/heads/main refs/remotes/main [21ms]
2026-07-25 17:23:54.216 [info] > git for-each-ref --sort -committerdate --format %(refname)%00%(objectname)%00%(*objectname) [17ms]
2026-07-25 17:23:54.284 [info] > git status -z -uall [87ms]
2026-07-25 17:23:59.295 [info] > git config --get commit.template [7ms]
2026-07-25 17:23:59.312 [info] > git for-each-ref --format=%(refname)%00%(upstream:short)%00%(objectname)%00%(upstream:track)%00%(upstream:remotename)%00%(upstream:remoteref) refs/heads/main refs/remotes/main [20ms]
2026-07-25 17:23:59.335 [info] > git for-each-ref --sort -committerdate --format %(refname)%00%(objectname)%00%(*objectname) [16ms]
2026-07-25 17:23:59.405 [info] > git status -z -uall [88ms]
2026-07-25 17:24:01.394 [info] > git check-ignore -v -z --stdin [13ms]
2026-07-25 17:24:04.416 [info] > git config --get commit.template [6ms]
2026-07-25 17:24:04.433 [info] > git for-each-ref --format=%(refname)%00%(upstream:short)%00%(objectname)%00%(upstream:track)%00%(upstream:remotename)%00%(upstream:remoteref) refs/heads/main refs/remotes/main [21ms]
2026-07-25 17:24:04.458 [info] > git for-each-ref --sort -committerdate --format %(refname)%00%(objectname)%00%(*objectname) [19ms]
2026-07-25 17:24:04.516 [info] > git status -z -uall [79ms]
2026-07-25 17:24:09.526 [info] > git config --get commit.template [6ms]
2026-07-25 17:24:09.545 [info] > git for-each-ref --format=%(refname)%00%(upstream:short)%00%(objectname)%00%(upstream:track)%00%(upstream:remotename)%00%(upstream:remoteref) refs/heads/main refs/remotes/main [23ms]
2026-07-25 17:24:09.569 [info] > git for-each-ref --sort -committerdate --format %(refname)%00%(objectname)%00%(*objectname) [18ms]
2026-07-25 17:24:09.633 [info] > git status -z -uall [83ms]
2026-07-25 17:24:14.643 [info] > git config --get commit.template [6ms]
2026-07-25 17:24:14.661 [info] > git for-each-ref --format=%(refname)%00%(upstream:short)%00%(objectname)%00%(upstream:track)%00%(upstream:remotename)%00%(upstream:remoteref) refs/heads/main refs/remotes/main [21ms]
2026-07-25 17:24:14.684 [info] > git for-each-ref --sort -committerdate --format %(refname)%00%(objectname)%00%(*objectname) [17ms]
2026-07-25 17:24:14.933 [info] > git status -z -uall [268ms]
2026-07-25 17:24:19.944 [info] > git config --get commit.template [6ms]
2026-07-25 17:24:19.961 [info] > git for-each-ref --format=%(refname)%00%(upstream:short)%00%(objectname)%00%(upstream:track)%00%(upstream:remotename)%00%(upstream:remoteref) refs/heads/main refs/remotes/main [20ms]
2026-07-25 17:24:19.984 [info] > git for-each-ref --sort -committerdate --format %(refname)%00%(objectname)%00%(*objectname) [16ms]
2026-07-25 17:24:20.054 [info] > git status -z -uall [88ms]
2026-07-25 17:24:25.065 [info] > git config --get commit.template [6ms]
2026-07-25 17:24:25.082 [info] > git for-each-ref --format=%(refname)%00%(upstream:short)%00%(objectname)%00%(upstream:track)%00%(upstream:remotename)%00%(upstream:remoteref) refs/heads/main refs/remotes/main [20ms]
2026-07-25 17:24:25.109 [info] > git for-each-ref --sort -committerdate --format %(refname)%00%(objectname)%00%(*objectname) [19ms]
2026-07-25 17:24:25.188 [info] > git status -z -uall [101ms]
2026-07-25 17:24:30.199 [info] > git config --get commit.template [6ms]
2026-07-25 17:24:30.215 [info] > git for-each-ref --format=%(refname)%00%(upstream:short)%00%(objectname)%00%(upstream:track)%00%(upstream:remotename)%00%(upstream:remoteref) refs/heads/main refs/remotes/main [19ms]
2026-07-25 17:24:30.238 [info] > git for-each-ref --sort -committerdate --format %(refname)%00%(objectname)%00%(*objectname) [17ms]
2026-07-25 17:24:30.307 [info] > git status -z -uall [87ms]
2026-07-25 17:24:35.320 [info] > git config --get commit.template [9ms]
2026-07-25 17:24:35.336 [info] > git for-each-ref --format=%(refname)%00%(upstream:short)%00%(objectname)%00%(upstream:track)%00%(upstream:remotename)%00%(upstream:remoteref) refs/heads/main refs/remotes/main [21ms]
2026-07-25 17:24:35.363 [info] > git for-each-ref --sort -committerdate --format %(refname)%00%(objectname)%00%(*objectname) [19ms]
2026-07-25 17:24:35.436 [info] > git status -z -uall [95ms]
2026-07-25 17:24:40.447 [info] > git config --get commit.template [6ms]
2026-07-25 17:24:40.464 [info] > git for-each-ref --format=%(refname)%00%(upstream:short)%00%(objectname)%00%(upstream:track)%00%(upstream:remotename)%00%(upstream:remoteref) refs/heads/main refs/remotes/main [20ms]
2026-07-25 17:24:40.492 [info] > git for-each-ref --sort -committerdate --format %(refname)%00%(objectname)%00%(*objectname) [20ms]
2026-07-25 17:24:40.565 [info] > git status -z -uall [96ms]
2026-07-25 17:24:45.576 [info] > git config --get commit.template [6ms]
2026-07-25 17:24:45.614 [info] > git for-each-ref --format=%(refname)%00%(upstream:short)%00%(objectname)%00%(upstream:track)%00%(upstream:remotename)%00%(upstream:remoteref) refs/heads/main refs/remotes/main [41ms]
2026-07-25 17:24:45.645 [info] > git for-each-ref --sort -committerdate --format %(refname)%00%(objectname)%00%(*objectname) [21ms]
2026-07-25 17:24:45.734 [info] > git status -z -uall [113ms]
2026-07-25 17:24:50.402 [info] > git check-ignore -v -z --stdin [17ms]
2026-07-25 17:24:50.748 [info] > git config --get commit.template [9ms]
2026-07-25 17:24:50.770 [info] > git for-each-ref --format=%(refname)%00%(upstream:short)%00%(objectname)%00%(upstream:track)%00%(upstream:remotename)%00%(upstream:remoteref) refs/heads/main refs/remotes/main [27ms]
2026-07-25 17:24:50.802 [info] > git for-each-ref --sort -committerdate --format %(refname)%00%(objectname)%00%(*objectname) [24ms]
2026-07-25 17:24:50.901 [info] > git status -z -uall [126ms]
2026-07-25 17:24:54.647 [info] > git ls-files --stage -- Knowledge_Hands_on/practice_examples/week01/hello_llm.py [10ms]
2026-07-25 17:24:54.655 [info] > git show --textconv :Knowledge_Hands_on/practice_examples/week01/hello_llm.py [21ms]
2026-07-25 17:24:54.662 [info] > git cat-file -s 70db36075b58f97107a8699b31512739d6c3ada8 [12ms]
2026-07-25 17:24:55.913 [info] > git config --get commit.template [6ms]
2026-07-25 17:24:55.930 [info] > git for-each-ref --format=%(refname)%00%(upstream:short)%00%(objectname)%00%(upstream:track)%00%(upstream:remotename)%00%(upstream:remoteref) refs/heads/main refs/remotes/main [20ms]
2026-07-25 17:24:55.952 [info] > git for-each-ref --sort -committerdate --format %(refname)%00%(objectname)%00%(*objectname) [16ms]
2026-07-25 17:24:56.012 [info] > git status -z -uall [78ms]
2026-07-25 17:25:05.158 [info] > git config --get commit.template [6ms]
2026-07-25 17:25:05.176 [info] > git for-each-ref --format=%(refname)%00%(upstream:short)%00%(objectname)%00%(upstream:track)%00%(upstream:remotename)%00%(upstream:remoteref) refs/heads/main refs/remotes/main [21ms]
2026-07-25 17:25:05.200 [info] > git for-each-ref --sort -committerdate --format %(refname)%00%(objectname)%00%(*objectname) [17ms]
2026-07-25 17:25:05.273 [info] > git status -z -uall [93ms]
2026-07-25 17:25:10.284 [info] > git config --get commit.template [6ms]
2026-07-25 17:25:10.301 [info] > git for-each-ref --format=%(refname)%00%(upstream:short)%00%(objectname)%00%(upstream:track)%00%(upstream:remotename)%00%(upstream:remoteref) refs/heads/main refs/remotes/main [20ms]
2026-07-25 17:25:10.324 [info] > git for-each-ref --sort -committerdate --format %(refname)%00%(objectname)%00%(*objectname) [17ms]
2026-07-25 17:25:10.391 [info] > git status -z -uall [86ms]
2026-07-25 17:25:15.403 [info] > git config --get commit.template [6ms]
2026-07-25 17:25:15.420 [info] > git for-each-ref --format=%(refname)%00%(upstream:short)%00%(objectname)%00%(upstream:track)%00%(upstream:remotename)%00%(upstream:remoteref) refs/heads/main refs/remotes/main [21ms]
2026-07-25 17:25:15.443 [info] > git for-each-ref --sort -committerdate --format %(refname)%00%(objectname)%00%(*objectname) [16ms]
2026-07-25 17:25:15.698 [info] > git status -z -uall [273ms]
2026-07-25 17:25:19.837 [info] > git check-ignore -v -z --stdin [11ms]
2026-07-25 17:25:20.708 [info] > git config --get commit.template [6ms]
2026-07-25 17:25:20.725 [info] > git for-each-ref --format=%(refname)%00%(upstream:short)%00%(objectname)%00%(upstream:track)%00%(upstream:remotename)%00%(upstream:remoteref) refs/heads/main refs/remotes/main [20ms]
2026-07-25 17:25:20.748 [info] > git for-each-ref --sort -committerdate --format %(refname)%00%(objectname)%00%(*objectname) [17ms]
2026-07-25 17:25:20.814 [info] > git status -z -uall [85ms]
2026-07-25 17:25:25.826 [info] > git config --get commit.template [6ms]
2026-07-25 17:25:25.843 [info] > git for-each-ref --format=%(refname)%00%(upstream:short)%00%(objectname)%00%(upstream:track)%00%(upstream:remotename)%00%(upstream:remoteref) refs/heads/main refs/remotes/main [20ms]
2026-07-25 17:25:25.868 [info] > git for-each-ref --sort -committerdate --format %(refname)%00%(objectname)%00%(*objectname) [17ms]
2026-07-25 17:25:25.940 [info] > git status -z -uall [93ms]
2026-07-25 17:25:31.157 [info] > git config --get commit.template [6ms]
2026-07-25 17:25:31.175 [info] > git for-each-ref --format=%(refname)%00%(upstream:short)%00%(objectname)%00%(upstream:track)%00%(upstream:remotename)%00%(upstream:remoteref) refs/heads/main refs/remotes/main [21ms]
2026-07-25 17:25:31.198 [info] > git for-each-ref --sort -committerdate --format %(refname)%00%(objectname)%00%(*objectname) [17ms]
2026-07-25 17:25:31.270 [info] > git status -z -uall [91ms]
2026-07-25 17:25:36.281 [info] > git config --get commit.template [7ms]
2026-07-25 17:25:36.297 [info] > git for-each-ref --format=%(refname)%00%(upstream:short)%00%(objectname)%00%(upstream:track)%00%(upstream:remotename)%00%(upstream:remoteref) refs/heads/main refs/remotes/main [20ms]
2026-07-25 17:25:36.319 [info] > git for-each-ref --sort -committerdate --format %(refname)%00%(objectname)%00%(*objectname) [16ms]
2026-07-25 17:25:36.385 [info] > git status -z -uall [84ms]
2026-07-25 17:25:41.223 [info] > git check-ignore -v -z --stdin [13ms]
2026-07-25 17:25:41.396 [info] > git config --get commit.template [6ms]
2026-07-25 17:25:41.414 [info] > git for-each-ref --format=%(refname)%00%(upstream:short)%00%(objectname)%00%(upstream:track)%00%(upstream:remotename)%00%(upstream:remoteref) refs/heads/main refs/remotes/main [21ms]
2026-07-25 17:25:41.465 [info] > git for-each-ref --sort -committerdate --format %(refname)%00%(objectname)%00%(*objectname) [45ms]
2026-07-25 17:25:41.564 [info] > git status -z -uall [146ms]
2026-07-25 17:25:46.575 [info] > git config --get commit.template [6ms]
2026-07-25 17:25:46.593 [info] > git for-each-ref --format=%(refname)%00%(upstream:short)%00%(objectname)%00%(upstream:track)%00%(upstream:remotename)%00%(upstream:remoteref) refs/heads/main refs/remotes/main [21ms]
2026-07-25 17:25:46.617 [info] > git for-each-ref --sort -committerdate --format %(refname)%00%(objectname)%00%(*objectname) [18ms]
2026-07-25 17:25:46.686 [info] > git status -z -uall [89ms]
2026-07-25 17:25:51.699 [info] > git config --get commit.template [7ms]
2026-07-25 17:25:51.716 [info] > git for-each-ref --format=%(refname)%00%(upstream:short)%00%(objectname)%00%(upstream:track)%00%(upstream:remotename)%00%(upstream:remoteref) refs/heads/main refs/remotes/main [21ms]
2026-07-25 17:25:51.740 [info] > git for-each-ref --sort -committerdate --format %(refname)%00%(objectname)%00%(*objectname) [17ms]
2026-07-25 17:25:51.814 [info] > git status -z -uall [93ms]
2026-07-25 17:25:56.825 [info] > git config --get commit.template [6ms]
2026-07-25 17:25:56.842 [info] > git for-each-ref --format=%(refname)%00%(upstream:short)%00%(objectname)%00%(upstream:track)%00%(upstream:remotename)%00%(upstream:remoteref) refs/heads/main refs/remotes/main [20ms]
2026-07-25 17:25:56.864 [info] > git for-each-ref --sort -committerdate --format %(refname)%00%(objectname)%00%(*objectname) [17ms]
2026-07-25 17:25:56.934 [info] > git status -z -uall [89ms]
2026-07-25 17:26:01.946 [info] > git config --get commit.template [7ms]
2026-07-25 17:26:01.965 [info] > git for-each-ref --format=%(refname)%00%(upstream:short)%00%(objectname)%00%(upstream:track)%00%(upstream:remotename)%00%(upstream:remoteref) refs/heads/main refs/remotes/main [23ms]
2026-07-25 17:26:01.991 [info] > git for-each-ref --sort -committerdate --format %(refname)%00%(objectname)%00%(*objectname) [19ms]
2026-07-25 17:26:02.076 [info] > git status -z -uall [106ms]
2026-07-25 17:26:06.582 [info] > git ls-files --stage -- Knowledge_Hands_on/practice_examples/week01/hello_llm.py [12ms]
2026-07-25 17:26:06.592 [info] > git show --textconv :Knowledge_Hands_on/practice_examples/week01/hello_llm.py [24ms]
2026-07-25 17:26:06.600 [info] > git cat-file -s 70db36075b58f97107a8699b31512739d6c3ada8 [15ms]
2026-07-25 17:26:07.087 [info] > git config --get commit.template [6ms]
2026-07-25 17:26:07.104 [info] > git for-each-ref --format=%(refname)%00%(upstream:short)%00%(objectname)%00%(upstream:track)%00%(upstream:remotename)%00%(upstream:remoteref) refs/heads/main refs/remotes/main [20ms]
2026-07-25 17:26:07.128 [info] > git for-each-ref --sort -committerdate --format %(refname)%00%(objectname)%00%(*objectname) [19ms]
2026-07-25 17:26:07.196 [info] > git status -z -uall [89ms]
2026-07-25 17:26:12.206 [info] > git config --get commit.template [6ms]
2026-07-25 17:26:12.223 [info] > git for-each-ref --format=%(refname)%00%(upstream:short)%00%(objectname)%00%(upstream:track)%00%(upstream:remotename)%00%(upstream:remoteref) refs/heads/main refs/remotes/main [20ms]
2026-07-25 17:26:12.246 [info] > git for-each-ref --sort -committerdate --format %(refname)%00%(objectname)%00%(*objectname) [17ms]
2026-07-25 17:26:12.314 [info] > git status -z -uall [87ms]
2026-07-25 17:26:13.650 [info] > git ls-files --stage -- Knowledge_Hands_on/practice_examples/week01/hello_llm.py [10ms]
2026-07-25 17:26:13.658 [info] > git show --textconv :Knowledge_Hands_on/practice_examples/week01/hello_llm.py [20ms]
2026-07-25 17:26:13.667 [info] > git cat-file -s 70db36075b58f97107a8699b31512739d6c3ada8 [13ms]
2026-07-25 17:26:17.325 [info] > git config --get commit.template [6ms]
2026-07-25 17:26:17.344 [info] > git for-each-ref --format=%(refname)%00%(upstream:short)%00%(objectname)%00%(upstream:track)%00%(upstream:remotename)%00%(upstream:remoteref) refs/heads/main refs/remotes/main [22ms]
2026-07-25 17:26:17.368 [info] > git for-each-ref --sort -committerdate --format %(refname)%00%(objectname)%00%(*objectname) [18ms]
2026-07-25 17:26:17.636 [info] > git status -z -uall [288ms]
2026-07-25 17:26:22.649 [info] > git config --get commit.template [8ms]
2026-07-25 17:26:22.664 [info] > git for-each-ref --format=%(refname)%00%(upstream:short)%00%(objectname)%00%(upstream:track)%00%(upstream:remotename)%00%(upstream:remoteref) refs/heads/main refs/remotes/main [20ms]
2026-07-25 17:26:22.687 [info] > git for-each-ref --sort -committerdate --format %(refname)%00%(objectname)%00%(*objectname) [17ms]
2026-07-25 17:26:22.754 [info] > git status -z -uall [86ms]
2026-07-25 17:26:27.765 [info] > git config --get commit.template [7ms]
2026-07-25 17:26:27.782 [info] > git for-each-ref --format=%(refname)%00%(upstream:short)%00%(objectname)%00%(upstream:track)%00%(upstream:remotename)%00%(upstream:remoteref) refs/heads/main refs/remotes/main [21ms]
2026-07-25 17:26:27.803 [info] > git for-each-ref --sort -committerdate --format %(refname)%00%(objectname)%00%(*objectname) [16ms]
2026-07-25 17:26:27.878 [info] > git status -z -uall [93ms]
2026-07-25 17:26:29.060 [info] > git ls-files --stage -- Knowledge_Hands_on/practice_examples/week01/hello_llm.py [11ms]
2026-07-25 17:26:29.067 [info] > git show --textconv :Knowledge_Hands_on/practice_examples/week01/hello_llm.py [21ms]
2026-07-25 17:26:29.077 [info] > git cat-file -s 70db36075b58f97107a8699b31512739d6c3ada8 [15ms]
2026-07-25 17:26:32.889 [info] > git config --get commit.template [6ms]
2026-07-25 17:26:32.907 [info] > git for-each-ref --format=%(refname)%00%(upstream:short)%00%(objectname)%00%(upstream:track)%00%(upstream:remotename)%00%(upstream:remoteref) refs/heads/main refs/remotes/main [20ms]
2026-07-25 17:26:32.931 [info] > git for-each-ref --sort -committerdate --format %(refname)%00%(objectname)%00%(*objectname) [18ms]
2026-07-25 17:26:33.000 [info] > git status -z -uall [89ms]
2026-07-25 17:26:38.013 [info] > git config --get commit.template [7ms]
2026-07-25 17:26:38.028 [info] > git for-each-ref --format=%(refname)%00%(upstream:short)%00%(objectname)%00%(upstream:track)%00%(upstream:remotename)%00%(upstream:remoteref) refs/heads/main refs/remotes/main [20ms]
2026-07-25 17:26:38.051 [info] > git for-each-ref --sort -committerdate --format %(refname)%00%(objectname)%00%(*objectname) [17ms]
2026-07-25 17:26:38.120 [info] > git status -z -uall [88ms]
2026-07-25 17:26:43.132 [info] > git config --get commit.template [7ms]
2026-07-25 17:26:43.148 [info] > git for-each-ref --format=%(refname)%00%(upstream:short)%00%(objectname)%00%(upstream:track)%00%(upstream:remotename)%00%(upstream:remoteref) refs/heads/main refs/remotes/main [20ms]
2026-07-25 17:26:43.172 [info] > git for-each-ref --sort -committerdate --format %(refname)%00%(objectname)%00%(*objectname) [19ms]
2026-07-25 17:26:43.238 [info] > git status -z -uall [87ms]
2026-07-25 17:26:48.249 [info] > git config --get commit.template [6ms]
2026-07-25 17:26:48.266 [info] > git for-each-ref --format=%(refname)%00%(upstream:short)%00%(objectname)%00%(upstream:track)%00%(upstream:remotename)%00%(upstream:remoteref) refs/heads/main refs/remotes/main [20ms]
2026-07-25 17:26:48.289 [info] > git for-each-ref --sort -committerdate --format %(refname)%00%(objectname)%00%(*objectname) [17ms]
2026-07-25 17:26:48.359 [info] > git status -z -uall [89ms]
2026-07-25 17:26:51.632 [info] > git ls-files --stage -- Knowledge_Hands_on/practice_examples/week01/hello_llm.py [10ms]
2026-07-25 17:26:51.640 [info] > git show --textconv :Knowledge_Hands_on/practice_examples/week01/hello_llm.py [20ms]
2026-07-25 17:26:51.647 [info] > git cat-file -s 70db36075b58f97107a8699b31512739d6c3ada8 [13ms]
2026-07-25 17:26:53.372 [info] > git config --get commit.template [8ms]
2026-07-25 17:26:53.389 [info] > git for-each-ref --format=%(refname)%00%(upstream:short)%00%(objectname)%00%(upstream:track)%00%(upstream:remotename)%00%(upstream:remoteref) refs/heads/main refs/remotes/main [22ms]
2026-07-25 17:26:53.417 [info] > git for-each-ref --sort -committerdate --format %(refname)%00%(objectname)%00%(*objectname) [20ms]
2026-07-25 17:26:53.493 [info] > git status -z -uall [99ms]
2026-07-25 17:26:58.505 [info] > git config --get commit.template [7ms]
2026-07-25 17:26:58.522 [info] > git for-each-ref --format=%(refname)%00%(upstream:short)%00%(objectname)%00%(upstream:track)%00%(upstream:remotename)%00%(upstream:remoteref) refs/heads/main refs/remotes/main [22ms]
2026-07-25 17:26:58.546 [info] > git for-each-ref --sort -committerdate --format %(refname)%00%(objectname)%00%(*objectname) [18ms]
2026-07-25 17:26:58.607 [info] > git status -z -uall [81ms]
2026-07-25 17:27:03.618 [info] > git config --get commit.template [7ms]
2026-07-25 17:27:03.635 [info] > git for-each-ref --format=%(refname)%00%(upstream:short)%00%(objectname)%00%(upstream:track)%00%(upstream:remotename)%00%(upstream:remoteref) refs/heads/main refs/remotes/main [21ms]
2026-07-25 17:27:03.660 [info] > git for-each-ref --sort -committerdate --format %(refname)%00%(objectname)%00%(*objectname) [19ms]
2026-07-25 17:27:03.730 [info] > git status -z -uall [91ms]
2026-07-25 17:27:08.742 [info] > git config --get commit.template [7ms]
2026-07-25 17:27:08.759 [info] > git for-each-ref --format=%(refname)%00%(upstream:short)%00%(objectname)%00%(upstream:track)%00%(upstream:remotename)%00%(upstream:remoteref) refs/heads/main refs/remotes/main [21ms]
2026-07-25 17:27:08.781 [info] > git for-each-ref --sort -committerdate --format %(refname)%00%(objectname)%00%(*objectname) [16ms]
2026-07-25 17:27:08.846 [info] > git status -z -uall [83ms]
2026-07-25 17:27:13.858 [info] > git config --get commit.template [6ms]
2026-07-25 17:27:13.874 [info] > git for-each-ref --format=%(refname)%00%(upstream:short)%00%(objectname)%00%(upstream:track)%00%(upstream:remotename)%00%(upstream:remoteref) refs/heads/main refs/remotes/main [20ms]
2026-07-25 17:27:13.897 [info] > git for-each-ref --sort -committerdate --format %(refname)%00%(objectname)%00%(*objectname) [17ms]
2026-07-25 17:27:13.967 [info] > git status -z -uall [89ms]
2026-07-25 17:27:18.979 [info] > git config --get commit.template [6ms]
2026-07-25 17:27:18.998 [info] > git for-each-ref --format=%(refname)%00%(upstream:short)%00%(objectname)%00%(upstream:track)%00%(upstream:remotename)%00%(upstream:remoteref) refs/heads/main refs/remotes/main [21ms]
2026-07-25 17:27:19.023 [info] > git for-each-ref --sort -committerdate --format %(refname)%00%(objectname)%00%(*objectname) [18ms]
2026-07-25 17:27:19.283 [info] > git status -z -uall [281ms]
2026-07-25 17:27:20.252 [info] > git check-ignore -v -z --stdin [11ms]
2026-07-25 17:27:24.295 [info] > git config --get commit.template [7ms]
2026-07-25 17:27:24.315 [info] > git for-each-ref --format=%(refname)%00%(upstream:short)%00%(objectname)%00%(upstream:track)%00%(upstream:remotename)%00%(upstream:remoteref) refs/heads/main refs/remotes/main [23ms]
2026-07-25 17:27:24.342 [info] > git for-each-ref --sort -committerdate --format %(refname)%00%(objectname)%00%(*objectname) [20ms]
2026-07-25 17:27:24.420 [info] > git status -z -uall [100ms]
2026-07-25 17:27:33.793 [info] > git config --get commit.template [6ms]
2026-07-25 17:27:33.810 [info] > git for-each-ref --format=%(refname)%00%(upstream:short)%00%(objectname)%00%(upstream:track)%00%(upstream:remotename)%00%(upstream:remoteref) refs/heads/main refs/remotes/main [20ms]
2026-07-25 17:27:33.833 [info] > git for-each-ref --sort -committerdate --format %(refname)%00%(objectname)%00%(*objectname) [17ms]
2026-07-25 17:27:33.904 [info] > git status -z -uall [90ms]
2026-07-25 17:27:38.915 [info] > git config --get commit.template [7ms]
2026-07-25 17:27:38.931 [info] > git for-each-ref --format=%(refname)%00%(upstream:short)%00%(objectname)%00%(upstream:track)%00%(upstream:remotename)%00%(upstream:remoteref) refs/heads/main refs/remotes/main [20ms]
2026-07-25 17:27:38.954 [info] > git for-each-ref --sort -committerdate --format %(refname)%00%(objectname)%00%(*objectname) [17ms]
2026-07-25 17:27:39.021 [info] > git status -z -uall [86ms]
2026-07-25 17:27:44.033 [info] > git config --get commit.template [6ms]
2026-07-25 17:27:44.050 [info] > git for-each-ref --format=%(refname)%00%(upstream:short)%00%(objectname)%00%(upstream:track)%00%(upstream:remotename)%00%(upstream:remoteref) refs/heads/main refs/remotes/main [21ms]
2026-07-25 17:27:44.074 [info] > git for-each-ref --sort -committerdate --format %(refname)%00%(objectname)%00%(*objectname) [18ms]
2026-07-25 17:27:44.139 [info] > git status -z -uall [85ms]
2026-07-25 17:27:49.151 [info] > git config --get commit.template [7ms]
2026-07-25 17:27:49.168 [info] > git for-each-ref --format=%(refname)%00%(upstream:short)%00%(objectname)%00%(upstream:track)%00%(upstream:remotename)%00%(upstream:remoteref) refs/heads/main refs/remotes/main [20ms]
2026-07-25 17:27:49.193 [info] > git for-each-ref --sort -committerdate --format %(refname)%00%(objectname)%00%(*objectname) [19ms]
2026-07-25 17:27:49.268 [info] > git status -z -uall [96ms]
2026-07-25 17:27:54.280 [info] > git config --get commit.template [7ms]
2026-07-25 17:27:54.296 [info] > git for-each-ref --format=%(refname)%00%(upstream:short)%00%(objectname)%00%(upstream:track)%00%(upstream:remotename)%00%(upstream:remoteref) refs/heads/main refs/remotes/main [20ms]
2026-07-25 17:27:54.319 [info] > git for-each-ref --sort -committerdate --format %(refname)%00%(objectname)%00%(*objectname) [17ms]
2026-07-25 17:27:54.376 [info] > git status -z -uall [76ms]
2026-07-25 17:27:59.388 [info] > git config --get commit.template [6ms]
2026-07-25 17:27:59.405 [info] > git for-each-ref --format=%(refname)%00%(upstream:short)%00%(objectname)%00%(upstream:track)%00%(upstream:remotename)%00%(upstream:remoteref) refs/heads/main refs/remotes/main [21ms]
2026-07-25 17:27:59.428 [info] > git for-each-ref --sort -committerdate --format %(refname)%00%(objectname)%00%(*objectname) [16ms]
2026-07-25 17:27:59.485 [info] > git status -z -uall [76ms]
2026-07-25 17:28:04.497 [info] > git config --get commit.template [7ms]
2026-07-25 17:28:04.514 [info] > git for-each-ref --format=%(refname)%00%(upstream:short)%00%(objectname)%00%(upstream:track)%00%(upstream:remotename)%00%(upstream:remoteref) refs/heads/main refs/remotes/main [21ms]
2026-07-25 17:28:04.538 [info] > git for-each-ref --sort -committerdate --format %(refname)%00%(objectname)%00%(*objectname) [17ms]
2026-07-25 17:28:04.597 [info] > git status -z -uall [79ms]
2026-07-25 17:28:09.608 [info] > git config --get commit.template [7ms]
2026-07-25 17:28:09.624 [info] > git for-each-ref --format=%(refname)%00%(upstream:short)%00%(objectname)%00%(upstream:track)%00%(upstream:remotename)%00%(upstream:remoteref) refs/heads/main refs/remotes/main [20ms]
2026-07-25 17:28:09.648 [info] > git for-each-ref --sort -committerdate --format %(refname)%00%(objectname)%00%(*objectname) [18ms]
2026-07-25 17:28:09.708 [info] > git status -z -uall [80ms]
