2026-07-25 17:34:26.227 [info] [main] Log level: Info
2026-07-25 17:34:26.227 [info] [main] Validating found git in: "git"
2026-07-25 17:34:26.227 [info] [main] Using git "2.25.1" from "git"
2026-07-25 17:34:26.227 [info] [Model][doInitialScan] Initial repository scan started
2026-07-25 17:34:26.227 [info] > git rev-parse --show-toplevel [8ms]
2026-07-25 17:34:26.227 [info] > git rev-parse --git-dir --git-common-dir --show-superproject-working-tree [31ms]
2026-07-25 17:34:26.227 [info] [Model][openRepository] Opened repository (path): /voc/work
2026-07-25 17:34:26.227 [info] [Model][openRepository] Opened repository (real path): /voc/work
2026-07-25 17:34:26.227 [info] [Model][openRepository] Opened repository (kind): repository
2026-07-25 17:34:26.231 [info] > git config --get commit.template [6ms]
2026-07-25 17:34:26.231 [info] > git rev-parse --show-toplevel [6ms]
2026-07-25 17:34:26.231 [info] > git rev-parse --show-toplevel [8ms]
2026-07-25 17:34:26.231 [info] > git rev-parse --show-toplevel [7ms]
2026-07-25 17:34:26.231 [info] > git for-each-ref --format=%(refname)%00%(upstream:short)%00%(objectname)%00%(upstream:track)%00%(upstream:remotename)%00%(upstream:remoteref) refs/heads/main refs/remotes/main [24ms]
2026-07-25 17:34:26.231 [info] > git rev-parse --show-toplevel [6ms]
2026-07-25 17:34:26.231 [info] > git rev-parse --show-toplevel [7ms]
2026-07-25 17:34:26.231 [info] > git rev-parse --show-toplevel [8ms]
2026-07-25 17:34:26.231 [info] > git for-each-ref --sort -committerdate --format %(refname)%00%(objectname)%00%(*objectname) [19ms]
2026-07-25 17:34:26.231 [info] > git rev-parse --show-toplevel [6ms]
2026-07-25 17:34:26.231 [info] > git rev-parse --show-toplevel [6ms]
2026-07-25 17:34:26.231 [info] > git rev-parse --show-toplevel [6ms]
2026-07-25 17:34:26.231 [info] > git rev-parse --show-toplevel [6ms]
2026-07-25 17:34:26.231 [info] > git rev-parse --show-toplevel [6ms]
2026-07-25 17:34:26.231 [info] > git rev-parse --show-toplevel [6ms]
2026-07-25 17:34:26.231 [info] [Model][doInitialScan] Initial repository scan completed - repositories (1), closed repositories (0), parent repositories (0), unsafe repositories (0)
2026-07-25 17:34:26.231 [info] > git status -z -uall [109ms]
2026-07-25 17:34:26.231 [info] > git config --get commit.template [8ms]
2026-07-25 17:34:26.231 [info] > git for-each-ref --format=%(refname)%00%(upstream:short)%00%(objectname)%00%(upstream:track)%00%(upstream:remotename)%00%(upstream:remoteref) refs/heads/main refs/remotes/main [23ms]
2026-07-25 17:34:26.231 [info] > git for-each-ref --format=%(refname)%00%(upstream:short)%00%(objectname)%00%(upstream:track)%00%(upstream:remotename)%00%(upstream:remoteref) refs/heads/main refs/remotes/main [23ms]
2026-07-25 17:34:26.231 [info] > git config --get --local branch.main.vscode-merge-base [7ms]
2026-07-25 17:34:26.231 [warning] [Git][config] git config failed: Failed to execute git
2026-07-25 17:34:26.231 [info] > git for-each-ref --sort -committerdate --format %(refname)%00%(objectname)%00%(*objectname) [16ms]
2026-07-25 17:34:26.231 [info] > git reflog main --grep-reflog=branch: Created from *. [23ms]
2026-07-25 17:34:26.231 [info] > git symbolic-ref --short refs/remotes/origin/HEAD [9ms]
2026-07-25 17:34:26.231 [info] fatal: ref refs/remotes/origin/HEAD is not a symbolic ref
2026-07-25 17:34:26.231 [warning] [Repository][getDefaultBranch] Failed to get default branch details: Failed to execute git.
2026-07-25 17:34:26.231 [info] > git merge-base refs/heads/main refs/remotes/origin/main [14ms]
2026-07-25 17:34:26.231 [info] > git diff --name-status -z --diff-filter=ADMR 7af3d14ccf384cf300526ff0030912ed49436227...refs/remotes/origin/main [15ms]
2026-07-25 17:34:26.232 [info] > git status -z -uall [83ms]
2026-07-25 17:34:26.753 [info] > git check-ignore -v -z --stdin [12ms]
2026-07-25 17:34:58.106 [info] > git ls-files --stage -- Knowledge_Hands_on/practice_examples/week02/pydantic_demo.py [11ms]
2026-07-25 17:34:58.115 [info] > git show --textconv :Knowledge_Hands_on/practice_examples/week02/pydantic_demo.py [23ms]
2026-07-25 17:34:58.121 [info] > git cat-file -s 3e69d0b7d9e92dd2fbf4b95aa0a9f4d97379c331 [11ms]
2026-07-25 17:35:08.013 [info] > git check-ignore -v -z --stdin [12ms]
2026-07-25 17:39:03.255 [info] > git blame --root --incremental 7af3d14ccf384cf300526ff0030912ed49436227 -- Knowledge_Hands_on/practice_examples/week02/pydantic_demo.py [123ms]
2026-07-25 17:44:06.700 [info] > git config --get commit.template [7ms]
2026-07-25 17:44:06.722 [info] > git for-each-ref --format=%(refname)%00%(upstream:short)%00%(objectname)%00%(upstream:track)%00%(upstream:remotename)%00%(upstream:remoteref) refs/heads/main refs/remotes/main [27ms]
2026-07-25 17:44:06.749 [info] > git for-each-ref --sort -committerdate --format %(refname)%00%(objectname)%00%(*objectname) [20ms]
2026-07-25 17:44:07.125 [info] > git status -z -uall [399ms]
2026-07-25 17:44:49.979 [info] > git config --get commit.template [7ms]
2026-07-25 17:44:49.994 [info] > git for-each-ref --format=%(refname)%00%(upstream:short)%00%(objectname)%00%(upstream:track)%00%(upstream:remotename)%00%(upstream:remoteref) refs/heads/main refs/remotes/main [19ms]
2026-07-25 17:44:50.017 [info] > git for-each-ref --sort -committerdate --format %(refname)%00%(objectname)%00%(*objectname) [16ms]
2026-07-25 17:44:50.090 [info] > git status -z -uall [91ms]
2026-07-25 17:44:55.102 [info] > git config --get commit.template [6ms]
2026-07-25 17:44:55.119 [info] > git for-each-ref --format=%(refname)%00%(upstream:short)%00%(objectname)%00%(upstream:track)%00%(upstream:remotename)%00%(upstream:remoteref) refs/heads/main refs/remotes/main [20ms]
2026-07-25 17:44:55.143 [info] > git for-each-ref --sort -committerdate --format %(refname)%00%(objectname)%00%(*objectname) [18ms]
2026-07-25 17:44:55.228 [info] > git status -z -uall [105ms]
2026-07-25 17:45:00.241 [info] > git config --get commit.template [7ms]
2026-07-25 17:45:00.257 [info] > git for-each-ref --format=%(refname)%00%(upstream:short)%00%(objectname)%00%(upstream:track)%00%(upstream:remotename)%00%(upstream:remoteref) refs/heads/main refs/remotes/main [20ms]
2026-07-25 17:45:00.281 [info] > git for-each-ref --sort -committerdate --format %(refname)%00%(objectname)%00%(*objectname) [18ms]
2026-07-25 17:45:00.362 [info] > git status -z -uall [101ms]
2026-07-25 17:45:00.677 [info] > git check-ignore -v -z --stdin [12ms]
2026-07-25 17:45:05.374 [info] > git config --get commit.template [6ms]
2026-07-25 17:45:05.391 [info] > git for-each-ref --format=%(refname)%00%(upstream:short)%00%(objectname)%00%(upstream:track)%00%(upstream:remotename)%00%(upstream:remoteref) refs/heads/main refs/remotes/main [20ms]
2026-07-25 17:45:05.416 [info] > git for-each-ref --sort -committerdate --format %(refname)%00%(objectname)%00%(*objectname) [17ms]
2026-07-25 17:45:05.497 [info] > git status -z -uall [101ms]
2026-07-25 17:45:10.511 [info] > git config --get commit.template [7ms]
2026-07-25 17:45:10.530 [info] > git for-each-ref --format=%(refname)%00%(upstream:short)%00%(objectname)%00%(upstream:track)%00%(upstream:remotename)%00%(upstream:remoteref) refs/heads/main refs/remotes/main [23ms]
2026-07-25 17:45:10.553 [info] > git for-each-ref --sort -committerdate --format %(refname)%00%(objectname)%00%(*objectname) [17ms]
2026-07-25 17:45:10.851 [info] > git status -z -uall [317ms]
2026-07-25 17:45:15.865 [info] > git config --get commit.template [7ms]
2026-07-25 17:45:15.881 [info] > git for-each-ref --format=%(refname)%00%(upstream:short)%00%(objectname)%00%(upstream:track)%00%(upstream:remotename)%00%(upstream:remoteref) refs/heads/main refs/remotes/main [20ms]
2026-07-25 17:45:15.904 [info] > git for-each-ref --sort -committerdate --format %(refname)%00%(objectname)%00%(*objectname) [17ms]
2026-07-25 17:45:15.987 [info] > git status -z -uall [102ms]
2026-07-25 17:45:21.002 [info] > git config --get commit.template [8ms]
2026-07-25 17:45:21.018 [info] > git for-each-ref --format=%(refname)%00%(upstream:short)%00%(objectname)%00%(upstream:track)%00%(upstream:remotename)%00%(upstream:remoteref) refs/heads/main refs/remotes/main [21ms]
2026-07-25 17:45:21.043 [info] > git for-each-ref --sort -committerdate --format %(refname)%00%(objectname)%00%(*objectname) [18ms]
2026-07-25 17:45:21.120 [info] > git status -z -uall [97ms]
2026-07-25 17:45:26.133 [info] > git config --get commit.template [6ms]
2026-07-25 17:45:26.150 [info] > git for-each-ref --format=%(refname)%00%(upstream:short)%00%(objectname)%00%(upstream:track)%00%(upstream:remotename)%00%(upstream:remoteref) refs/heads/main refs/remotes/main [19ms]
2026-07-25 17:45:26.174 [info] > git for-each-ref --sort -committerdate --format %(refname)%00%(objectname)%00%(*objectname) [16ms]
2026-07-25 17:45:26.249 [info] > git status -z -uall [94ms]
2026-07-25 17:45:31.262 [info] > git config --get commit.template [6ms]
2026-07-25 17:45:31.279 [info] > git for-each-ref --format=%(refname)%00%(upstream:short)%00%(objectname)%00%(upstream:track)%00%(upstream:remotename)%00%(upstream:remoteref) refs/heads/main refs/remotes/main [21ms]
2026-07-25 17:45:31.302 [info] > git for-each-ref --sort -committerdate --format %(refname)%00%(objectname)%00%(*objectname) [17ms]
2026-07-25 17:45:31.382 [info] > git status -z -uall [98ms]
2026-07-25 17:45:36.393 [info] > git config --get commit.template [6ms]
2026-07-25 17:45:36.411 [info] > git for-each-ref --format=%(refname)%00%(upstream:short)%00%(objectname)%00%(upstream:track)%00%(upstream:remotename)%00%(upstream:remoteref) refs/heads/main refs/remotes/main [21ms]
2026-07-25 17:45:36.434 [info] > git for-each-ref --sort -committerdate --format %(refname)%00%(objectname)%00%(*objectname) [17ms]
2026-07-25 17:45:36.509 [info] > git status -z -uall [93ms]
2026-07-25 17:45:41.520 [info] > git config --get commit.template [6ms]
2026-07-25 17:45:41.537 [info] > git for-each-ref --format=%(refname)%00%(upstream:short)%00%(objectname)%00%(upstream:track)%00%(upstream:remotename)%00%(upstream:remoteref) refs/heads/main refs/remotes/main [20ms]
2026-07-25 17:45:41.560 [info] > git for-each-ref --sort -committerdate --format %(refname)%00%(objectname)%00%(*objectname) [16ms]
2026-07-25 17:45:41.636 [info] > git status -z -uall [95ms]
2026-07-25 17:45:46.648 [info] > git config --get commit.template [6ms]
2026-07-25 17:45:46.665 [info] > git for-each-ref --format=%(refname)%00%(upstream:short)%00%(objectname)%00%(upstream:track)%00%(upstream:remotename)%00%(upstream:remoteref) refs/heads/main refs/remotes/main [19ms]
2026-07-25 17:45:46.689 [info] > git for-each-ref --sort -committerdate --format %(refname)%00%(objectname)%00%(*objectname) [16ms]
2026-07-25 17:45:46.766 [info] > git status -z -uall [95ms]
2026-07-25 17:45:51.779 [info] > git config --get commit.template [7ms]
2026-07-25 17:45:51.795 [info] > git for-each-ref --format=%(refname)%00%(upstream:short)%00%(objectname)%00%(upstream:track)%00%(upstream:remotename)%00%(upstream:remoteref) refs/heads/main refs/remotes/main [21ms]
2026-07-25 17:45:51.818 [info] > git for-each-ref --sort -committerdate --format %(refname)%00%(objectname)%00%(*objectname) [18ms]
2026-07-25 17:45:51.896 [info] > git status -z -uall [98ms]
2026-07-25 17:45:56.908 [info] > git config --get commit.template [6ms]
2026-07-25 17:45:56.925 [info] > git for-each-ref --format=%(refname)%00%(upstream:short)%00%(objectname)%00%(upstream:track)%00%(upstream:remotename)%00%(upstream:remoteref) refs/heads/main refs/remotes/main [20ms]
2026-07-25 17:45:56.950 [info] > git for-each-ref --sort -committerdate --format %(refname)%00%(objectname)%00%(*objectname) [18ms]
2026-07-25 17:45:57.023 [info] > git status -z -uall [93ms]
2026-07-25 17:45:58.071 [info] > git check-ignore -v -z --stdin [12ms]
2026-07-25 17:46:02.034 [info] > git config --get commit.template [6ms]
2026-07-25 17:46:02.053 [info] > git for-each-ref --format=%(refname)%00%(upstream:short)%00%(objectname)%00%(upstream:track)%00%(upstream:remotename)%00%(upstream:remoteref) refs/heads/main refs/remotes/main [21ms]
2026-07-25 17:46:02.077 [info] > git for-each-ref --sort -committerdate --format %(refname)%00%(objectname)%00%(*objectname) [18ms]
2026-07-25 17:46:02.156 [info] > git status -z -uall [99ms]
2026-07-25 17:46:07.167 [info] > git config --get commit.template [6ms]
2026-07-25 17:46:07.184 [info] > git for-each-ref --format=%(refname)%00%(upstream:short)%00%(objectname)%00%(upstream:track)%00%(upstream:remotename)%00%(upstream:remoteref) refs/heads/main refs/remotes/main [20ms]
2026-07-25 17:46:07.207 [info] > git for-each-ref --sort -committerdate --format %(refname)%00%(objectname)%00%(*objectname) [17ms]
2026-07-25 17:46:07.282 [info] > git status -z -uall [95ms]
2026-07-25 17:46:12.295 [info] > git config --get commit.template [7ms]
2026-07-25 17:46:12.314 [info] > git for-each-ref --format=%(refname)%00%(upstream:short)%00%(objectname)%00%(upstream:track)%00%(upstream:remotename)%00%(upstream:remoteref) refs/heads/main refs/remotes/main [23ms]
2026-07-25 17:46:12.337 [info] > git for-each-ref --sort -committerdate --format %(refname)%00%(objectname)%00%(*objectname) [17ms]
2026-07-25 17:46:12.629 [info] > git status -z -uall [311ms]
2026-07-25 17:46:17.642 [info] > git config --get commit.template [6ms]
2026-07-25 17:46:17.659 [info] > git for-each-ref --format=%(refname)%00%(upstream:short)%00%(objectname)%00%(upstream:track)%00%(upstream:remotename)%00%(upstream:remoteref) refs/heads/main refs/remotes/main [20ms]
2026-07-25 17:46:17.683 [info] > git for-each-ref --sort -committerdate --format %(refname)%00%(objectname)%00%(*objectname) [16ms]
2026-07-25 17:46:17.760 [info] > git status -z -uall [96ms]
2026-07-25 17:46:20.599 [info] > git show --textconv :Knowledge_Hands_on/practice_examples/week02/batch_demo.py [22ms]
2026-07-25 17:46:20.599 [info] > git ls-files --stage -- Knowledge_Hands_on/practice_examples/week02/batch_demo.py [19ms]
2026-07-25 17:46:20.618 [info] > git cat-file -s 8ef3b577dde7d004f76257cab327ae1a1d1c2739 [17ms]
2026-07-25 17:46:22.773 [info] > git config --get commit.template [6ms]
2026-07-25 17:46:22.789 [info] > git for-each-ref --format=%(refname)%00%(upstream:short)%00%(objectname)%00%(upstream:track)%00%(upstream:remotename)%00%(upstream:remoteref) refs/heads/main refs/remotes/main [20ms]
2026-07-25 17:46:22.812 [info] > git for-each-ref --sort -committerdate --format %(refname)%00%(objectname)%00%(*objectname) [17ms]
2026-07-25 17:46:22.886 [info] > git status -z -uall [93ms]
2026-07-25 17:46:27.899 [info] > git config --get commit.template [6ms]
2026-07-25 17:46:27.915 [info] > git for-each-ref --format=%(refname)%00%(upstream:short)%00%(objectname)%00%(upstream:track)%00%(upstream:remotename)%00%(upstream:remoteref) refs/heads/main refs/remotes/main [19ms]
2026-07-25 17:46:27.938 [info] > git for-each-ref --sort -committerdate --format %(refname)%00%(objectname)%00%(*objectname) [17ms]
2026-07-25 17:46:28.015 [info] > git status -z -uall [96ms]
2026-07-25 17:46:33.028 [info] > git config --get commit.template [7ms]
2026-07-25 17:46:33.046 [info] > git for-each-ref --format=%(refname)%00%(upstream:short)%00%(objectname)%00%(upstream:track)%00%(upstream:remotename)%00%(upstream:remoteref) refs/heads/main refs/remotes/main [22ms]
2026-07-25 17:46:33.070 [info] > git for-each-ref --sort -committerdate --format %(refname)%00%(objectname)%00%(*objectname) [17ms]
2026-07-25 17:46:33.145 [info] > git status -z -uall [95ms]
2026-07-25 17:46:38.157 [info] > git config --get commit.template [6ms]
2026-07-25 17:46:38.174 [info] > git for-each-ref --format=%(refname)%00%(upstream:short)%00%(objectname)%00%(upstream:track)%00%(upstream:remotename)%00%(upstream:remoteref) refs/heads/main refs/remotes/main [20ms]
2026-07-25 17:46:38.200 [info] > git for-each-ref --sort -committerdate --format %(refname)%00%(objectname)%00%(*objectname) [19ms]
2026-07-25 17:46:38.276 [info] > git status -z -uall [98ms]
2026-07-25 17:46:43.288 [info] > git config --get commit.template [6ms]
2026-07-25 17:46:43.305 [info] > git for-each-ref --format=%(refname)%00%(upstream:short)%00%(objectname)%00%(upstream:track)%00%(upstream:remotename)%00%(upstream:remoteref) refs/heads/main refs/remotes/main [20ms]
2026-07-25 17:46:43.329 [info] > git for-each-ref --sort -committerdate --format %(refname)%00%(objectname)%00%(*objectname) [18ms]
2026-07-25 17:46:43.403 [info] > git status -z -uall [94ms]
2026-07-25 17:46:48.414 [info] > git config --get commit.template [6ms]
2026-07-25 17:46:48.431 [info] > git for-each-ref --format=%(refname)%00%(upstream:short)%00%(objectname)%00%(upstream:track)%00%(upstream:remotename)%00%(upstream:remoteref) refs/heads/main refs/remotes/main [20ms]
2026-07-25 17:46:48.456 [info] > git for-each-ref --sort -committerdate --format %(refname)%00%(objectname)%00%(*objectname) [19ms]
2026-07-25 17:46:48.534 [info] > git status -z -uall [99ms]
2026-07-25 17:46:53.546 [info] > git config --get commit.template [5ms]
2026-07-25 17:46:53.563 [info] > git for-each-ref --format=%(refname)%00%(upstream:short)%00%(objectname)%00%(upstream:track)%00%(upstream:remotename)%00%(upstream:remoteref) refs/heads/main refs/remotes/main [21ms]
2026-07-25 17:46:53.588 [info] > git for-each-ref --sort -committerdate --format %(refname)%00%(objectname)%00%(*objectname) [18ms]
2026-07-25 17:46:53.667 [info] > git status -z -uall [100ms]
2026-07-25 17:46:58.678 [info] > git config --get commit.template [6ms]
2026-07-25 17:46:58.695 [info] > git for-each-ref --format=%(refname)%00%(upstream:short)%00%(objectname)%00%(upstream:track)%00%(upstream:remotename)%00%(upstream:remoteref) refs/heads/main refs/remotes/main [20ms]
2026-07-25 17:46:58.717 [info] > git for-each-ref --sort -committerdate --format %(refname)%00%(objectname)%00%(*objectname) [16ms]
2026-07-25 17:46:58.791 [info] > git status -z -uall [92ms]
2026-07-25 17:47:25.605 [info] > git config --get commit.template [7ms]
2026-07-25 17:47:25.623 [info] > git for-each-ref --format=%(refname)%00%(upstream:short)%00%(objectname)%00%(upstream:track)%00%(upstream:remotename)%00%(upstream:remoteref) refs/heads/main refs/remotes/main [23ms]
2026-07-25 17:47:25.647 [info] > git for-each-ref --sort -committerdate --format %(refname)%00%(objectname)%00%(*objectname) [16ms]
2026-07-25 17:47:25.931 [info] > git status -z -uall [303ms]
2026-07-25 17:47:40.399 [info] > git config --get commit.template [8ms]
2026-07-25 17:47:40.418 [info] > git for-each-ref --format=%(refname)%00%(upstream:short)%00%(objectname)%00%(upstream:track)%00%(upstream:remotename)%00%(upstream:remoteref) refs/heads/main refs/remotes/main [24ms]
2026-07-25 17:47:40.444 [info] > git for-each-ref --sort -committerdate --format %(refname)%00%(objectname)%00%(*objectname) [19ms]
2026-07-25 17:47:40.525 [info] > git status -z -uall [102ms]
2026-07-25 17:47:45.537 [info] > git config --get commit.template [6ms]
2026-07-25 17:47:45.554 [info] > git for-each-ref --format=%(refname)%00%(upstream:short)%00%(objectname)%00%(upstream:track)%00%(upstream:remotename)%00%(upstream:remoteref) refs/heads/main refs/remotes/main [21ms]
2026-07-25 17:47:45.579 [info] > git for-each-ref --sort -committerdate --format %(refname)%00%(objectname)%00%(*objectname) [19ms]
2026-07-25 17:47:45.655 [info] > git status -z -uall [97ms]
2026-07-25 17:47:45.963 [info] > git check-ignore -v -z --stdin [10ms]
2026-07-25 17:47:50.668 [info] > git config --get commit.template [6ms]
2026-07-25 17:47:50.685 [info] > git for-each-ref --format=%(refname)%00%(upstream:short)%00%(objectname)%00%(upstream:track)%00%(upstream:remotename)%00%(upstream:remoteref) refs/heads/main refs/remotes/main [20ms]
2026-07-25 17:47:50.710 [info] > git for-each-ref --sort -committerdate --format %(refname)%00%(objectname)%00%(*objectname) [17ms]
2026-07-25 17:47:50.788 [info] > git status -z -uall [98ms]
2026-07-25 17:47:55.802 [info] > git config --get commit.template [8ms]
2026-07-25 17:47:55.822 [info] > git for-each-ref --format=%(refname)%00%(upstream:short)%00%(objectname)%00%(upstream:track)%00%(upstream:remotename)%00%(upstream:remoteref) refs/heads/main refs/remotes/main [25ms]
2026-07-25 17:47:55.852 [info] > git for-each-ref --sort -committerdate --format %(refname)%00%(objectname)%00%(*objectname) [22ms]
2026-07-25 17:47:55.942 [info] > git status -z -uall [114ms]
2026-07-25 17:48:00.955 [info] > git config --get commit.template [6ms]
2026-07-25 17:48:00.971 [info] > git for-each-ref --format=%(refname)%00%(upstream:short)%00%(objectname)%00%(upstream:track)%00%(upstream:remotename)%00%(upstream:remoteref) refs/heads/main refs/remotes/main [20ms]
2026-07-25 17:48:00.995 [info] > git for-each-ref --sort -committerdate --format %(refname)%00%(objectname)%00%(*objectname) [16ms]
2026-07-25 17:48:01.068 [info] > git status -z -uall [92ms]
2026-07-25 17:48:06.080 [info] > git config --get commit.template [6ms]
2026-07-25 17:48:06.097 [info] > git for-each-ref --format=%(refname)%00%(upstream:short)%00%(objectname)%00%(upstream:track)%00%(upstream:remotename)%00%(upstream:remoteref) refs/heads/main refs/remotes/main [20ms]
2026-07-25 17:48:06.123 [info] > git for-each-ref --sort -committerdate --format %(refname)%00%(objectname)%00%(*objectname) [19ms]
2026-07-25 17:48:06.196 [info] > git status -z -uall [95ms]
2026-07-25 17:48:11.207 [info] > git config --get commit.template [6ms]
2026-07-25 17:48:11.224 [info] > git for-each-ref --format=%(refname)%00%(upstream:short)%00%(objectname)%00%(upstream:track)%00%(upstream:remotename)%00%(upstream:remoteref) refs/heads/main refs/remotes/main [20ms]
2026-07-25 17:48:11.246 [info] > git for-each-ref --sort -committerdate --format %(refname)%00%(objectname)%00%(*objectname) [16ms]
2026-07-25 17:48:11.321 [info] > git status -z -uall [93ms]
2026-07-25 17:48:16.334 [info] > git config --get commit.template [7ms]
2026-07-25 17:48:16.352 [info] > git for-each-ref --format=%(refname)%00%(upstream:short)%00%(objectname)%00%(upstream:track)%00%(upstream:remotename)%00%(upstream:remoteref) refs/heads/main refs/remotes/main [22ms]
2026-07-25 17:48:16.376 [info] > git for-each-ref --sort -committerdate --format %(refname)%00%(objectname)%00%(*objectname) [16ms]
2026-07-25 17:48:16.452 [info] > git status -z -uall [95ms]
2026-07-25 17:48:21.464 [info] > git config --get commit.template [6ms]
2026-07-25 17:48:21.480 [info] > git for-each-ref --format=%(refname)%00%(upstream:short)%00%(objectname)%00%(upstream:track)%00%(upstream:remotename)%00%(upstream:remoteref) refs/heads/main refs/remotes/main [20ms]
2026-07-25 17:48:21.505 [info] > git for-each-ref --sort -committerdate --format %(refname)%00%(objectname)%00%(*objectname) [18ms]
2026-07-25 17:48:21.582 [info] > git status -z -uall [97ms]
2026-07-25 17:48:26.597 [info] > git config --get commit.template [7ms]
2026-07-25 17:48:26.616 [info] > git for-each-ref --format=%(refname)%00%(upstream:short)%00%(objectname)%00%(upstream:track)%00%(upstream:remotename)%00%(upstream:remoteref) refs/heads/main refs/remotes/main [23ms]
2026-07-25 17:48:26.640 [info] > git for-each-ref --sort -committerdate --format %(refname)%00%(objectname)%00%(*objectname) [17ms]
2026-07-25 17:48:26.932 [info] > git status -z -uall [311ms]
2026-07-25 17:48:31.945 [info] > git config --get commit.template [7ms]
2026-07-25 17:48:31.962 [info] > git for-each-ref --format=%(refname)%00%(upstream:short)%00%(objectname)%00%(upstream:track)%00%(upstream:remotename)%00%(upstream:remoteref) refs/heads/main refs/remotes/main [21ms]
2026-07-25 17:48:31.986 [info] > git for-each-ref --sort -committerdate --format %(refname)%00%(objectname)%00%(*objectname) [17ms]
2026-07-25 17:48:32.060 [info] > git status -z -uall [93ms]
2026-07-25 17:48:37.074 [info] > git config --get commit.template [7ms]
2026-07-25 17:48:37.093 [info] > git for-each-ref --format=%(refname)%00%(upstream:short)%00%(objectname)%00%(upstream:track)%00%(upstream:remotename)%00%(upstream:remoteref) refs/heads/main refs/remotes/main [23ms]
2026-07-25 17:48:37.119 [info] > git for-each-ref --sort -committerdate --format %(refname)%00%(objectname)%00%(*objectname) [18ms]
2026-07-25 17:48:37.193 [info] > git status -z -uall [95ms]
2026-07-25 17:48:42.205 [info] > git config --get commit.template [6ms]
2026-07-25 17:48:42.222 [info] > git for-each-ref --format=%(refname)%00%(upstream:short)%00%(objectname)%00%(upstream:track)%00%(upstream:remotename)%00%(upstream:remoteref) refs/heads/main refs/remotes/main [20ms]
2026-07-25 17:48:42.247 [info] > git for-each-ref --sort -committerdate --format %(refname)%00%(objectname)%00%(*objectname) [18ms]
2026-07-25 17:48:42.325 [info] > git status -z -uall [98ms]
2026-07-25 17:48:47.337 [info] > git config --get commit.template [6ms]
2026-07-25 17:48:47.355 [info] > git for-each-ref --format=%(refname)%00%(upstream:short)%00%(objectname)%00%(upstream:track)%00%(upstream:remotename)%00%(upstream:remoteref) refs/heads/main refs/remotes/main [21ms]
2026-07-25 17:48:47.379 [info] > git for-each-ref --sort -committerdate --format %(refname)%00%(objectname)%00%(*objectname) [16ms]
2026-07-25 17:48:47.457 [info] > git status -z -uall [97ms]
2026-07-25 17:48:52.471 [info] > git config --get commit.template [8ms]
2026-07-25 17:48:52.487 [info] > git for-each-ref --format=%(refname)%00%(upstream:short)%00%(objectname)%00%(upstream:track)%00%(upstream:remotename)%00%(upstream:remoteref) refs/heads/main refs/remotes/main [20ms]
2026-07-25 17:48:52.512 [info] > git for-each-ref --sort -committerdate --format %(refname)%00%(objectname)%00%(*objectname) [18ms]
2026-07-25 17:48:52.586 [info] > git status -z -uall [94ms]
2026-07-25 17:48:57.599 [info] > git config --get commit.template [7ms]
2026-07-25 17:48:57.617 [info] > git for-each-ref --format=%(refname)%00%(upstream:short)%00%(objectname)%00%(upstream:track)%00%(upstream:remotename)%00%(upstream:remoteref) refs/heads/main refs/remotes/main [22ms]
2026-07-25 17:48:57.641 [info] > git for-each-ref --sort -committerdate --format %(refname)%00%(objectname)%00%(*objectname) [19ms]
2026-07-25 17:48:57.716 [info] > git status -z -uall [96ms]
2026-07-25 17:49:02.728 [info] > git config --get commit.template [7ms]
2026-07-25 17:49:02.745 [info] > git for-each-ref --format=%(refname)%00%(upstream:short)%00%(objectname)%00%(upstream:track)%00%(upstream:remotename)%00%(upstream:remoteref) refs/heads/main refs/remotes/main [20ms]
2026-07-25 17:49:02.770 [info] > git for-each-ref --sort -committerdate --format %(refname)%00%(objectname)%00%(*objectname) [17ms]
2026-07-25 17:49:02.844 [info] > git status -z -uall [94ms]
2026-07-25 17:49:07.858 [info] > git config --get commit.template [8ms]
2026-07-25 17:49:07.874 [info] > git for-each-ref --format=%(refname)%00%(upstream:short)%00%(objectname)%00%(upstream:track)%00%(upstream:remotename)%00%(upstream:remoteref) refs/heads/main refs/remotes/main [21ms]
2026-07-25 17:49:07.898 [info] > git for-each-ref --sort -committerdate --format %(refname)%00%(objectname)%00%(*objectname) [18ms]
2026-07-25 17:49:07.982 [info] > git status -z -uall [104ms]
2026-07-25 17:49:12.996 [info] > git config --get commit.template [7ms]
2026-07-25 17:49:13.012 [info] > git for-each-ref --format=%(refname)%00%(upstream:short)%00%(objectname)%00%(upstream:track)%00%(upstream:remotename)%00%(upstream:remoteref) refs/heads/main refs/remotes/main [20ms]
2026-07-25 17:49:13.036 [info] > git for-each-ref --sort -committerdate --format %(refname)%00%(objectname)%00%(*objectname) [17ms]
2026-07-25 17:49:13.116 [info] > git status -z -uall [99ms]
2026-07-25 17:49:18.128 [info] > git config --get commit.template [7ms]
2026-07-25 17:49:18.145 [info] > git for-each-ref --format=%(refname)%00%(upstream:short)%00%(objectname)%00%(upstream:track)%00%(upstream:remotename)%00%(upstream:remoteref) refs/heads/main refs/remotes/main [21ms]
2026-07-25 17:49:18.169 [info] > git for-each-ref --sort -committerdate --format %(refname)%00%(objectname)%00%(*objectname) [17ms]
2026-07-25 17:49:18.246 [info] > git status -z -uall [96ms]
2026-07-25 17:49:23.259 [info] > git config --get commit.template [7ms]
2026-07-25 17:49:23.277 [info] > git for-each-ref --format=%(refname)%00%(upstream:short)%00%(objectname)%00%(upstream:track)%00%(upstream:remotename)%00%(upstream:remoteref) refs/heads/main refs/remotes/main [22ms]
2026-07-25 17:49:23.302 [info] > git for-each-ref --sort -committerdate --format %(refname)%00%(objectname)%00%(*objectname) [19ms]
2026-07-25 17:49:23.383 [info] > git status -z -uall [102ms]
2026-07-25 17:49:28.397 [info] > git config --get commit.template [7ms]
2026-07-25 17:49:28.416 [info] > git for-each-ref --format=%(refname)%00%(upstream:short)%00%(objectname)%00%(upstream:track)%00%(upstream:remotename)%00%(upstream:remoteref) refs/heads/main refs/remotes/main [23ms]
2026-07-25 17:49:28.441 [info] > git for-each-ref --sort -committerdate --format %(refname)%00%(objectname)%00%(*objectname) [19ms]
2026-07-25 17:49:28.748 [info] > git status -z -uall [328ms]
2026-07-25 17:49:33.760 [info] > git config --get commit.template [6ms]
2026-07-25 17:49:33.776 [info] > git for-each-ref --format=%(refname)%00%(upstream:short)%00%(objectname)%00%(upstream:track)%00%(upstream:remotename)%00%(upstream:remoteref) refs/heads/main refs/remotes/main [19ms]
2026-07-25 17:49:33.798 [info] > git for-each-ref --sort -committerdate --format %(refname)%00%(objectname)%00%(*objectname) [17ms]
2026-07-25 17:49:33.872 [info] > git status -z -uall [93ms]
2026-07-25 17:49:38.884 [info] > git config --get commit.template [5ms]
2026-07-25 17:49:38.899 [info] > git for-each-ref --format=%(refname)%00%(upstream:short)%00%(objectname)%00%(upstream:track)%00%(upstream:remotename)%00%(upstream:remoteref) refs/heads/main refs/remotes/main [17ms]
2026-07-25 17:49:38.918 [info] > git for-each-ref --sort -committerdate --format %(refname)%00%(objectname)%00%(*objectname) [13ms]
2026-07-25 17:49:38.995 [info] > git status -z -uall [92ms]
2026-07-25 17:49:44.007 [info] > git config --get commit.template [6ms]
2026-07-25 17:49:44.020 [info] > git for-each-ref --format=%(refname)%00%(upstream:short)%00%(objectname)%00%(upstream:track)%00%(upstream:remotename)%00%(upstream:remoteref) refs/heads/main refs/remotes/main [16ms]
2026-07-25 17:49:44.040 [info] > git for-each-ref --sort -committerdate --format %(refname)%00%(objectname)%00%(*objectname) [15ms]
2026-07-25 17:49:44.111 [info] > git status -z -uall [88ms]
2026-07-25 17:49:49.124 [info] > git config --get commit.template [6ms]
2026-07-25 17:49:49.138 [info] > git for-each-ref --format=%(refname)%00%(upstream:short)%00%(objectname)%00%(upstream:track)%00%(upstream:remotename)%00%(upstream:remoteref) refs/heads/main refs/remotes/main [17ms]
2026-07-25 17:49:49.161 [info] > git for-each-ref --sort -committerdate --format %(refname)%00%(objectname)%00%(*objectname) [18ms]
2026-07-25 17:49:49.234 [info] > git status -z -uall [93ms]
2026-07-25 17:49:54.245 [info] > git config --get commit.template [6ms]
2026-07-25 17:49:54.262 [info] > git for-each-ref --format=%(refname)%00%(upstream:short)%00%(objectname)%00%(upstream:track)%00%(upstream:remotename)%00%(upstream:remoteref) refs/heads/main refs/remotes/main [20ms]
2026-07-25 17:49:54.283 [info] > git for-each-ref --sort -committerdate --format %(refname)%00%(objectname)%00%(*objectname) [15ms]
2026-07-25 17:49:54.352 [info] > git status -z -uall [86ms]
2026-07-25 17:49:59.365 [info] > git config --get commit.template [6ms]
2026-07-25 17:49:59.379 [info] > git for-each-ref --format=%(refname)%00%(upstream:short)%00%(objectname)%00%(upstream:track)%00%(upstream:remotename)%00%(upstream:remoteref) refs/heads/main refs/remotes/main [16ms]
2026-07-25 17:49:59.400 [info] > git for-each-ref --sort -committerdate --format %(refname)%00%(objectname)%00%(*objectname) [14ms]
2026-07-25 17:49:59.468 [info] > git status -z -uall [85ms]
2026-07-25 17:50:04.480 [info] > git config --get commit.template [6ms]
2026-07-25 17:50:04.494 [info] > git for-each-ref --format=%(refname)%00%(upstream:short)%00%(objectname)%00%(upstream:track)%00%(upstream:remotename)%00%(upstream:remoteref) refs/heads/main refs/remotes/main [16ms]
2026-07-25 17:50:04.518 [info] > git for-each-ref --sort -committerdate --format %(refname)%00%(objectname)%00%(*objectname) [16ms]
2026-07-25 17:50:04.584 [info] > git status -z -uall [85ms]
2026-07-25 17:50:09.596 [info] > git config --get commit.template [6ms]
2026-07-25 17:50:09.617 [info] > git for-each-ref --format=%(refname)%00%(upstream:short)%00%(objectname)%00%(upstream:track)%00%(upstream:remotename)%00%(upstream:remoteref) refs/heads/main refs/remotes/main [25ms]
2026-07-25 17:50:09.638 [info] > git for-each-ref --sort -committerdate --format %(refname)%00%(objectname)%00%(*objectname) [14ms]
2026-07-25 17:50:09.710 [info] > git status -z -uall [88ms]
2026-07-25 17:50:14.719 [info] > git config --get commit.template [5ms]
2026-07-25 17:50:14.733 [info] > git for-each-ref --format=%(refname)%00%(upstream:short)%00%(objectname)%00%(upstream:track)%00%(upstream:remotename)%00%(upstream:remoteref) refs/heads/main refs/remotes/main [16ms]
2026-07-25 17:50:14.753 [info] > git for-each-ref --sort -committerdate --format %(refname)%00%(objectname)%00%(*objectname) [15ms]
2026-07-25 17:50:14.817 [info] > git status -z -uall [81ms]
2026-07-25 17:50:19.828 [info] > git config --get commit.template [5ms]
2026-07-25 17:50:19.841 [info] > git for-each-ref --format=%(refname)%00%(upstream:short)%00%(objectname)%00%(upstream:track)%00%(upstream:remotename)%00%(upstream:remoteref) refs/heads/main refs/remotes/main [15ms]
2026-07-25 17:50:19.859 [info] > git for-each-ref --sort -committerdate --format %(refname)%00%(objectname)%00%(*objectname) [13ms]
2026-07-25 17:50:19.924 [info] > git status -z -uall [80ms]
2026-07-25 17:50:24.936 [info] > git config --get commit.template [6ms]
2026-07-25 17:50:24.950 [info] > git for-each-ref --format=%(refname)%00%(upstream:short)%00%(objectname)%00%(upstream:track)%00%(upstream:remotename)%00%(upstream:remoteref) refs/heads/main refs/remotes/main [17ms]
2026-07-25 17:50:24.968 [info] > git for-each-ref --sort -committerdate --format %(refname)%00%(objectname)%00%(*objectname) [13ms]
2026-07-25 17:50:25.031 [info] > git status -z -uall [78ms]
2026-07-25 17:50:30.044 [info] > git config --get commit.template [6ms]
2026-07-25 17:50:30.060 [info] > git for-each-ref --format=%(refname)%00%(upstream:short)%00%(objectname)%00%(upstream:track)%00%(upstream:remotename)%00%(upstream:remoteref) refs/heads/main refs/remotes/main [19ms]
2026-07-25 17:50:30.082 [info] > git for-each-ref --sort -committerdate --format %(refname)%00%(objectname)%00%(*objectname) [15ms]
2026-07-25 17:50:30.369 [info] > git status -z -uall [304ms]
2026-07-25 17:50:35.380 [info] > git config --get commit.template [6ms]
2026-07-25 17:50:35.393 [info] > git for-each-ref --format=%(refname)%00%(upstream:short)%00%(objectname)%00%(upstream:track)%00%(upstream:remotename)%00%(upstream:remoteref) refs/heads/main refs/remotes/main [16ms]
2026-07-25 17:50:35.417 [info] > git for-each-ref --sort -committerdate --format %(refname)%00%(objectname)%00%(*objectname) [18ms]
2026-07-25 17:50:35.490 [info] > git status -z -uall [93ms]
2026-07-25 17:50:40.502 [info] > git config --get commit.template [6ms]
2026-07-25 17:50:40.515 [info] > git for-each-ref --format=%(refname)%00%(upstream:short)%00%(objectname)%00%(upstream:track)%00%(upstream:remotename)%00%(upstream:remoteref) refs/heads/main refs/remotes/main [16ms]
2026-07-25 17:50:40.534 [info] > git for-each-ref --sort -committerdate --format %(refname)%00%(objectname)%00%(*objectname) [14ms]
2026-07-25 17:50:40.598 [info] > git status -z -uall [80ms]
2026-07-25 17:50:45.610 [info] > git config --get commit.template [7ms]
2026-07-25 17:50:45.625 [info] > git for-each-ref --format=%(refname)%00%(upstream:short)%00%(objectname)%00%(upstream:track)%00%(upstream:remotename)%00%(upstream:remoteref) refs/heads/main refs/remotes/main [18ms]
2026-07-25 17:50:45.648 [info] > git for-each-ref --sort -committerdate --format %(refname)%00%(objectname)%00%(*objectname) [16ms]
2026-07-25 17:50:45.721 [info] > git status -z -uall [91ms]
2026-07-25 17:50:50.732 [info] > git config --get commit.template [6ms]
2026-07-25 17:50:50.746 [info] > git for-each-ref --format=%(refname)%00%(upstream:short)%00%(objectname)%00%(upstream:track)%00%(upstream:remotename)%00%(upstream:remoteref) refs/heads/main refs/remotes/main [17ms]
2026-07-25 17:50:50.766 [info] > git for-each-ref --sort -committerdate --format %(refname)%00%(objectname)%00%(*objectname) [15ms]
2026-07-25 17:50:50.834 [info] > git status -z -uall [85ms]
2026-07-25 17:50:57.453 [info] > git config --get commit.template [7ms]
2026-07-25 17:50:57.466 [info] > git for-each-ref --format=%(refname)%00%(upstream:short)%00%(objectname)%00%(upstream:track)%00%(upstream:remotename)%00%(upstream:remoteref) refs/heads/main refs/remotes/main [16ms]
2026-07-25 17:50:57.486 [info] > git for-each-ref --sort -committerdate --format %(refname)%00%(objectname)%00%(*objectname) [15ms]
2026-07-25 17:50:57.553 [info] > git status -z -uall [84ms]
2026-07-25 17:51:02.564 [info] > git config --get commit.template [6ms]
2026-07-25 17:51:02.577 [info] > git for-each-ref --format=%(refname)%00%(upstream:short)%00%(objectname)%00%(upstream:track)%00%(upstream:remotename)%00%(upstream:remoteref) refs/heads/main refs/remotes/main [16ms]
2026-07-25 17:51:02.601 [info] > git for-each-ref --sort -committerdate --format %(refname)%00%(objectname)%00%(*objectname) [17ms]
2026-07-25 17:51:02.671 [info] > git status -z -uall [90ms]
2026-07-25 17:51:07.683 [info] > git config --get commit.template [7ms]
2026-07-25 17:51:07.697 [info] > git for-each-ref --format=%(refname)%00%(upstream:short)%00%(objectname)%00%(upstream:track)%00%(upstream:remotename)%00%(upstream:remoteref) refs/heads/main refs/remotes/main [17ms]
2026-07-25 17:51:07.717 [info] > git for-each-ref --sort -committerdate --format %(refname)%00%(objectname)%00%(*objectname) [14ms]
2026-07-25 17:51:07.783 [info] > git status -z -uall [83ms]
2026-07-25 17:51:12.794 [info] > git config --get commit.template [5ms]
2026-07-25 17:51:12.807 [info] > git for-each-ref --format=%(refname)%00%(upstream:short)%00%(objectname)%00%(upstream:track)%00%(upstream:remotename)%00%(upstream:remoteref) refs/heads/main refs/remotes/main [16ms]
2026-07-25 17:51:12.826 [info] > git for-each-ref --sort -committerdate --format %(refname)%00%(objectname)%00%(*objectname) [14ms]
2026-07-25 17:51:12.893 [info] > git status -z -uall [83ms]
2026-07-25 17:51:17.904 [info] > git config --get commit.template [5ms]
2026-07-25 17:51:17.917 [info] > git for-each-ref --format=%(refname)%00%(upstream:short)%00%(objectname)%00%(upstream:track)%00%(upstream:remotename)%00%(upstream:remoteref) refs/heads/main refs/remotes/main [16ms]
2026-07-25 17:51:17.941 [info] > git for-each-ref --sort -committerdate --format %(refname)%00%(objectname)%00%(*objectname) [18ms]
2026-07-25 17:51:18.011 [info] > git status -z -uall [90ms]
2026-07-25 17:51:23.022 [info] > git config --get commit.template [6ms]
2026-07-25 17:51:23.037 [info] > git for-each-ref --format=%(refname)%00%(upstream:short)%00%(objectname)%00%(upstream:track)%00%(upstream:remotename)%00%(upstream:remoteref) refs/heads/main refs/remotes/main [18ms]
2026-07-25 17:51:23.062 [info] > git for-each-ref --sort -committerdate --format %(refname)%00%(objectname)%00%(*objectname) [18ms]
2026-07-25 17:51:23.141 [info] > git status -z -uall [99ms]
2026-07-25 17:51:28.152 [info] > git config --get commit.template [6ms]
2026-07-25 17:51:28.166 [info] > git for-each-ref --format=%(refname)%00%(upstream:short)%00%(objectname)%00%(upstream:track)%00%(upstream:remotename)%00%(upstream:remoteref) refs/heads/main refs/remotes/main [16ms]
2026-07-25 17:51:28.188 [info] > git for-each-ref --sort -committerdate --format %(refname)%00%(objectname)%00%(*objectname) [16ms]
2026-07-25 17:51:28.261 [info] > git status -z -uall [92ms]
2026-07-25 17:51:29.179 [info] > git check-ignore -v -z --stdin [8ms]
2026-07-25 17:51:30.754 [info] > git check-ignore -v -z --stdin [12ms]
2026-07-25 17:51:32.288 [info] > git check-ignore -v -z --stdin [9ms]
2026-07-25 17:51:33.272 [info] > git config --get commit.template [5ms]
2026-07-25 17:51:33.288 [info] > git for-each-ref --format=%(refname)%00%(upstream:short)%00%(objectname)%00%(upstream:track)%00%(upstream:remotename)%00%(upstream:remoteref) refs/heads/main refs/remotes/main [18ms]
2026-07-25 17:51:33.308 [info] > git for-each-ref --sort -committerdate --format %(refname)%00%(objectname)%00%(*objectname) [14ms]
2026-07-25 17:51:33.594 [info] > git status -z -uall [303ms]
2026-07-25 17:51:34.667 [info] > git check-ignore -v -z --stdin [9ms]
2026-07-25 17:51:38.606 [info] > git config --get commit.template [6ms]
2026-07-25 17:51:38.620 [info] > git for-each-ref --format=%(refname)%00%(upstream:short)%00%(objectname)%00%(upstream:track)%00%(upstream:remotename)%00%(upstream:remoteref) refs/heads/main refs/remotes/main [17ms]
2026-07-25 17:51:38.642 [info] > git for-each-ref --sort -committerdate --format %(refname)%00%(objectname)%00%(*objectname) [16ms]
2026-07-25 17:51:38.716 [info] > git status -z -uall [92ms]
2026-07-25 17:51:38.725 [info] > git ls-files --stage -- Knowledge_Hands_on/data/questions.csv [12ms]
2026-07-25 17:51:38.735 [info] > git show --textconv :Knowledge_Hands_on/data/questions.csv [24ms]
2026-07-25 17:51:38.744 [info] > git cat-file -s fb08fc50fa107709b01780a7f89563542ecc4ed5 [16ms]
2026-07-25 17:51:43.727 [info] > git config --get commit.template [6ms]
2026-07-25 17:51:43.766 [info] > git for-each-ref --format=%(refname)%00%(upstream:short)%00%(objectname)%00%(upstream:track)%00%(upstream:remotename)%00%(upstream:remoteref) refs/heads/main refs/remotes/main [42ms]
2026-07-25 17:51:43.790 [info] > git for-each-ref --sort -committerdate --format %(refname)%00%(objectname)%00%(*objectname) [18ms]
2026-07-25 17:51:43.883 [info] > git status -z -uall [113ms]
2026-07-25 17:51:48.894 [info] > git config --get commit.template [6ms]
2026-07-25 17:51:48.907 [info] > git for-each-ref --format=%(refname)%00%(upstream:short)%00%(objectname)%00%(upstream:track)%00%(upstream:remotename)%00%(upstream:remoteref) refs/heads/main refs/remotes/main [15ms]
2026-07-25 17:51:48.928 [info] > git for-each-ref --sort -committerdate --format %(refname)%00%(objectname)%00%(*objectname) [15ms]
2026-07-25 17:51:48.993 [info] > git status -z -uall [83ms]
2026-07-25 17:51:54.005 [info] > git config --get commit.template [7ms]
2026-07-25 17:51:54.017 [info] > git for-each-ref --format=%(refname)%00%(upstream:short)%00%(objectname)%00%(upstream:track)%00%(upstream:remotename)%00%(upstream:remoteref) refs/heads/main refs/remotes/main [16ms]
2026-07-25 17:51:54.036 [info] > git for-each-ref --sort -committerdate --format %(refname)%00%(objectname)%00%(*objectname) [14ms]
2026-07-25 17:51:54.102 [info] > git status -z -uall [82ms]
2026-07-25 17:51:55.347 [info] > git ls-files --stage -- Knowledge_Hands_on/data/questions.csv [9ms]
2026-07-25 17:51:55.355 [info] > git show --textconv :Knowledge_Hands_on/data/questions.csv [19ms]
2026-07-25 17:51:55.360 [info] > git cat-file -s fb08fc50fa107709b01780a7f89563542ecc4ed5 [11ms]
2026-07-25 17:51:57.428 [info] > git ls-files --stage -- Knowledge_Hands_on/practice_examples/week02/batch_demo.py [9ms]
2026-07-25 17:51:57.435 [info] > git show --textconv :Knowledge_Hands_on/practice_examples/week02/batch_demo.py [19ms]
2026-07-25 17:51:57.439 [info] > git cat-file -s 8ef3b577dde7d004f76257cab327ae1a1d1c2739 [10ms]
2026-07-25 17:51:59.113 [info] > git config --get commit.template [6ms]
2026-07-25 17:51:59.126 [info] > git for-each-ref --format=%(refname)%00%(upstream:short)%00%(objectname)%00%(upstream:track)%00%(upstream:remotename)%00%(upstream:remoteref) refs/heads/main refs/remotes/main [15ms]
2026-07-25 17:51:59.145 [info] > git for-each-ref --sort -committerdate --format %(refname)%00%(objectname)%00%(*objectname) [14ms]
2026-07-25 17:51:59.210 [info] > git status -z -uall [81ms]
2026-07-25 17:52:04.221 [info] > git config --get commit.template [5ms]
2026-07-25 17:52:04.235 [info] > git for-each-ref --format=%(refname)%00%(upstream:short)%00%(objectname)%00%(upstream:track)%00%(upstream:remotename)%00%(upstream:remoteref) refs/heads/main refs/remotes/main [16ms]
2026-07-25 17:52:04.255 [info] > git for-each-ref --sort -committerdate --format %(refname)%00%(objectname)%00%(*objectname) [14ms]
2026-07-25 17:52:04.320 [info] > git status -z -uall [81ms]
2026-07-25 17:52:06.438 [info] > git blame --root --incremental 7af3d14ccf384cf300526ff0030912ed49436227 -- Knowledge_Hands_on/practice_examples/week02/batch_demo.py [117ms]
2026-07-25 17:52:16.459 [info] > git config --get commit.template [6ms]
2026-07-25 17:52:16.472 [info] > git for-each-ref --format=%(refname)%00%(upstream:short)%00%(objectname)%00%(upstream:track)%00%(upstream:remotename)%00%(upstream:remoteref) refs/heads/main refs/remotes/main [16ms]
2026-07-25 17:52:16.491 [info] > git for-each-ref --sort -committerdate --format %(refname)%00%(objectname)%00%(*objectname) [13ms]
2026-07-25 17:52:16.564 [info] > git status -z -uall [89ms]
2026-07-25 17:52:25.473 [info] > git config --get commit.template [6ms]
2026-07-25 17:52:25.486 [info] > git for-each-ref --format=%(refname)%00%(upstream:short)%00%(objectname)%00%(upstream:track)%00%(upstream:remotename)%00%(upstream:remoteref) refs/heads/main refs/remotes/main [16ms]
2026-07-25 17:52:25.505 [info] > git for-each-ref --sort -committerdate --format %(refname)%00%(objectname)%00%(*objectname) [13ms]
2026-07-25 17:52:25.574 [info] > git status -z -uall [84ms]
2026-07-25 17:52:30.589 [info] > git config --get commit.template [10ms]
2026-07-25 17:52:30.601 [info] > git for-each-ref --format=%(refname)%00%(upstream:short)%00%(objectname)%00%(upstream:track)%00%(upstream:remotename)%00%(upstream:remoteref) refs/heads/main refs/remotes/main [16ms]
2026-07-25 17:52:30.624 [info] > git for-each-ref --sort -committerdate --format %(refname)%00%(objectname)%00%(*objectname) [17ms]
2026-07-25 17:52:30.697 [info] > git status -z -uall [93ms]
2026-07-25 17:52:36.474 [info] > git config --get commit.template [6ms]
2026-07-25 17:52:36.488 [info] > git for-each-ref --format=%(refname)%00%(upstream:short)%00%(objectname)%00%(upstream:track)%00%(upstream:remotename)%00%(upstream:remoteref) refs/heads/main refs/remotes/main [17ms]
2026-07-25 17:52:36.508 [info] > git for-each-ref --sort -committerdate --format %(refname)%00%(objectname)%00%(*objectname) [13ms]
2026-07-25 17:52:36.704 [info] > git status -z -uall [212ms]
2026-07-25 17:52:42.474 [info] > git config --get commit.template [6ms]
2026-07-25 17:52:42.488 [info] > git for-each-ref --format=%(refname)%00%(upstream:short)%00%(objectname)%00%(upstream:track)%00%(upstream:remotename)%00%(upstream:remoteref) refs/heads/main refs/remotes/main [17ms]
2026-07-25 17:52:42.507 [info] > git for-each-ref --sort -committerdate --format %(refname)%00%(objectname)%00%(*objectname) [14ms]
2026-07-25 17:52:42.575 [info] > git status -z -uall [83ms]
2026-07-25 17:52:47.586 [info] > git config --get commit.template [6ms]
2026-07-25 17:52:47.599 [info] > git for-each-ref --format=%(refname)%00%(upstream:short)%00%(objectname)%00%(upstream:track)%00%(upstream:remotename)%00%(upstream:remoteref) refs/heads/main refs/remotes/main [16ms]
2026-07-25 17:52:47.619 [info] > git for-each-ref --sort -committerdate --format %(refname)%00%(objectname)%00%(*objectname) [14ms]
2026-07-25 17:52:47.685 [info] > git status -z -uall [82ms]
2026-07-25 17:52:52.698 [info] > git config --get commit.template [7ms]
2026-07-25 17:52:52.712 [info] > git for-each-ref --format=%(refname)%00%(upstream:short)%00%(objectname)%00%(upstream:track)%00%(upstream:remotename)%00%(upstream:remoteref) refs/heads/main refs/remotes/main [17ms]
2026-07-25 17:52:52.732 [info] > git for-each-ref --sort -committerdate --format %(refname)%00%(objectname)%00%(*objectname) [14ms]
2026-07-25 17:52:52.797 [info] > git status -z -uall [81ms]
2026-07-25 17:52:57.809 [info] > git config --get commit.template [7ms]
2026-07-25 17:52:57.823 [info] > git for-each-ref --format=%(refname)%00%(upstream:short)%00%(objectname)%00%(upstream:track)%00%(upstream:remotename)%00%(upstream:remoteref) refs/heads/main refs/remotes/main [17ms]
2026-07-25 17:52:57.843 [info] > git for-each-ref --sort -committerdate --format %(refname)%00%(objectname)%00%(*objectname) [15ms]
2026-07-25 17:52:57.911 [info] > git status -z -uall [85ms]
2026-07-25 17:53:02.923 [info] > git config --get commit.template [7ms]
2026-07-25 17:53:02.939 [info] > git for-each-ref --format=%(refname)%00%(upstream:short)%00%(objectname)%00%(upstream:track)%00%(upstream:remotename)%00%(upstream:remoteref) refs/heads/main refs/remotes/main [18ms]
2026-07-25 17:53:02.960 [info] > git for-each-ref --sort -committerdate --format %(refname)%00%(objectname)%00%(*objectname) [16ms]
2026-07-25 17:53:03.034 [info] > git status -z -uall [92ms]
2026-07-25 17:53:08.045 [info] > git config --get commit.template [5ms]
2026-07-25 17:53:08.059 [info] > git for-each-ref --format=%(refname)%00%(upstream:short)%00%(objectname)%00%(upstream:track)%00%(upstream:remotename)%00%(upstream:remoteref) refs/heads/main refs/remotes/main [17ms]
2026-07-25 17:53:08.077 [info] > git for-each-ref --sort -committerdate --format %(refname)%00%(objectname)%00%(*objectname) [13ms]
2026-07-25 17:53:08.142 [info] > git status -z -uall [80ms]
2026-07-25 17:53:13.153 [info] > git config --get commit.template [6ms]
2026-07-25 17:53:13.170 [info] > git for-each-ref --format=%(refname)%00%(upstream:short)%00%(objectname)%00%(upstream:track)%00%(upstream:remotename)%00%(upstream:remoteref) refs/heads/main refs/remotes/main [19ms]
2026-07-25 17:53:13.192 [info] > git for-each-ref --sort -committerdate --format %(refname)%00%(objectname)%00%(*objectname) [17ms]
2026-07-25 17:53:13.280 [info] > git status -z -uall [107ms]
2026-07-25 17:53:18.293 [info] > git config --get commit.template [5ms]
2026-07-25 17:53:18.307 [info] > git for-each-ref --format=%(refname)%00%(upstream:short)%00%(objectname)%00%(upstream:track)%00%(upstream:remotename)%00%(upstream:remoteref) refs/heads/main refs/remotes/main [17ms]
2026-07-25 17:53:18.331 [info] > git for-each-ref --sort -committerdate --format %(refname)%00%(objectname)%00%(*objectname) [17ms]
2026-07-25 17:53:18.401 [info] > git status -z -uall [90ms]
2026-07-25 17:53:23.412 [info] > git config --get commit.template [5ms]
2026-07-25 17:53:23.427 [info] > git for-each-ref --format=%(refname)%00%(upstream:short)%00%(objectname)%00%(upstream:track)%00%(upstream:remotename)%00%(upstream:remoteref) refs/heads/main refs/remotes/main [17ms]
2026-07-25 17:53:23.447 [info] > git for-each-ref --sort -committerdate --format %(refname)%00%(objectname)%00%(*objectname) [14ms]
2026-07-25 17:53:23.518 [info] > git status -z -uall [87ms]
2026-07-25 17:53:28.529 [info] > git config --get commit.template [6ms]
2026-07-25 17:53:28.542 [info] > git for-each-ref --format=%(refname)%00%(upstream:short)%00%(objectname)%00%(upstream:track)%00%(upstream:remotename)%00%(upstream:remoteref) refs/heads/main refs/remotes/main [16ms]
2026-07-25 17:53:28.562 [info] > git for-each-ref --sort -committerdate --format %(refname)%00%(objectname)%00%(*objectname) [15ms]
2026-07-25 17:53:28.631 [info] > git status -z -uall [85ms]
2026-07-25 17:53:31.334 [info] > git check-ignore -v -z --stdin [10ms]
2026-07-25 17:53:33.022 [info] > git ls-files --stage -- Knowledge_Hands_on/practice_examples/week02/booking.py [8ms]
2026-07-25 17:53:33.028 [info] > git show --textconv :Knowledge_Hands_on/practice_examples/week02/booking.py [18ms]
2026-07-25 17:53:33.037 [info] > git cat-file -s 3aa656c05ea6965f13adc7435600bfeb4cae811d [14ms]
2026-07-25 17:53:33.643 [info] > git config --get commit.template [6ms]
2026-07-25 17:53:33.659 [info] > git for-each-ref --format=%(refname)%00%(upstream:short)%00%(objectname)%00%(upstream:track)%00%(upstream:remotename)%00%(upstream:remoteref) refs/heads/main refs/remotes/main [19ms]
2026-07-25 17:53:33.681 [info] > git for-each-ref --sort -committerdate --format %(refname)%00%(objectname)%00%(*objectname) [16ms]
2026-07-25 17:53:33.813 [info] > git status -z -uall [150ms]
2026-07-25 17:53:38.824 [info] > git config --get commit.template [6ms]
2026-07-25 17:53:38.838 [info] > git for-each-ref --format=%(refname)%00%(upstream:short)%00%(objectname)%00%(upstream:track)%00%(upstream:remotename)%00%(upstream:remoteref) refs/heads/main refs/remotes/main [17ms]
2026-07-25 17:53:38.861 [info] > git for-each-ref --sort -committerdate --format %(refname)%00%(objectname)%00%(*objectname) [16ms]
2026-07-25 17:53:39.078 [info] > git status -z -uall [235ms]
2026-07-25 17:53:41.767 [info] > git blame --root --incremental 7af3d14ccf384cf300526ff0030912ed49436227 -- Knowledge_Hands_on/practice_examples/week02/booking.py [111ms]
2026-07-25 17:53:44.090 [info] > git config --get commit.template [5ms]
2026-07-25 17:53:44.104 [info] > git for-each-ref --format=%(refname)%00%(upstream:short)%00%(objectname)%00%(upstream:track)%00%(upstream:remotename)%00%(upstream:remoteref) refs/heads/main refs/remotes/main [16ms]
2026-07-25 17:53:44.125 [info] > git for-each-ref --sort -committerdate --format %(refname)%00%(objectname)%00%(*objectname) [16ms]
2026-07-25 17:53:44.199 [info] > git status -z -uall [92ms]
2026-07-25 17:53:50.488 [info] > git config --get commit.template [6ms]
2026-07-25 17:53:50.501 [info] > git for-each-ref --format=%(refname)%00%(upstream:short)%00%(objectname)%00%(upstream:track)%00%(upstream:remotename)%00%(upstream:remoteref) refs/heads/main refs/remotes/main [16ms]
2026-07-25 17:53:50.520 [info] > git for-each-ref --sort -committerdate --format %(refname)%00%(objectname)%00%(*objectname) [14ms]
2026-07-25 17:53:50.589 [info] > git status -z -uall [85ms]
2026-07-25 17:53:55.602 [info] > git config --get commit.template [6ms]
2026-07-25 17:53:55.614 [info] > git for-each-ref --format=%(refname)%00%(upstream:short)%00%(objectname)%00%(upstream:track)%00%(upstream:remotename)%00%(upstream:remoteref) refs/heads/main refs/remotes/main [15ms]
2026-07-25 17:53:55.633 [info] > git for-each-ref --sort -committerdate --format %(refname)%00%(objectname)%00%(*objectname) [13ms]
2026-07-25 17:53:55.700 [info] > git status -z -uall [82ms]
2026-07-25 17:54:00.712 [info] > git config --get commit.template [6ms]
2026-07-25 17:54:00.726 [info] > git for-each-ref --format=%(refname)%00%(upstream:short)%00%(objectname)%00%(upstream:track)%00%(upstream:remotename)%00%(upstream:remoteref) refs/heads/main refs/remotes/main [17ms]
2026-07-25 17:54:00.745 [info] > git for-each-ref --sort -committerdate --format %(refname)%00%(objectname)%00%(*objectname) [14ms]
2026-07-25 17:54:00.814 [info] > git status -z -uall [85ms]
2026-07-25 17:54:05.832 [info] > git config --get commit.template [12ms]
2026-07-25 17:54:05.857 [info] > git for-each-ref --format=%(refname)%00%(upstream:short)%00%(objectname)%00%(upstream:track)%00%(upstream:remotename)%00%(upstream:remoteref) refs/heads/main refs/remotes/main [34ms]
2026-07-25 17:54:05.878 [info] > git for-each-ref --sort -committerdate --format %(refname)%00%(objectname)%00%(*objectname) [15ms]
2026-07-25 17:54:05.952 [info] > git status -z -uall [91ms]
2026-07-25 17:54:47.496 [info] > git config --get commit.template [6ms]
2026-07-25 17:54:47.509 [info] > git for-each-ref --format=%(refname)%00%(upstream:short)%00%(objectname)%00%(upstream:track)%00%(upstream:remotename)%00%(upstream:remoteref) refs/heads/main refs/remotes/main [16ms]
2026-07-25 17:54:47.530 [info] > git for-each-ref --sort -committerdate --format %(refname)%00%(objectname)%00%(*objectname) [15ms]
2026-07-25 17:54:47.754 [info] > git status -z -uall [242ms]
2026-07-25 17:54:53.499 [info] > git config --get commit.template [7ms]
2026-07-25 17:54:53.514 [info] > git for-each-ref --format=%(refname)%00%(upstream:short)%00%(objectname)%00%(upstream:track)%00%(upstream:remotename)%00%(upstream:remoteref) refs/heads/main refs/remotes/main [18ms]
2026-07-25 17:54:53.539 [info] > git for-each-ref --sort -committerdate --format %(refname)%00%(objectname)%00%(*objectname) [18ms]
2026-07-25 17:54:53.609 [info] > git status -z -uall [90ms]
2026-07-25 17:54:58.620 [info] > git config --get commit.template [5ms]
2026-07-25 17:54:58.634 [info] > git for-each-ref --format=%(refname)%00%(upstream:short)%00%(objectname)%00%(upstream:track)%00%(upstream:remotename)%00%(upstream:remoteref) refs/heads/main refs/remotes/main [17ms]
2026-07-25 17:54:58.653 [info] > git for-each-ref --sort -committerdate --format %(refname)%00%(objectname)%00%(*objectname) [14ms]
2026-07-25 17:54:58.720 [info] > git status -z -uall [83ms]
2026-07-25 17:55:03.732 [info] > git config --get commit.template [6ms]
2026-07-25 17:55:03.746 [info] > git for-each-ref --format=%(refname)%00%(upstream:short)%00%(objectname)%00%(upstream:track)%00%(upstream:remotename)%00%(upstream:remoteref) refs/heads/main refs/remotes/main [17ms]
2026-07-25 17:55:03.765 [info] > git for-each-ref --sort -committerdate --format %(refname)%00%(objectname)%00%(*objectname) [14ms]
2026-07-25 17:55:03.832 [info] > git status -z -uall [83ms]
2026-07-25 17:55:08.842 [info] > git config --get commit.template [5ms]
2026-07-25 17:55:08.856 [info] > git for-each-ref --format=%(refname)%00%(upstream:short)%00%(objectname)%00%(upstream:track)%00%(upstream:remotename)%00%(upstream:remoteref) refs/heads/main refs/remotes/main [16ms]
2026-07-25 17:55:08.875 [info] > git for-each-ref --sort -committerdate --format %(refname)%00%(objectname)%00%(*objectname) [14ms]
2026-07-25 17:55:08.947 [info] > git status -z -uall [88ms]
2026-07-25 17:55:09.508 [info] > git check-ignore -v -z --stdin [12ms]
2026-07-25 17:55:13.961 [info] > git config --get commit.template [6ms]
2026-07-25 17:55:13.977 [info] > git for-each-ref --format=%(refname)%00%(upstream:short)%00%(objectname)%00%(upstream:track)%00%(upstream:remotename)%00%(upstream:remoteref) refs/heads/main refs/remotes/main [18ms]
2026-07-25 17:55:13.998 [info] > git for-each-ref --sort -committerdate --format %(refname)%00%(objectname)%00%(*objectname) [14ms]
2026-07-25 17:55:14.003 [info] > git ls-files --stage -- Knowledge_Hands_on/practice_examples/week02/booking.py [10ms]
2026-07-25 17:55:14.010 [info] > git show --textconv :Knowledge_Hands_on/practice_examples/week02/booking.py [19ms]
2026-07-25 17:55:14.014 [info] > git cat-file -s 3aa656c05ea6965f13adc7435600bfeb4cae811d [10ms]
2026-07-25 17:55:14.128 [info] > git status -z -uall [147ms]
2026-07-25 17:55:19.495 [info] > git config --get commit.template [6ms]
2026-07-25 17:55:19.534 [info] > git for-each-ref --format=%(refname)%00%(upstream:short)%00%(objectname)%00%(upstream:track)%00%(upstream:remotename)%00%(upstream:remoteref) refs/heads/main refs/remotes/main [41ms]
2026-07-25 17:55:19.560 [info] > git for-each-ref --sort -committerdate --format %(refname)%00%(objectname)%00%(*objectname) [19ms]
2026-07-25 17:55:19.648 [info] > git status -z -uall [110ms]
2026-07-25 17:55:21.216 [info] > git ls-files --stage -- Knowledge_Hands_on/practice_examples/week02/booking.py [9ms]
2026-07-25 17:55:21.222 [info] > git show --textconv :Knowledge_Hands_on/practice_examples/week02/booking.py [18ms]
2026-07-25 17:55:21.228 [info] > git cat-file -s 3aa656c05ea6965f13adc7435600bfeb4cae811d [10ms]
2026-07-25 17:55:26.501 [info] > git config --get commit.template [8ms]
2026-07-25 17:55:26.520 [info] > git for-each-ref --format=%(refname)%00%(upstream:short)%00%(objectname)%00%(upstream:track)%00%(upstream:remotename)%00%(upstream:remoteref) refs/heads/main refs/remotes/main [24ms]
2026-07-25 17:55:26.550 [info] > git for-each-ref --sort -committerdate --format %(refname)%00%(objectname)%00%(*objectname) [24ms]
2026-07-25 17:55:26.647 [info] > git status -z -uall [123ms]
2026-07-25 17:55:31.659 [info] > git config --get commit.template [6ms]
2026-07-25 17:55:31.673 [info] > git for-each-ref --format=%(refname)%00%(upstream:short)%00%(objectname)%00%(upstream:track)%00%(upstream:remotename)%00%(upstream:remoteref) refs/heads/main refs/remotes/main [16ms]
2026-07-25 17:55:31.693 [info] > git for-each-ref --sort -committerdate --format %(refname)%00%(objectname)%00%(*objectname) [15ms]
2026-07-25 17:55:31.766 [info] > git status -z -uall [90ms]
2026-07-25 17:55:31.983 [info] > git ls-files --stage -- Knowledge_Hands_on/practice_examples/week02/booking.py [8ms]
2026-07-25 17:55:31.989 [info] > git show --textconv :Knowledge_Hands_on/practice_examples/week02/booking.py [17ms]
2026-07-25 17:55:31.994 [info] > git cat-file -s 3aa656c05ea6965f13adc7435600bfeb4cae811d [9ms]
2026-07-25 17:55:36.797 [info] > git config --get commit.template [23ms]
2026-07-25 17:55:36.812 [info] > git for-each-ref --format=%(refname)%00%(upstream:short)%00%(objectname)%00%(upstream:track)%00%(upstream:remotename)%00%(upstream:remoteref) refs/heads/main refs/remotes/main [33ms]
2026-07-25 17:55:36.838 [info] > git for-each-ref --sort -committerdate --format %(refname)%00%(objectname)%00%(*objectname) [19ms]
2026-07-25 17:55:36.905 [info] > git status -z -uall [88ms]
2026-07-25 17:55:41.917 [info] > git config --get commit.template [6ms]
2026-07-25 17:55:41.932 [info] > git for-each-ref --format=%(refname)%00%(upstream:short)%00%(objectname)%00%(upstream:track)%00%(upstream:remotename)%00%(upstream:remoteref) refs/heads/main refs/remotes/main [18ms]
2026-07-25 17:55:41.953 [info] > git for-each-ref --sort -committerdate --format %(refname)%00%(objectname)%00%(*objectname) [15ms]
2026-07-25 17:55:42.025 [info] > git status -z -uall [89ms]
2026-07-25 17:55:47.037 [info] > git config --get commit.template [6ms]
2026-07-25 17:55:47.049 [info] > git for-each-ref --format=%(refname)%00%(upstream:short)%00%(objectname)%00%(upstream:track)%00%(upstream:remotename)%00%(upstream:remoteref) refs/heads/main refs/remotes/main [16ms]
2026-07-25 17:55:47.068 [info] > git for-each-ref --sort -committerdate --format %(refname)%00%(objectname)%00%(*objectname) [14ms]
2026-07-25 17:55:47.134 [info] > git status -z -uall [82ms]
2026-07-25 17:55:52.145 [info] > git config --get commit.template [6ms]
2026-07-25 17:55:52.158 [info] > git for-each-ref --format=%(refname)%00%(upstream:short)%00%(objectname)%00%(upstream:track)%00%(upstream:remotename)%00%(upstream:remoteref) refs/heads/main refs/remotes/main [16ms]
2026-07-25 17:55:52.180 [info] > git for-each-ref --sort -committerdate --format %(refname)%00%(objectname)%00%(*objectname) [16ms]
2026-07-25 17:55:52.419 [info] > git status -z -uall [257ms]
2026-07-25 17:55:54.197 [info] > git ls-files --stage -- Knowledge_Hands_on/practice_examples/week02/booking.py [8ms]
2026-07-25 17:55:54.205 [info] > git show --textconv :Knowledge_Hands_on/practice_examples/week02/booking.py [19ms]
2026-07-25 17:55:54.209 [info] > git cat-file -s 3aa656c05ea6965f13adc7435600bfeb4cae811d [10ms]
2026-07-25 17:55:57.502 [info] > git config --get commit.template [5ms]
2026-07-25 17:55:57.518 [info] > git for-each-ref --format=%(refname)%00%(upstream:short)%00%(objectname)%00%(upstream:track)%00%(upstream:remotename)%00%(upstream:remoteref) refs/heads/main refs/remotes/main [19ms]
2026-07-25 17:55:57.541 [info] > git for-each-ref --sort -committerdate --format %(refname)%00%(objectname)%00%(*objectname) [17ms]
2026-07-25 17:55:57.617 [info] > git status -z -uall [95ms]
2026-07-25 17:56:01.454 [info] > git ls-files --stage -- Knowledge_Hands_on/practice_examples/week02/booking.py [10ms]
2026-07-25 17:56:01.461 [info] > git show --textconv :Knowledge_Hands_on/practice_examples/week02/booking.py [19ms]
2026-07-25 17:56:01.467 [info] > git cat-file -s 3aa656c05ea6965f13adc7435600bfeb4cae811d [10ms]
2026-07-25 17:56:04.503 [info] > git config --get commit.template [6ms]
2026-07-25 17:56:04.518 [info] > git for-each-ref --format=%(refname)%00%(upstream:short)%00%(objectname)%00%(upstream:track)%00%(upstream:remotename)%00%(upstream:remoteref) refs/heads/main refs/remotes/main [17ms]
2026-07-25 17:56:04.539 [info] > git for-each-ref --sort -committerdate --format %(refname)%00%(objectname)%00%(*objectname) [14ms]
2026-07-25 17:56:04.617 [info] > git status -z -uall [94ms]
2026-07-25 17:56:09.630 [info] > git config --get commit.template [7ms]
2026-07-25 17:56:09.644 [info] > git for-each-ref --format=%(refname)%00%(upstream:short)%00%(objectname)%00%(upstream:track)%00%(upstream:remotename)%00%(upstream:remoteref) refs/heads/main refs/remotes/main [17ms]
2026-07-25 17:56:09.666 [info] > git for-each-ref --sort -committerdate --format %(refname)%00%(objectname)%00%(*objectname) [14ms]
2026-07-25 17:56:09.735 [info] > git status -z -uall [87ms]
2026-07-25 17:56:14.745 [info] > git config --get commit.template [6ms]
2026-07-25 17:56:14.762 [info] > git for-each-ref --format=%(refname)%00%(upstream:short)%00%(objectname)%00%(upstream:track)%00%(upstream:remotename)%00%(upstream:remoteref) refs/heads/main refs/remotes/main [20ms]
2026-07-25 17:56:14.783 [info] > git for-each-ref --sort -committerdate --format %(refname)%00%(objectname)%00%(*objectname) [15ms]
2026-07-25 17:56:14.922 [info] > git status -z -uall [156ms]
2026-07-25 17:56:19.935 [info] > git config --get commit.template [6ms]
2026-07-25 17:56:19.950 [info] > git for-each-ref --format=%(refname)%00%(upstream:short)%00%(objectname)%00%(upstream:track)%00%(upstream:remotename)%00%(upstream:remoteref) refs/heads/main refs/remotes/main [18ms]
2026-07-25 17:56:19.973 [info] > git for-each-ref --sort -committerdate --format %(refname)%00%(objectname)%00%(*objectname) [16ms]
2026-07-25 17:56:20.046 [info] > git status -z -uall [92ms]
2026-07-25 17:56:25.057 [info] > git config --get commit.template [6ms]
2026-07-25 17:56:25.070 [info] > git for-each-ref --format=%(refname)%00%(upstream:short)%00%(objectname)%00%(upstream:track)%00%(upstream:remotename)%00%(upstream:remoteref) refs/heads/main refs/remotes/main [16ms]
2026-07-25 17:56:25.092 [info] > git for-each-ref --sort -committerdate --format %(refname)%00%(objectname)%00%(*objectname) [15ms]
2026-07-25 17:56:25.161 [info] > git status -z -uall [86ms]
2026-07-25 17:56:25.238 [info] > git check-ignore -v -z --stdin [9ms]
2026-07-25 17:56:30.175 [info] > git config --get commit.template [7ms]
2026-07-25 17:56:30.191 [info] > git for-each-ref --format=%(refname)%00%(upstream:short)%00%(objectname)%00%(upstream:track)%00%(upstream:remotename)%00%(upstream:remoteref) refs/heads/main refs/remotes/main [19ms]
2026-07-25 17:56:30.214 [info] > git for-each-ref --sort -committerdate --format %(refname)%00%(objectname)%00%(*objectname) [16ms]
2026-07-25 17:56:30.280 [info] > git status -z -uall [84ms]
2026-07-25 17:56:35.292 [info] > git config --get commit.template [5ms]
2026-07-25 17:56:35.305 [info] > git for-each-ref --format=%(refname)%00%(upstream:short)%00%(objectname)%00%(upstream:track)%00%(upstream:remotename)%00%(upstream:remoteref) refs/heads/main refs/remotes/main [15ms]
2026-07-25 17:56:35.326 [info] > git for-each-ref --sort -committerdate --format %(refname)%00%(objectname)%00%(*objectname) [14ms]
2026-07-25 17:56:35.394 [info] > git status -z -uall [85ms]
2026-07-25 17:56:40.405 [info] > git config --get commit.template [6ms]
2026-07-25 17:56:40.419 [info] > git for-each-ref --format=%(refname)%00%(upstream:short)%00%(objectname)%00%(upstream:track)%00%(upstream:remotename)%00%(upstream:remoteref) refs/heads/main refs/remotes/main [16ms]
2026-07-25 17:56:40.441 [info] > git for-each-ref --sort -committerdate --format %(refname)%00%(objectname)%00%(*objectname) [14ms]
2026-07-25 17:56:40.524 [info] > git status -z -uall [100ms]
2026-07-25 17:56:45.536 [info] > git config --get commit.template [6ms]
2026-07-25 17:56:45.549 [info] > git for-each-ref --format=%(refname)%00%(upstream:short)%00%(objectname)%00%(upstream:track)%00%(upstream:remotename)%00%(upstream:remoteref) refs/heads/main refs/remotes/main [16ms]
2026-07-25 17:56:45.573 [info] > git for-each-ref --sort -committerdate --format %(refname)%00%(objectname)%00%(*objectname) [16ms]
2026-07-25 17:56:45.639 [info] > git status -z -uall [85ms]
2026-07-25 17:56:50.651 [info] > git config --get commit.template [6ms]
2026-07-25 17:56:50.663 [info] > git for-each-ref --format=%(refname)%00%(upstream:short)%00%(objectname)%00%(upstream:track)%00%(upstream:remotename)%00%(upstream:remoteref) refs/heads/main refs/remotes/main [15ms]
2026-07-25 17:56:50.685 [info] > git for-each-ref --sort -committerdate --format %(refname)%00%(objectname)%00%(*objectname) [15ms]
2026-07-25 17:56:50.752 [info] > git status -z -uall [83ms]
2026-07-25 17:56:55.763 [info] > git config --get commit.template [6ms]
2026-07-25 17:56:55.777 [info] > git for-each-ref --format=%(refname)%00%(upstream:short)%00%(objectname)%00%(upstream:track)%00%(upstream:remotename)%00%(upstream:remoteref) refs/heads/main refs/remotes/main [17ms]
2026-07-25 17:56:55.799 [info] > git for-each-ref --sort -committerdate --format %(refname)%00%(objectname)%00%(*objectname) [15ms]
2026-07-25 17:56:56.024 [info] > git status -z -uall [242ms]
2026-07-25 17:56:58.857 [info] > git ls-files --stage -- Knowledge_Hands_on/practice_examples/week02/booking.py [9ms]
2026-07-25 17:56:58.865 [info] > git show --textconv :Knowledge_Hands_on/practice_examples/week02/booking.py [19ms]
2026-07-25 17:56:58.875 [info] > git cat-file -s 3aa656c05ea6965f13adc7435600bfeb4cae811d [15ms]
2026-07-25 17:57:01.037 [info] > git config --get commit.template [6ms]
2026-07-25 17:57:01.050 [info] > git for-each-ref --format=%(refname)%00%(upstream:short)%00%(objectname)%00%(upstream:track)%00%(upstream:remotename)%00%(upstream:remoteref) refs/heads/main refs/remotes/main [16ms]
2026-07-25 17:57:01.070 [info] > git for-each-ref --sort -committerdate --format %(refname)%00%(objectname)%00%(*objectname) [14ms]
2026-07-25 17:57:01.139 [info] > git status -z -uall [85ms]
2026-07-25 17:57:06.151 [info] > git config --get commit.template [7ms]
2026-07-25 17:57:06.167 [info] > git for-each-ref --format=%(refname)%00%(upstream:short)%00%(objectname)%00%(upstream:track)%00%(upstream:remotename)%00%(upstream:remoteref) refs/heads/main refs/remotes/main [20ms]
2026-07-25 17:57:06.188 [info] > git for-each-ref --sort -committerdate --format %(refname)%00%(objectname)%00%(*objectname) [14ms]
2026-07-25 17:57:06.258 [info] > git status -z -uall [87ms]
2026-07-25 17:57:11.271 [info] > git config --get commit.template [7ms]
2026-07-25 17:57:11.285 [info] > git for-each-ref --format=%(refname)%00%(upstream:short)%00%(objectname)%00%(upstream:track)%00%(upstream:remotename)%00%(upstream:remoteref) refs/heads/main refs/remotes/main [17ms]
2026-07-25 17:57:11.305 [info] > git for-each-ref --sort -committerdate --format %(refname)%00%(objectname)%00%(*objectname) [14ms]
2026-07-25 17:57:11.375 [info] > git status -z -uall [86ms]
2026-07-25 17:57:16.389 [info] > git config --get commit.template [6ms]
2026-07-25 17:57:16.404 [info] > git for-each-ref --format=%(refname)%00%(upstream:short)%00%(objectname)%00%(upstream:track)%00%(upstream:remotename)%00%(upstream:remoteref) refs/heads/main refs/remotes/main [19ms]
2026-07-25 17:57:16.427 [info] > git for-each-ref --sort -committerdate --format %(refname)%00%(objectname)%00%(*objectname) [16ms]
2026-07-25 17:57:16.557 [info] > git status -z -uall [148ms]
2026-07-25 17:57:21.568 [info] > git config --get commit.template [6ms]
2026-07-25 17:57:21.582 [info] > git for-each-ref --format=%(refname)%00%(upstream:short)%00%(objectname)%00%(upstream:track)%00%(upstream:remotename)%00%(upstream:remoteref) refs/heads/main refs/remotes/main [17ms]
2026-07-25 17:57:21.614 [info] > git for-each-ref --sort -committerdate --format %(refname)%00%(objectname)%00%(*objectname) [25ms]
2026-07-25 17:57:21.671 [info] > git status -z -uall [85ms]
2026-07-25 17:57:26.684 [info] > git config --get commit.template [6ms]
2026-07-25 17:57:26.697 [info] > git for-each-ref --format=%(refname)%00%(upstream:short)%00%(objectname)%00%(upstream:track)%00%(upstream:remotename)%00%(upstream:remoteref) refs/heads/main refs/remotes/main [16ms]
2026-07-25 17:57:26.717 [info] > git for-each-ref --sort -committerdate --format %(refname)%00%(objectname)%00%(*objectname) [14ms]
2026-07-25 17:57:26.784 [info] > git status -z -uall [83ms]
2026-07-25 17:57:31.795 [info] > git config --get commit.template [6ms]
2026-07-25 17:57:31.809 [info] > git for-each-ref --format=%(refname)%00%(upstream:short)%00%(objectname)%00%(upstream:track)%00%(upstream:remotename)%00%(upstream:remoteref) refs/heads/main refs/remotes/main [17ms]
2026-07-25 17:57:31.828 [info] > git for-each-ref --sort -committerdate --format %(refname)%00%(objectname)%00%(*objectname) [13ms]
2026-07-25 17:57:31.899 [info] > git status -z -uall [87ms]
2026-07-25 17:57:36.910 [info] > git config --get commit.template [6ms]
2026-07-25 17:57:36.922 [info] > git for-each-ref --format=%(refname)%00%(upstream:short)%00%(objectname)%00%(upstream:track)%00%(upstream:remotename)%00%(upstream:remoteref) refs/heads/main refs/remotes/main [15ms]
2026-07-25 17:57:36.941 [info] > git for-each-ref --sort -committerdate --format %(refname)%00%(objectname)%00%(*objectname) [13ms]
2026-07-25 17:57:37.007 [info] > git status -z -uall [81ms]
2026-07-25 17:57:42.020 [info] > git config --get commit.template [7ms]
2026-07-25 17:57:42.033 [info] > git for-each-ref --format=%(refname)%00%(upstream:short)%00%(objectname)%00%(upstream:track)%00%(upstream:remotename)%00%(upstream:remoteref) refs/heads/main refs/remotes/main [16ms]
2026-07-25 17:57:42.052 [info] > git for-each-ref --sort -committerdate --format %(refname)%00%(objectname)%00%(*objectname) [14ms]
2026-07-25 17:57:42.120 [info] > git status -z -uall [84ms]
2026-07-25 17:57:47.131 [info] > git config --get commit.template [5ms]
2026-07-25 17:57:47.145 [info] > git for-each-ref --format=%(refname)%00%(upstream:short)%00%(objectname)%00%(upstream:track)%00%(upstream:remotename)%00%(upstream:remoteref) refs/heads/main refs/remotes/main [16ms]
2026-07-25 17:57:47.165 [info] > git for-each-ref --sort -committerdate --format %(refname)%00%(objectname)%00%(*objectname) [14ms]
2026-07-25 17:57:47.238 [info] > git status -z -uall [90ms]
2026-07-25 17:57:52.251 [info] > git config --get commit.template [7ms]
2026-07-25 17:57:52.267 [info] > git for-each-ref --format=%(refname)%00%(upstream:short)%00%(objectname)%00%(upstream:track)%00%(upstream:remotename)%00%(upstream:remoteref) refs/heads/main refs/remotes/main [20ms]
2026-07-25 17:57:52.292 [info] > git for-each-ref --sort -committerdate --format %(refname)%00%(objectname)%00%(*objectname) [18ms]
2026-07-25 17:57:52.361 [info] > git status -z -uall [89ms]
2026-07-25 17:57:57.373 [info] > git config --get commit.template [6ms]
2026-07-25 17:57:57.386 [info] > git for-each-ref --format=%(refname)%00%(upstream:short)%00%(objectname)%00%(upstream:track)%00%(upstream:remotename)%00%(upstream:remoteref) refs/heads/main refs/remotes/main [15ms]
2026-07-25 17:57:57.406 [info] > git for-each-ref --sort -committerdate --format %(refname)%00%(objectname)%00%(*objectname) [14ms]
2026-07-25 17:57:57.634 [info] > git status -z -uall [244ms]
2026-07-25 17:58:02.647 [info] > git config --get commit.template [5ms]
2026-07-25 17:58:02.660 [info] > git for-each-ref --format=%(refname)%00%(upstream:short)%00%(objectname)%00%(upstream:track)%00%(upstream:remotename)%00%(upstream:remoteref) refs/heads/main refs/remotes/main [16ms]
2026-07-25 17:58:02.680 [info] > git for-each-ref --sort -committerdate --format %(refname)%00%(objectname)%00%(*objectname) [14ms]
2026-07-25 17:58:02.751 [info] > git status -z -uall [87ms]
2026-07-25 17:58:07.764 [info] > git config --get commit.template [6ms]
2026-07-25 17:58:07.777 [info] > git for-each-ref --format=%(refname)%00%(upstream:short)%00%(objectname)%00%(upstream:track)%00%(upstream:remotename)%00%(upstream:remoteref) refs/heads/main refs/remotes/main [16ms]
2026-07-25 17:58:07.798 [info] > git for-each-ref --sort -committerdate --format %(refname)%00%(objectname)%00%(*objectname) [15ms]
2026-07-25 17:58:07.861 [info] > git status -z -uall [80ms]
2026-07-25 17:58:12.874 [info] > git config --get commit.template [6ms]
2026-07-25 17:58:12.887 [info] > git for-each-ref --format=%(refname)%00%(upstream:short)%00%(objectname)%00%(upstream:track)%00%(upstream:remotename)%00%(upstream:remoteref) refs/heads/main refs/remotes/main [16ms]
2026-07-25 17:58:12.907 [info] > git for-each-ref --sort -committerdate --format %(refname)%00%(objectname)%00%(*objectname) [14ms]
2026-07-25 17:58:12.973 [info] > git status -z -uall [82ms]
2026-07-25 17:58:17.984 [info] > git config --get commit.template [6ms]
2026-07-25 17:58:17.999 [info] > git for-each-ref --format=%(refname)%00%(upstream:short)%00%(objectname)%00%(upstream:track)%00%(upstream:remotename)%00%(upstream:remoteref) refs/heads/main refs/remotes/main [17ms]
2026-07-25 17:58:18.020 [info] > git for-each-ref --sort -committerdate --format %(refname)%00%(objectname)%00%(*objectname) [15ms]
2026-07-25 17:58:18.148 [info] > git status -z -uall [145ms]
2026-07-25 17:58:23.160 [info] > git config --get commit.template [6ms]
2026-07-25 17:58:23.176 [info] > git for-each-ref --format=%(refname)%00%(upstream:short)%00%(objectname)%00%(upstream:track)%00%(upstream:remotename)%00%(upstream:remoteref) refs/heads/main refs/remotes/main [18ms]
2026-07-25 17:58:23.198 [info] > git for-each-ref --sort -committerdate --format %(refname)%00%(objectname)%00%(*objectname) [16ms]
2026-07-25 17:58:23.266 [info] > git status -z -uall [86ms]
2026-07-25 17:58:28.277 [info] > git config --get commit.template [6ms]
2026-07-25 17:58:28.301 [info] > git for-each-ref --format=%(refname)%00%(upstream:short)%00%(objectname)%00%(upstream:track)%00%(upstream:remotename)%00%(upstream:remoteref) refs/heads/main refs/remotes/main [24ms]
2026-07-25 17:58:28.325 [info] > git for-each-ref --sort -committerdate --format %(refname)%00%(objectname)%00%(*objectname) [17ms]
2026-07-25 17:58:28.391 [info] > git status -z -uall [86ms]
2026-07-25 17:58:33.403 [info] > git config --get commit.template [5ms]
2026-07-25 17:58:33.417 [info] > git for-each-ref --format=%(refname)%00%(upstream:short)%00%(objectname)%00%(upstream:track)%00%(upstream:remotename)%00%(upstream:remoteref) refs/heads/main refs/remotes/main [15ms]
2026-07-25 17:58:33.436 [info] > git for-each-ref --sort -committerdate --format %(refname)%00%(objectname)%00%(*objectname) [13ms]
2026-07-25 17:58:33.503 [info] > git status -z -uall [83ms]
2026-07-25 17:58:38.220 [info] > git ls-files --stage -- Knowledge_Hands_on/practice_examples/week02/booking.py [9ms]
2026-07-25 17:58:38.229 [info] > git show --textconv :Knowledge_Hands_on/practice_examples/week02/booking.py [20ms]
2026-07-25 17:58:38.238 [info] > git cat-file -s 3aa656c05ea6965f13adc7435600bfeb4cae811d [16ms]
2026-07-25 17:58:38.514 [info] > git config --get commit.template [5ms]
2026-07-25 17:58:38.528 [info] > git for-each-ref --format=%(refname)%00%(upstream:short)%00%(objectname)%00%(upstream:track)%00%(upstream:remotename)%00%(upstream:remoteref) refs/heads/main refs/remotes/main [16ms]
2026-07-25 17:58:38.548 [info] > git for-each-ref --sort -committerdate --format %(refname)%00%(objectname)%00%(*objectname) [13ms]
2026-07-25 17:58:38.617 [info] > git status -z -uall [85ms]
2026-07-25 17:58:42.238 [info] > git ls-files --stage -- Knowledge_Hands_on/practice_examples/week02/gather_demo.py [9ms]
2026-07-25 17:58:42.247 [info] > git show --textconv :Knowledge_Hands_on/practice_examples/week02/gather_demo.py [20ms]
2026-07-25 17:58:42.255 [info] > git cat-file -s dce0c659ad8e30fd3f7c10a749e1bae81f8b69d5 [15ms]
2026-07-25 17:58:43.629 [info] > git config --get commit.template [6ms]
2026-07-25 17:58:43.642 [info] > git for-each-ref --format=%(refname)%00%(upstream:short)%00%(objectname)%00%(upstream:track)%00%(upstream:remotename)%00%(upstream:remoteref) refs/heads/main refs/remotes/main [16ms]
2026-07-25 17:58:43.660 [info] > git for-each-ref --sort -committerdate --format %(refname)%00%(objectname)%00%(*objectname) [13ms]
2026-07-25 17:58:43.726 [info] > git status -z -uall [81ms]
2026-07-25 17:58:48.738 [info] > git config --get commit.template [5ms]
2026-07-25 17:58:48.751 [info] > git for-each-ref --format=%(refname)%00%(upstream:short)%00%(objectname)%00%(upstream:track)%00%(upstream:remotename)%00%(upstream:remoteref) refs/heads/main refs/remotes/main [16ms]
2026-07-25 17:58:48.771 [info] > git for-each-ref --sort -committerdate --format %(refname)%00%(objectname)%00%(*objectname) [14ms]
2026-07-25 17:58:48.839 [info] > git status -z -uall [83ms]
2026-07-25 17:58:53.851 [info] > git config --get commit.template [6ms]
2026-07-25 17:58:53.865 [info] > git for-each-ref --format=%(refname)%00%(upstream:short)%00%(objectname)%00%(upstream:track)%00%(upstream:remotename)%00%(upstream:remoteref) refs/heads/main refs/remotes/main [18ms]
2026-07-25 17:58:53.888 [info] > git for-each-ref --sort -committerdate --format %(refname)%00%(objectname)%00%(*objectname) [17ms]
2026-07-25 17:58:53.958 [info] > git status -z -uall [89ms]
2026-07-25 17:58:58.969 [info] > git config --get commit.template [6ms]
2026-07-25 17:58:58.981 [info] > git for-each-ref --format=%(refname)%00%(upstream:short)%00%(objectname)%00%(upstream:track)%00%(upstream:remotename)%00%(upstream:remoteref) refs/heads/main refs/remotes/main [15ms]
2026-07-25 17:58:59.003 [info] > git for-each-ref --sort -committerdate --format %(refname)%00%(objectname)%00%(*objectname) [16ms]
2026-07-25 17:58:59.221 [info] > git status -z -uall [236ms]
2026-07-25 17:59:00.838 [info] > git ls-files --stage -- Knowledge_Hands_on/practice_examples/week02/pydantic_demo.py [9ms]
2026-07-25 17:59:00.848 [info] > git show --textconv :Knowledge_Hands_on/practice_examples/week02/pydantic_demo.py [21ms]
2026-07-25 17:59:00.856 [info] > git cat-file -s 3e69d0b7d9e92dd2fbf4b95aa0a9f4d97379c331 [16ms]
2026-07-25 17:59:04.237 [info] > git config --get commit.template [10ms]
2026-07-25 17:59:04.263 [info] > git for-each-ref --format=%(refname)%00%(upstream:short)%00%(objectname)%00%(upstream:track)%00%(upstream:remotename)%00%(upstream:remoteref) refs/heads/main refs/remotes/main [23ms]
2026-07-25 17:59:04.282 [info] > git for-each-ref --sort -committerdate --format %(refname)%00%(objectname)%00%(*objectname) [14ms]
2026-07-25 17:59:04.350 [info] > git status -z -uall [84ms]
2026-07-25 17:59:04.938 [info] > git ls-files --stage -- Knowledge_Hands_on/practice_examples/week02/gather_demo.py [8ms]
2026-07-25 17:59:04.947 [info] > git show --textconv :Knowledge_Hands_on/practice_examples/week02/gather_demo.py [20ms]
2026-07-25 17:59:04.956 [info] > git cat-file -s dce0c659ad8e30fd3f7c10a749e1bae81f8b69d5 [15ms]
2026-07-25 17:59:09.361 [info] > git config --get commit.template [6ms]
2026-07-25 17:59:09.375 [info] > git for-each-ref --format=%(refname)%00%(upstream:short)%00%(objectname)%00%(upstream:track)%00%(upstream:remotename)%00%(upstream:remoteref) refs/heads/main refs/remotes/main [17ms]
2026-07-25 17:59:09.396 [info] > git for-each-ref --sort -committerdate --format %(refname)%00%(objectname)%00%(*objectname) [14ms]
2026-07-25 17:59:09.464 [info] > git status -z -uall [85ms]
2026-07-25 17:59:14.476 [info] > git config --get commit.template [6ms]
2026-07-25 17:59:14.490 [info] > git for-each-ref --format=%(refname)%00%(upstream:short)%00%(objectname)%00%(upstream:track)%00%(upstream:remotename)%00%(upstream:remoteref) refs/heads/main refs/remotes/main [17ms]
2026-07-25 17:59:14.509 [info] > git for-each-ref --sort -committerdate --format %(refname)%00%(objectname)%00%(*objectname) [13ms]
2026-07-25 17:59:14.574 [info] > git status -z -uall [81ms]
2026-07-25 17:59:19.585 [info] > git config --get commit.template [6ms]
2026-07-25 17:59:19.601 [info] > git for-each-ref --format=%(refname)%00%(upstream:short)%00%(objectname)%00%(upstream:track)%00%(upstream:remotename)%00%(upstream:remoteref) refs/heads/main refs/remotes/main [19ms]
2026-07-25 17:59:19.625 [info] > git for-each-ref --sort -committerdate --format %(refname)%00%(objectname)%00%(*objectname) [18ms]
2026-07-25 17:59:19.756 [info] > git status -z -uall [150ms]
2026-07-25 17:59:24.768 [info] > git config --get commit.template [6ms]
2026-07-25 17:59:24.782 [info] > git for-each-ref --format=%(refname)%00%(upstream:short)%00%(objectname)%00%(upstream:track)%00%(upstream:remotename)%00%(upstream:remoteref) refs/heads/main refs/remotes/main [17ms]
2026-07-25 17:59:24.805 [info] > git for-each-ref --sort -committerdate --format %(refname)%00%(objectname)%00%(*objectname) [16ms]
2026-07-25 17:59:24.873 [info] > git status -z -uall [86ms]
2026-07-25 17:59:29.884 [info] > git config --get commit.template [5ms]
2026-07-25 17:59:29.898 [info] > git for-each-ref --format=%(refname)%00%(upstream:short)%00%(objectname)%00%(upstream:track)%00%(upstream:remotename)%00%(upstream:remoteref) refs/heads/main refs/remotes/main [16ms]
2026-07-25 17:59:29.919 [info] > git for-each-ref --sort -committerdate --format %(refname)%00%(objectname)%00%(*objectname) [14ms]
2026-07-25 17:59:29.986 [info] > git status -z -uall [84ms]
2026-07-25 17:59:34.998 [info] > git config --get commit.template [6ms]
2026-07-25 17:59:35.013 [info] > git for-each-ref --format=%(refname)%00%(upstream:short)%00%(objectname)%00%(upstream:track)%00%(upstream:remotename)%00%(upstream:remoteref) refs/heads/main refs/remotes/main [17ms]
2026-07-25 17:59:35.033 [info] > git for-each-ref --sort -committerdate --format %(refname)%00%(objectname)%00%(*objectname) [13ms]
2026-07-25 17:59:35.100 [info] > git status -z -uall [83ms]
2026-07-25 17:59:40.113 [info] > git config --get commit.template [5ms]
2026-07-25 17:59:40.125 [info] > git for-each-ref --format=%(refname)%00%(upstream:short)%00%(objectname)%00%(upstream:track)%00%(upstream:remotename)%00%(upstream:remoteref) refs/heads/main refs/remotes/main [16ms]
2026-07-25 17:59:40.146 [info] > git for-each-ref --sort -committerdate --format %(refname)%00%(objectname)%00%(*objectname) [14ms]
2026-07-25 17:59:40.216 [info] > git status -z -uall [87ms]
2026-07-25 17:59:43.277 [info] > git ls-files --stage -- Knowledge_Hands_on/practice_examples/week02/retry_demo.py [8ms]
2026-07-25 17:59:43.287 [info] > git show --textconv :Knowledge_Hands_on/practice_examples/week02/retry_demo.py [20ms]
2026-07-25 17:59:43.299 [info] > git cat-file -s a010183891a75c50c29a436b34d887216b564a7a [19ms]
2026-07-25 17:59:45.226 [info] > git config --get commit.template [5ms]
2026-07-25 17:59:45.241 [info] > git for-each-ref --format=%(refname)%00%(upstream:short)%00%(objectname)%00%(upstream:track)%00%(upstream:remotename)%00%(upstream:remoteref) refs/heads/main refs/remotes/main [17ms]
2026-07-25 17:59:45.264 [info] > git for-each-ref --sort -committerdate --format %(refname)%00%(objectname)%00%(*objectname) [16ms]
2026-07-25 17:59:45.331 [info] > git status -z -uall [86ms]
2026-07-25 17:59:54.527 [info] > git config --get commit.template [6ms]
2026-07-25 17:59:54.540 [info] > git for-each-ref --format=%(refname)%00%(upstream:short)%00%(objectname)%00%(upstream:track)%00%(upstream:remotename)%00%(upstream:remoteref) refs/heads/main refs/remotes/main [16ms]
2026-07-25 17:59:54.562 [info] > git for-each-ref --sort -committerdate --format %(refname)%00%(objectname)%00%(*objectname) [15ms]
2026-07-25 17:59:54.631 [info] > git status -z -uall [86ms]
2026-07-25 17:59:59.642 [info] > git config --get commit.template [6ms]
2026-07-25 17:59:59.656 [info] > git for-each-ref --format=%(refname)%00%(upstream:short)%00%(objectname)%00%(upstream:track)%00%(upstream:remotename)%00%(upstream:remoteref) refs/heads/main refs/remotes/main [17ms]
2026-07-25 17:59:59.680 [info] > git for-each-ref --sort -committerdate --format %(refname)%00%(objectname)%00%(*objectname) [17ms]
2026-07-25 17:59:59.904 [info] > git status -z -uall [243ms]
2026-07-25 18:00:04.916 [info] > git config --get commit.template [6ms]
2026-07-25 18:00:04.931 [info] > git for-each-ref --format=%(refname)%00%(upstream:short)%00%(objectname)%00%(upstream:track)%00%(upstream:remotename)%00%(upstream:remoteref) refs/heads/main refs/remotes/main [17ms]
2026-07-25 18:00:04.952 [info] > git for-each-ref --sort -committerdate --format %(refname)%00%(objectname)%00%(*objectname) [14ms]
2026-07-25 18:00:05.020 [info] > git status -z -uall [84ms]
2026-07-25 18:00:10.032 [info] > git config --get commit.template [6ms]
2026-07-25 18:00:10.046 [info] > git for-each-ref --format=%(refname)%00%(upstream:short)%00%(objectname)%00%(upstream:track)%00%(upstream:remotename)%00%(upstream:remoteref) refs/heads/main refs/remotes/main [17ms]
2026-07-25 18:00:10.068 [info] > git for-each-ref --sort -committerdate --format %(refname)%00%(objectname)%00%(*objectname) [15ms]
2026-07-25 18:00:10.132 [info] > git status -z -uall [82ms]
2026-07-25 18:00:15.146 [info] > git config --get commit.template [6ms]
2026-07-25 18:00:15.161 [info] > git for-each-ref --format=%(refname)%00%(upstream:short)%00%(objectname)%00%(upstream:track)%00%(upstream:remotename)%00%(upstream:remoteref) refs/heads/main refs/remotes/main [19ms]
2026-07-25 18:00:15.185 [info] > git for-each-ref --sort -committerdate --format %(refname)%00%(objectname)%00%(*objectname) [17ms]
2026-07-25 18:00:15.262 [info] > git status -z -uall [97ms]
2026-07-25 18:00:20.273 [info] > git config --get commit.template [6ms]
2026-07-25 18:00:20.287 [info] > git for-each-ref --format=%(refname)%00%(upstream:short)%00%(objectname)%00%(upstream:track)%00%(upstream:remotename)%00%(upstream:remoteref) refs/heads/main refs/remotes/main [17ms]
2026-07-25 18:00:20.307 [info] > git for-each-ref --sort -committerdate --format %(refname)%00%(objectname)%00%(*objectname) [14ms]
2026-07-25 18:00:20.435 [info] > git status -z -uall [144ms]
2026-07-25 18:00:25.446 [info] > git config --get commit.template [6ms]
2026-07-25 18:00:25.459 [info] > git for-each-ref --format=%(refname)%00%(upstream:short)%00%(objectname)%00%(upstream:track)%00%(upstream:remotename)%00%(upstream:remoteref) refs/heads/main refs/remotes/main [16ms]
2026-07-25 18:00:25.478 [info] > git for-each-ref --sort -committerdate --format %(refname)%00%(objectname)%00%(*objectname) [13ms]
2026-07-25 18:00:25.550 [info] > git status -z -uall [87ms]
2026-07-25 18:00:26.529 [info] > git blame --root --incremental 7af3d14ccf384cf300526ff0030912ed49436227 -- Knowledge_Hands_on/practice_examples/week02/retry_demo.py [115ms]
2026-07-25 18:00:30.561 [info] > git config --get commit.template [6ms]
2026-07-25 18:00:30.576 [info] > git for-each-ref --format=%(refname)%00%(upstream:short)%00%(objectname)%00%(upstream:track)%00%(upstream:remotename)%00%(upstream:remoteref) refs/heads/main refs/remotes/main [17ms]
2026-07-25 18:00:30.596 [info] > git for-each-ref --sort -committerdate --format %(refname)%00%(objectname)%00%(*objectname) [13ms]
2026-07-25 18:00:30.664 [info] > git status -z -uall [83ms]
2026-07-25 18:00:35.676 [info] > git config --get commit.template [7ms]
2026-07-25 18:00:35.688 [info] > git for-each-ref --format=%(refname)%00%(upstream:short)%00%(objectname)%00%(upstream:track)%00%(upstream:remotename)%00%(upstream:remoteref) refs/heads/main refs/remotes/main [16ms]
2026-07-25 18:00:35.707 [info] > git for-each-ref --sort -committerdate --format %(refname)%00%(objectname)%00%(*objectname) [13ms]
2026-07-25 18:00:35.778 [info] > git status -z -uall [86ms]
2026-07-25 18:00:41.533 [info] > git config --get commit.template [7ms]
2026-07-25 18:00:41.549 [info] > git for-each-ref --format=%(refname)%00%(upstream:short)%00%(objectname)%00%(upstream:track)%00%(upstream:remotename)%00%(upstream:remoteref) refs/heads/main refs/remotes/main [20ms]
2026-07-25 18:00:41.574 [info] > git for-each-ref --sort -committerdate --format %(refname)%00%(objectname)%00%(*objectname) [18ms]
2026-07-25 18:00:41.639 [info] > git status -z -uall [85ms]
2026-07-25 18:00:46.651 [info] > git config --get commit.template [7ms]
2026-07-25 18:00:46.667 [info] > git for-each-ref --format=%(refname)%00%(upstream:short)%00%(objectname)%00%(upstream:track)%00%(upstream:remotename)%00%(upstream:remoteref) refs/heads/main refs/remotes/main [20ms]
2026-07-25 18:00:46.689 [info] > git for-each-ref --sort -committerdate --format %(refname)%00%(objectname)%00%(*objectname) [15ms]
2026-07-25 18:00:46.756 [info] > git status -z -uall [84ms]
2026-07-25 18:00:57.539 [info] > git config --get commit.template [6ms]
2026-07-25 18:00:57.555 [info] > git for-each-ref --format=%(refname)%00%(upstream:short)%00%(objectname)%00%(upstream:track)%00%(upstream:remotename)%00%(upstream:remoteref) refs/heads/main refs/remotes/main [20ms]
2026-07-25 18:00:57.579 [info] > git for-each-ref --sort -committerdate --format %(refname)%00%(objectname)%00%(*objectname) [17ms]
2026-07-25 18:00:57.653 [info] > git status -z -uall [93ms]
2026-07-25 18:01:04.547 [info] > git config --get commit.template [5ms]
2026-07-25 18:01:04.561 [info] > git for-each-ref --format=%(refname)%00%(upstream:short)%00%(objectname)%00%(upstream:track)%00%(upstream:remotename)%00%(upstream:remoteref) refs/heads/main refs/remotes/main [17ms]
2026-07-25 18:01:04.582 [info] > git for-each-ref --sort -committerdate --format %(refname)%00%(objectname)%00%(*objectname) [14ms]
2026-07-25 18:01:04.803 [info] > git status -z -uall [237ms]
2026-07-25 18:01:09.814 [info] > git config --get commit.template [5ms]
2026-07-25 18:01:09.828 [info] > git for-each-ref --format=%(refname)%00%(upstream:short)%00%(objectname)%00%(upstream:track)%00%(upstream:remotename)%00%(upstream:remoteref) refs/heads/main refs/remotes/main [16ms]
2026-07-25 18:01:09.853 [info] > git for-each-ref --sort -committerdate --format %(refname)%00%(objectname)%00%(*objectname) [18ms]
2026-07-25 18:01:09.917 [info] > git status -z -uall [85ms]
2026-07-25 18:01:14.929 [info] > git config --get commit.template [6ms]
2026-07-25 18:01:14.941 [info] > git for-each-ref --format=%(refname)%00%(upstream:short)%00%(objectname)%00%(upstream:track)%00%(upstream:remotename)%00%(upstream:remoteref) refs/heads/main refs/remotes/main [15ms]
2026-07-25 18:01:14.962 [info] > git for-each-ref --sort -committerdate --format %(refname)%00%(objectname)%00%(*objectname) [15ms]
2026-07-25 18:01:15.027 [info] > git status -z -uall [82ms]
2026-07-25 18:01:20.039 [info] > git config --get commit.template [6ms]
2026-07-25 18:01:20.054 [info] > git for-each-ref --format=%(refname)%00%(upstream:short)%00%(objectname)%00%(upstream:track)%00%(upstream:remotename)%00%(upstream:remoteref) refs/heads/main refs/remotes/main [18ms]
2026-07-25 18:01:20.077 [info] > git for-each-ref --sort -committerdate --format %(refname)%00%(objectname)%00%(*objectname) [16ms]
2026-07-25 18:01:20.141 [info] > git status -z -uall [83ms]
2026-07-25 18:01:25.152 [info] > git config --get commit.template [6ms]
2026-07-25 18:01:25.165 [info] > git for-each-ref --format=%(refname)%00%(upstream:short)%00%(objectname)%00%(upstream:track)%00%(upstream:remotename)%00%(upstream:remoteref) refs/heads/main refs/remotes/main [16ms]
2026-07-25 18:01:25.185 [info] > git for-each-ref --sort -committerdate --format %(refname)%00%(objectname)%00%(*objectname) [14ms]
2026-07-25 18:01:25.251 [info] > git status -z -uall [82ms]
2026-07-25 18:01:30.263 [info] > git config --get commit.template [6ms]
2026-07-25 18:01:30.276 [info] > git for-each-ref --format=%(refname)%00%(upstream:short)%00%(objectname)%00%(upstream:track)%00%(upstream:remotename)%00%(upstream:remoteref) refs/heads/main refs/remotes/main [16ms]
2026-07-25 18:01:30.298 [info] > git for-each-ref --sort -committerdate --format %(refname)%00%(objectname)%00%(*objectname) [15ms]
2026-07-25 18:01:30.365 [info] > git status -z -uall [84ms]
2026-07-25 18:01:35.378 [info] > git config --get commit.template [7ms]
2026-07-25 18:01:35.393 [info] > git for-each-ref --format=%(refname)%00%(upstream:short)%00%(objectname)%00%(upstream:track)%00%(upstream:remotename)%00%(upstream:remoteref) refs/heads/main refs/remotes/main [19ms]
2026-07-25 18:01:35.414 [info] > git for-each-ref --sort -committerdate --format %(refname)%00%(objectname)%00%(*objectname) [14ms]
2026-07-25 18:01:35.541 [info] > git status -z -uall [144ms]
2026-07-25 18:01:40.551 [info] > git config --get commit.template [6ms]
2026-07-25 18:01:40.564 [info] > git for-each-ref --format=%(refname)%00%(upstream:short)%00%(objectname)%00%(upstream:track)%00%(upstream:remotename)%00%(upstream:remoteref) refs/heads/main refs/remotes/main [16ms]
2026-07-25 18:01:40.583 [info] > git for-each-ref --sort -committerdate --format %(refname)%00%(objectname)%00%(*objectname) [13ms]
2026-07-25 18:01:40.651 [info] > git status -z -uall [83ms]
2026-07-25 18:01:45.662 [info] > git config --get commit.template [6ms]
2026-07-25 18:01:45.676 [info] > git for-each-ref --format=%(refname)%00%(upstream:short)%00%(objectname)%00%(upstream:track)%00%(upstream:remotename)%00%(upstream:remoteref) refs/heads/main refs/remotes/main [17ms]
2026-07-25 18:01:45.698 [info] > git for-each-ref --sort -committerdate --format %(refname)%00%(objectname)%00%(*objectname) [14ms]
2026-07-25 18:01:45.766 [info] > git status -z -uall [86ms]
2026-07-25 18:01:50.776 [info] > git config --get commit.template [5ms]
2026-07-25 18:01:50.790 [info] > git for-each-ref --format=%(refname)%00%(upstream:short)%00%(objectname)%00%(upstream:track)%00%(upstream:remotename)%00%(upstream:remoteref) refs/heads/main refs/remotes/main [15ms]
2026-07-25 18:01:50.810 [info] > git for-each-ref --sort -committerdate --format %(refname)%00%(objectname)%00%(*objectname) [15ms]
2026-07-25 18:01:50.876 [info] > git status -z -uall [83ms]
2026-07-25 18:01:55.889 [info] > git config --get commit.template [6ms]
2026-07-25 18:01:55.901 [info] > git for-each-ref --format=%(refname)%00%(upstream:short)%00%(objectname)%00%(upstream:track)%00%(upstream:remotename)%00%(upstream:remoteref) refs/heads/main refs/remotes/main [15ms]
2026-07-25 18:01:55.921 [info] > git for-each-ref --sort -committerdate --format %(refname)%00%(objectname)%00%(*objectname) [14ms]
2026-07-25 18:01:55.987 [info] > git status -z -uall [82ms]
2026-07-25 18:02:01.000 [info] > git config --get commit.template [7ms]
2026-07-25 18:02:01.013 [info] > git for-each-ref --format=%(refname)%00%(upstream:short)%00%(objectname)%00%(upstream:track)%00%(upstream:remotename)%00%(upstream:remoteref) refs/heads/main refs/remotes/main [17ms]
2026-07-25 18:02:01.035 [info] > git for-each-ref --sort -committerdate --format %(refname)%00%(objectname)%00%(*objectname) [15ms]
2026-07-25 18:02:01.099 [info] > git status -z -uall [82ms]
2026-07-25 18:02:06.110 [info] > git config --get commit.template [6ms]
2026-07-25 18:02:06.124 [info] > git for-each-ref --format=%(refname)%00%(upstream:short)%00%(objectname)%00%(upstream:track)%00%(upstream:remotename)%00%(upstream:remoteref) refs/heads/main refs/remotes/main [17ms]
2026-07-25 18:02:06.144 [info] > git for-each-ref --sort -committerdate --format %(refname)%00%(objectname)%00%(*objectname) [15ms]
2026-07-25 18:02:06.367 [info] > git status -z -uall [240ms]
2026-07-25 18:02:11.379 [info] > git config --get commit.template [6ms]
2026-07-25 18:02:11.393 [info] > git for-each-ref --format=%(refname)%00%(upstream:short)%00%(objectname)%00%(upstream:track)%00%(upstream:remotename)%00%(upstream:remoteref) refs/heads/main refs/remotes/main [17ms]
2026-07-25 18:02:11.414 [info] > git for-each-ref --sort -committerdate --format %(refname)%00%(objectname)%00%(*objectname) [14ms]
2026-07-25 18:02:11.477 [info] > git status -z -uall [80ms]
2026-07-25 18:02:16.489 [info] > git config --get commit.template [5ms]
2026-07-25 18:02:16.502 [info] > git for-each-ref --format=%(refname)%00%(upstream:short)%00%(objectname)%00%(upstream:track)%00%(upstream:remotename)%00%(upstream:remoteref) refs/heads/main refs/remotes/main [16ms]
2026-07-25 18:02:16.526 [info] > git for-each-ref --sort -committerdate --format %(refname)%00%(objectname)%00%(*objectname) [18ms]
2026-07-25 18:02:16.597 [info] > git status -z -uall [91ms]
2026-07-25 18:02:21.607 [info] > git config --get commit.template [5ms]
2026-07-25 18:02:21.621 [info] > git for-each-ref --format=%(refname)%00%(upstream:short)%00%(objectname)%00%(upstream:track)%00%(upstream:remotename)%00%(upstream:remoteref) refs/heads/main refs/remotes/main [16ms]
2026-07-25 18:02:21.643 [info] > git for-each-ref --sort -committerdate --format %(refname)%00%(objectname)%00%(*objectname) [16ms]
2026-07-25 18:02:21.710 [info] > git status -z -uall [85ms]
2026-07-25 18:02:26.721 [info] > git config --get commit.template [5ms]
2026-07-25 18:02:26.735 [info] > git for-each-ref --format=%(refname)%00%(upstream:short)%00%(objectname)%00%(upstream:track)%00%(upstream:remotename)%00%(upstream:remoteref) refs/heads/main refs/remotes/main [16ms]
2026-07-25 18:02:26.758 [info] > git for-each-ref --sort -committerdate --format %(refname)%00%(objectname)%00%(*objectname) [16ms]
2026-07-25 18:02:26.826 [info] > git status -z -uall [87ms]
2026-07-25 18:02:34.549 [info] > git config --get commit.template [6ms]
2026-07-25 18:02:34.562 [info] > git for-each-ref --format=%(refname)%00%(upstream:short)%00%(objectname)%00%(upstream:track)%00%(upstream:remotename)%00%(upstream:remoteref) refs/heads/main refs/remotes/main [16ms]
2026-07-25 18:02:34.584 [info] > git for-each-ref --sort -committerdate --format %(refname)%00%(objectname)%00%(*objectname) [15ms]
2026-07-25 18:02:34.650 [info] > git status -z -uall [83ms]
2026-07-25 18:02:39.664 [info] > git config --get commit.template [8ms]
2026-07-25 18:02:39.678 [info] > git for-each-ref --format=%(refname)%00%(upstream:short)%00%(objectname)%00%(upstream:track)%00%(upstream:remotename)%00%(upstream:remoteref) refs/heads/main refs/remotes/main [19ms]
2026-07-25 18:02:39.701 [info] > git for-each-ref --sort -committerdate --format %(refname)%00%(objectname)%00%(*objectname) [16ms]
2026-07-25 18:02:39.834 [info] > git status -z -uall [152ms]
2026-07-25 18:02:44.845 [info] > git config --get commit.template [6ms]
2026-07-25 18:02:44.858 [info] > git for-each-ref --format=%(refname)%00%(upstream:short)%00%(objectname)%00%(upstream:track)%00%(upstream:remotename)%00%(upstream:remoteref) refs/heads/main refs/remotes/main [16ms]
2026-07-25 18:02:44.878 [info] > git for-each-ref --sort -committerdate --format %(refname)%00%(objectname)%00%(*objectname) [14ms]
2026-07-25 18:02:44.943 [info] > git status -z -uall [81ms]
2026-07-25 18:02:49.955 [info] > git config --get commit.template [7ms]
2026-07-25 18:02:49.969 [info] > git for-each-ref --format=%(refname)%00%(upstream:short)%00%(objectname)%00%(upstream:track)%00%(upstream:remotename)%00%(upstream:remoteref) refs/heads/main refs/remotes/main [17ms]
2026-07-25 18:02:49.990 [info] > git for-each-ref --sort -committerdate --format %(refname)%00%(objectname)%00%(*objectname) [14ms]
2026-07-25 18:02:50.056 [info] > git status -z -uall [82ms]
2026-07-25 18:02:55.067 [info] > git config --get commit.template [5ms]
2026-07-25 18:02:55.080 [info] > git for-each-ref --format=%(refname)%00%(upstream:short)%00%(objectname)%00%(upstream:track)%00%(upstream:remotename)%00%(upstream:remoteref) refs/heads/main refs/remotes/main [15ms]
2026-07-25 18:02:55.100 [info] > git for-each-ref --sort -committerdate --format %(refname)%00%(objectname)%00%(*objectname) [14ms]
2026-07-25 18:02:55.169 [info] > git status -z -uall [85ms]
2026-07-25 18:03:00.180 [info] > git config --get commit.template [6ms]
2026-07-25 18:03:00.193 [info] > git for-each-ref --format=%(refname)%00%(upstream:short)%00%(objectname)%00%(upstream:track)%00%(upstream:remotename)%00%(upstream:remoteref) refs/heads/main refs/remotes/main [16ms]
2026-07-25 18:03:00.213 [info] > git for-each-ref --sort -committerdate --format %(refname)%00%(objectname)%00%(*objectname) [15ms]
2026-07-25 18:03:00.278 [info] > git status -z -uall [82ms]
2026-07-25 18:03:05.290 [info] > git config --get commit.template [5ms]
2026-07-25 18:03:05.304 [info] > git for-each-ref --format=%(refname)%00%(upstream:short)%00%(objectname)%00%(upstream:track)%00%(upstream:remotename)%00%(upstream:remoteref) refs/heads/main refs/remotes/main [17ms]
2026-07-25 18:03:05.329 [info] > git for-each-ref --sort -committerdate --format %(refname)%00%(objectname)%00%(*objectname) [18ms]
2026-07-25 18:03:05.405 [info] > git status -z -uall [96ms]
2026-07-25 18:03:10.416 [info] > git config --get commit.template [5ms]
2026-07-25 18:03:10.430 [info] > git for-each-ref --format=%(refname)%00%(upstream:short)%00%(objectname)%00%(upstream:track)%00%(upstream:remotename)%00%(upstream:remoteref) refs/heads/main refs/remotes/main [16ms]
2026-07-25 18:03:10.451 [info] > git for-each-ref --sort -committerdate --format %(refname)%00%(objectname)%00%(*objectname) [14ms]
2026-07-25 18:03:10.670 [info] > git status -z -uall [236ms]
2026-07-25 18:03:15.682 [info] > git config --get commit.template [6ms]
2026-07-25 18:03:15.695 [info] > git for-each-ref --format=%(refname)%00%(upstream:short)%00%(objectname)%00%(upstream:track)%00%(upstream:remotename)%00%(upstream:remoteref) refs/heads/main refs/remotes/main [16ms]
2026-07-25 18:03:15.714 [info] > git for-each-ref --sort -committerdate --format %(refname)%00%(objectname)%00%(*objectname) [13ms]
2026-07-25 18:03:15.785 [info] > git status -z -uall [86ms]
2026-07-25 18:03:20.796 [info] > git config --get commit.template [6ms]
2026-07-25 18:03:20.810 [info] > git for-each-ref --format=%(refname)%00%(upstream:short)%00%(objectname)%00%(upstream:track)%00%(upstream:remotename)%00%(upstream:remoteref) refs/heads/main refs/remotes/main [17ms]
2026-07-25 18:03:20.830 [info] > git for-each-ref --sort -committerdate --format %(refname)%00%(objectname)%00%(*objectname) [14ms]
2026-07-25 18:03:20.900 [info] > git status -z -uall [87ms]
2026-07-25 18:03:25.912 [info] > git config --get commit.template [6ms]
2026-07-25 18:03:25.926 [info] > git for-each-ref --format=%(refname)%00%(upstream:short)%00%(objectname)%00%(upstream:track)%00%(upstream:remotename)%00%(upstream:remoteref) refs/heads/main refs/remotes/main [17ms]
2026-07-25 18:03:25.947 [info] > git for-each-ref --sort -committerdate --format %(refname)%00%(objectname)%00%(*objectname) [15ms]
2026-07-25 18:03:26.017 [info] > git status -z -uall [87ms]
2026-07-25 18:03:31.028 [info] > git config --get commit.template [6ms]
2026-07-25 18:03:31.041 [info] > git for-each-ref --format=%(refname)%00%(upstream:short)%00%(objectname)%00%(upstream:track)%00%(upstream:remotename)%00%(upstream:remoteref) refs/heads/main refs/remotes/main [16ms]
2026-07-25 18:03:31.061 [info] > git for-each-ref --sort -committerdate --format %(refname)%00%(objectname)%00%(*objectname) [14ms]
2026-07-25 18:03:31.130 [info] > git status -z -uall [86ms]
2026-07-25 18:03:36.141 [info] > git config --get commit.template [5ms]
2026-07-25 18:03:36.155 [info] > git for-each-ref --format=%(refname)%00%(upstream:short)%00%(objectname)%00%(upstream:track)%00%(upstream:remotename)%00%(upstream:remoteref) refs/heads/main refs/remotes/main [16ms]
2026-07-25 18:03:36.173 [info] > git for-each-ref --sort -committerdate --format %(refname)%00%(objectname)%00%(*objectname) [13ms]
2026-07-25 18:03:36.241 [info] > git status -z -uall [82ms]
2026-07-25 18:03:37.169 [info] > git ls-files --stage -- Knowledge_Hands_on/practice_examples/week02/speed_demo.py [10ms]
2026-07-25 18:03:37.177 [info] > git show --textconv :Knowledge_Hands_on/practice_examples/week02/speed_demo.py [20ms]
2026-07-25 18:03:37.186 [info] > git cat-file -s b207244e7d60b68ef4fa1a1d3d4f92109de99593 [15ms]
2026-07-25 18:03:41.254 [info] > git config --get commit.template [6ms]
2026-07-25 18:03:41.267 [info] > git for-each-ref --format=%(refname)%00%(upstream:short)%00%(objectname)%00%(upstream:track)%00%(upstream:remotename)%00%(upstream:remoteref) refs/heads/main refs/remotes/main [16ms]
2026-07-25 18:03:41.289 [info] > git for-each-ref --sort -committerdate --format %(refname)%00%(objectname)%00%(*objectname) [15ms]
2026-07-25 18:03:41.365 [info] > git status -z -uall [93ms]
2026-07-25 18:03:46.377 [info] > git config --get commit.template [5ms]
2026-07-25 18:03:46.391 [info] > git for-each-ref --format=%(refname)%00%(upstream:short)%00%(objectname)%00%(upstream:track)%00%(upstream:remotename)%00%(upstream:remoteref) refs/heads/main refs/remotes/main [16ms]
2026-07-25 18:03:46.410 [info] > git for-each-ref --sort -committerdate --format %(refname)%00%(objectname)%00%(*objectname) [14ms]
2026-07-25 18:03:46.476 [info] > git status -z -uall [82ms]
2026-07-25 18:03:51.487 [info] > git config --get commit.template [6ms]
2026-07-25 18:03:51.500 [info] > git for-each-ref --format=%(refname)%00%(upstream:short)%00%(objectname)%00%(upstream:track)%00%(upstream:remotename)%00%(upstream:remoteref) refs/heads/main refs/remotes/main [16ms]
2026-07-25 18:03:51.520 [info] > git for-each-ref --sort -committerdate --format %(refname)%00%(objectname)%00%(*objectname) [13ms]
2026-07-25 18:03:51.584 [info] > git status -z -uall [79ms]
2026-07-25 18:03:56.595 [info] > git config --get commit.template [6ms]
2026-07-25 18:03:56.609 [info] > git for-each-ref --format=%(refname)%00%(upstream:short)%00%(objectname)%00%(upstream:track)%00%(upstream:remotename)%00%(upstream:remoteref) refs/heads/main refs/remotes/main [17ms]
2026-07-25 18:03:56.630 [info] > git for-each-ref --sort -committerdate --format %(refname)%00%(objectname)%00%(*objectname) [15ms]
2026-07-25 18:03:56.703 [info] > git status -z -uall [90ms]
2026-07-25 18:04:01.714 [info] > git config --get commit.template [5ms]
2026-07-25 18:04:01.728 [info] > git for-each-ref --format=%(refname)%00%(upstream:short)%00%(objectname)%00%(upstream:track)%00%(upstream:remotename)%00%(upstream:remoteref) refs/heads/main refs/remotes/main [16ms]
2026-07-25 18:04:01.749 [info] > git for-each-ref --sort -committerdate --format %(refname)%00%(objectname)%00%(*objectname) [14ms]
2026-07-25 18:04:01.817 [info] > git status -z -uall [85ms]
2026-07-25 18:04:06.112 [info] > git ls-files --stage -- Knowledge_Hands_on/practice_examples/week02/sqlite_demo.py [8ms]
2026-07-25 18:04:06.124 [info] > git show --textconv :Knowledge_Hands_on/practice_examples/week02/sqlite_demo.py [23ms]
2026-07-25 18:04:06.133 [info] > git cat-file -s 1a8e4fad49bdc6adebbdf927fbbc3c03514dbc19 [19ms]
2026-07-25 18:04:06.830 [info] > git config --get commit.template [8ms]
2026-07-25 18:04:06.845 [info] > git for-each-ref --format=%(refname)%00%(upstream:short)%00%(objectname)%00%(upstream:track)%00%(upstream:remotename)%00%(upstream:remoteref) refs/heads/main refs/remotes/main [19ms]
2026-07-25 18:04:06.865 [info] > git for-each-ref --sort -committerdate --format %(refname)%00%(objectname)%00%(*objectname) [15ms]
2026-07-25 18:04:06.997 [info] > git status -z -uall [149ms]
2026-07-25 18:04:12.009 [info] > git config --get commit.template [6ms]
2026-07-25 18:04:12.023 [info] > git for-each-ref --format=%(refname)%00%(upstream:short)%00%(objectname)%00%(upstream:track)%00%(upstream:remotename)%00%(upstream:remoteref) refs/heads/main refs/remotes/main [17ms]
2026-07-25 18:04:12.045 [info] > git for-each-ref --sort -committerdate --format %(refname)%00%(objectname)%00%(*objectname) [17ms]
2026-07-25 18:04:12.270 [info] > git status -z -uall [244ms]
2026-07-25 18:04:17.281 [info] > git config --get commit.template [6ms]
2026-07-25 18:04:17.294 [info] > git for-each-ref --format=%(refname)%00%(upstream:short)%00%(objectname)%00%(upstream:track)%00%(upstream:remotename)%00%(upstream:remoteref) refs/heads/main refs/remotes/main [16ms]
2026-07-25 18:04:17.313 [info] > git for-each-ref --sort -committerdate --format %(refname)%00%(objectname)%00%(*objectname) [14ms]
2026-07-25 18:04:17.379 [info] > git status -z -uall [82ms]
2026-07-25 18:04:22.390 [info] > git config --get commit.template [6ms]
2026-07-25 18:04:22.404 [info] > git for-each-ref --format=%(refname)%00%(upstream:short)%00%(objectname)%00%(upstream:track)%00%(upstream:remotename)%00%(upstream:remoteref) refs/heads/main refs/remotes/main [17ms]
2026-07-25 18:04:22.423 [info] > git for-each-ref --sort -committerdate --format %(refname)%00%(objectname)%00%(*objectname) [14ms]
2026-07-25 18:04:22.491 [info] > git status -z -uall [84ms]
2026-07-25 18:04:27.501 [info] > git config --get commit.template [5ms]
2026-07-25 18:04:27.515 [info] > git for-each-ref --format=%(refname)%00%(upstream:short)%00%(objectname)%00%(upstream:track)%00%(upstream:remotename)%00%(upstream:remoteref) refs/heads/main refs/remotes/main [16ms]
2026-07-25 18:04:27.534 [info] > git for-each-ref --sort -committerdate --format %(refname)%00%(objectname)%00%(*objectname) [14ms]
2026-07-25 18:04:27.599 [info] > git status -z -uall [81ms]
2026-07-25 18:04:32.610 [info] > git config --get commit.template [6ms]
2026-07-25 18:04:32.623 [info] > git for-each-ref --format=%(refname)%00%(upstream:short)%00%(objectname)%00%(upstream:track)%00%(upstream:remotename)%00%(upstream:remoteref) refs/heads/main refs/remotes/main [16ms]
2026-07-25 18:04:32.642 [info] > git for-each-ref --sort -committerdate --format %(refname)%00%(objectname)%00%(*objectname) [12ms]
2026-07-25 18:04:32.709 [info] > git status -z -uall [82ms]
2026-07-25 18:04:37.720 [info] > git config --get commit.template [6ms]
2026-07-25 18:04:37.733 [info] > git for-each-ref --format=%(refname)%00%(upstream:short)%00%(objectname)%00%(upstream:track)%00%(upstream:remotename)%00%(upstream:remoteref) refs/heads/main refs/remotes/main [16ms]
2026-07-25 18:04:37.756 [info] > git for-each-ref --sort -committerdate --format %(refname)%00%(objectname)%00%(*objectname) [16ms]
2026-07-25 18:04:37.821 [info] > git status -z -uall [84ms]
2026-07-25 18:04:42.832 [info] > git config --get commit.template [6ms]
2026-07-25 18:04:42.846 [info] > git for-each-ref --format=%(refname)%00%(upstream:short)%00%(objectname)%00%(upstream:track)%00%(upstream:remotename)%00%(upstream:remoteref) refs/heads/main refs/remotes/main [17ms]
2026-07-25 18:04:42.868 [info] > git for-each-ref --sort -committerdate --format %(refname)%00%(objectname)%00%(*objectname) [17ms]
2026-07-25 18:04:42.940 [info] > git status -z -uall [91ms]
2026-07-25 18:05:03.083 [info] > git config --get commit.template [7ms]
2026-07-25 18:05:03.097 [info] > git for-each-ref --format=%(refname)%00%(upstream:short)%00%(objectname)%00%(upstream:track)%00%(upstream:remotename)%00%(upstream:remoteref) refs/heads/main refs/remotes/main [17ms]
2026-07-25 18:05:03.120 [info] > git for-each-ref --sort -committerdate --format %(refname)%00%(objectname)%00%(*objectname) [17ms]
2026-07-25 18:05:03.188 [info] > git status -z -uall [87ms]
2026-07-25 18:05:08.202 [info] > git config --get commit.template [7ms]
2026-07-25 18:05:08.218 [info] > git for-each-ref --format=%(refname)%00%(upstream:short)%00%(objectname)%00%(upstream:track)%00%(upstream:remotename)%00%(upstream:remoteref) refs/heads/main refs/remotes/main [20ms]
2026-07-25 18:05:08.241 [info] > git for-each-ref --sort -committerdate --format %(refname)%00%(objectname)%00%(*objectname) [18ms]
2026-07-25 18:05:08.386 [info] > git status -z -uall [165ms]
2026-07-25 18:05:13.398 [info] > git config --get commit.template [6ms]
2026-07-25 18:05:13.412 [info] > git for-each-ref --format=%(refname)%00%(upstream:short)%00%(objectname)%00%(upstream:track)%00%(upstream:remotename)%00%(upstream:remoteref) refs/heads/main refs/remotes/main [17ms]
2026-07-25 18:05:13.433 [info] > git for-each-ref --sort -committerdate --format %(refname)%00%(objectname)%00%(*objectname) [16ms]
2026-07-25 18:05:13.657 [info] > git status -z -uall [242ms]
2026-07-25 18:05:18.669 [info] > git config --get commit.template [6ms]
2026-07-25 18:05:18.683 [info] > git for-each-ref --format=%(refname)%00%(upstream:short)%00%(objectname)%00%(upstream:track)%00%(upstream:remotename)%00%(upstream:remoteref) refs/heads/main refs/remotes/main [17ms]
2026-07-25 18:05:18.705 [info] > git for-each-ref --sort -committerdate --format %(refname)%00%(objectname)%00%(*objectname) [16ms]
2026-07-25 18:05:18.774 [info] > git status -z -uall [87ms]
2026-07-25 18:05:23.787 [info] > git config --get commit.template [6ms]
2026-07-25 18:05:23.800 [info] > git for-each-ref --format=%(refname)%00%(upstream:short)%00%(objectname)%00%(upstream:track)%00%(upstream:remotename)%00%(upstream:remoteref) refs/heads/main refs/remotes/main [16ms]
2026-07-25 18:05:23.822 [info] > git for-each-ref --sort -committerdate --format %(refname)%00%(objectname)%00%(*objectname) [16ms]
2026-07-25 18:05:23.892 [info] > git status -z -uall [87ms]
2026-07-25 18:05:28.903 [info] > git config --get commit.template [6ms]
2026-07-25 18:05:28.917 [info] > git for-each-ref --format=%(refname)%00%(upstream:short)%00%(objectname)%00%(upstream:track)%00%(upstream:remotename)%00%(upstream:remoteref) refs/heads/main refs/remotes/main [17ms]
2026-07-25 18:05:28.938 [info] > git for-each-ref --sort -committerdate --format %(refname)%00%(objectname)%00%(*objectname) [15ms]
2026-07-25 18:05:29.010 [info] > git status -z -uall [89ms]
2026-07-25 18:05:34.023 [info] > git config --get commit.template [7ms]
2026-07-25 18:05:34.039 [info] > git for-each-ref --format=%(refname)%00%(upstream:short)%00%(objectname)%00%(upstream:track)%00%(upstream:remotename)%00%(upstream:remoteref) refs/heads/main refs/remotes/main [20ms]
2026-07-25 18:05:34.065 [info] > git for-each-ref --sort -committerdate --format %(refname)%00%(objectname)%00%(*objectname) [19ms]
2026-07-25 18:05:34.139 [info] > git status -z -uall [95ms]
2026-07-25 18:05:39.152 [info] > git config --get commit.template [5ms]
2026-07-25 18:05:39.164 [info] > git for-each-ref --format=%(refname)%00%(upstream:short)%00%(objectname)%00%(upstream:track)%00%(upstream:remotename)%00%(upstream:remoteref) refs/heads/main refs/remotes/main [15ms]
2026-07-25 18:05:39.184 [info] > git for-each-ref --sort -committerdate --format %(refname)%00%(objectname)%00%(*objectname) [15ms]
2026-07-25 18:05:39.252 [info] > git status -z -uall [84ms]
2026-07-25 18:05:44.263 [info] > git config --get commit.template [5ms]
2026-07-25 18:05:44.275 [info] > git for-each-ref --format=%(refname)%00%(upstream:short)%00%(objectname)%00%(upstream:track)%00%(upstream:remotename)%00%(upstream:remoteref) refs/heads/main refs/remotes/main [15ms]
2026-07-25 18:05:44.294 [info] > git for-each-ref --sort -committerdate --format %(refname)%00%(objectname)%00%(*objectname) [14ms]
2026-07-25 18:05:44.361 [info] > git status -z -uall [83ms]
2026-07-25 18:05:49.375 [info] > git config --get commit.template [7ms]
2026-07-25 18:05:49.391 [info] > git for-each-ref --format=%(refname)%00%(upstream:short)%00%(objectname)%00%(upstream:track)%00%(upstream:remotename)%00%(upstream:remoteref) refs/heads/main refs/remotes/main [21ms]
2026-07-25 18:05:49.415 [info] > git for-each-ref --sort -committerdate --format %(refname)%00%(objectname)%00%(*objectname) [18ms]
2026-07-25 18:05:49.482 [info] > git status -z -uall [87ms]
2026-07-25 18:05:54.494 [info] > git config --get commit.template [5ms]
2026-07-25 18:05:54.508 [info] > git for-each-ref --format=%(refname)%00%(upstream:short)%00%(objectname)%00%(upstream:track)%00%(upstream:remotename)%00%(upstream:remoteref) refs/heads/main refs/remotes/main [16ms]
2026-07-25 18:05:54.528 [info] > git for-each-ref --sort -committerdate --format %(refname)%00%(objectname)%00%(*objectname) [15ms]
2026-07-25 18:05:54.601 [info] > git status -z -uall [90ms]
2026-07-25 18:05:59.613 [info] > git config --get commit.template [6ms]
2026-07-25 18:05:59.626 [info] > git for-each-ref --format=%(refname)%00%(upstream:short)%00%(objectname)%00%(upstream:track)%00%(upstream:remotename)%00%(upstream:remoteref) refs/heads/main refs/remotes/main [17ms]
2026-07-25 18:05:59.645 [info] > git for-each-ref --sort -committerdate --format %(refname)%00%(objectname)%00%(*objectname) [14ms]
2026-07-25 18:05:59.712 [info] > git status -z -uall [83ms]
2026-07-25 18:06:04.723 [info] > git config --get commit.template [6ms]
2026-07-25 18:06:04.737 [info] > git for-each-ref --format=%(refname)%00%(upstream:short)%00%(objectname)%00%(upstream:track)%00%(upstream:remotename)%00%(upstream:remoteref) refs/heads/main refs/remotes/main [17ms]
2026-07-25 18:06:04.758 [info] > git for-each-ref --sort -committerdate --format %(refname)%00%(objectname)%00%(*objectname) [16ms]
2026-07-25 18:06:04.836 [info] > git status -z -uall [96ms]
2026-07-25 18:06:09.851 [info] > git config --get commit.template [7ms]
2026-07-25 18:06:09.865 [info] > git for-each-ref --format=%(refname)%00%(upstream:short)%00%(objectname)%00%(upstream:track)%00%(upstream:remotename)%00%(upstream:remoteref) refs/heads/main refs/remotes/main [18ms]
2026-07-25 18:06:09.884 [info] > git for-each-ref --sort -committerdate --format %(refname)%00%(objectname)%00%(*objectname) [14ms]
2026-07-25 18:06:10.012 [info] > git status -z -uall [143ms]
2026-07-25 18:06:15.024 [info] > git config --get commit.template [6ms]
2026-07-25 18:06:15.036 [info] > git for-each-ref --format=%(refname)%00%(upstream:short)%00%(objectname)%00%(upstream:track)%00%(upstream:remotename)%00%(upstream:remoteref) refs/heads/main refs/remotes/main [16ms]
2026-07-25 18:06:15.055 [info] > git for-each-ref --sort -committerdate --format %(refname)%00%(objectname)%00%(*objectname) [14ms]
2026-07-25 18:06:15.282 [info] > git status -z -uall [243ms]
2026-07-25 18:06:20.293 [info] > git config --get commit.template [6ms]
2026-07-25 18:06:20.309 [info] > git for-each-ref --format=%(refname)%00%(upstream:short)%00%(objectname)%00%(upstream:track)%00%(upstream:remotename)%00%(upstream:remoteref) refs/heads/main refs/remotes/main [17ms]
2026-07-25 18:06:20.331 [info] > git for-each-ref --sort -committerdate --format %(refname)%00%(objectname)%00%(*objectname) [14ms]
2026-07-25 18:06:20.456 [info] > git status -z -uall [143ms]
2026-07-25 18:06:25.467 [info] > git config --get commit.template [6ms]
2026-07-25 18:06:25.482 [info] > git for-each-ref --format=%(refname)%00%(upstream:short)%00%(objectname)%00%(upstream:track)%00%(upstream:remotename)%00%(upstream:remoteref) refs/heads/main refs/remotes/main [18ms]
2026-07-25 18:06:25.504 [info] > git for-each-ref --sort -committerdate --format %(refname)%00%(objectname)%00%(*objectname) [16ms]
2026-07-25 18:06:25.573 [info] > git status -z -uall [87ms]
2026-07-25 18:06:30.585 [info] > git config --get commit.template [6ms]
2026-07-25 18:06:30.599 [info] > git for-each-ref --format=%(refname)%00%(upstream:short)%00%(objectname)%00%(upstream:track)%00%(upstream:remotename)%00%(upstream:remoteref) refs/heads/main refs/remotes/main [17ms]
2026-07-25 18:06:30.621 [info] > git for-each-ref --sort -committerdate --format %(refname)%00%(objectname)%00%(*objectname) [15ms]
2026-07-25 18:06:30.692 [info] > git status -z -uall [89ms]
2026-07-25 18:06:35.703 [info] > git config --get commit.template [6ms]
2026-07-25 18:06:35.715 [info] > git for-each-ref --format=%(refname)%00%(upstream:short)%00%(objectname)%00%(upstream:track)%00%(upstream:remotename)%00%(upstream:remoteref) refs/heads/main refs/remotes/main [15ms]
2026-07-25 18:06:35.737 [info] > git for-each-ref --sort -committerdate --format %(refname)%00%(objectname)%00%(*objectname) [16ms]
2026-07-25 18:06:35.804 [info] > git status -z -uall [85ms]
2026-07-25 18:06:40.815 [info] > git config --get commit.template [5ms]
2026-07-25 18:06:40.829 [info] > git for-each-ref --format=%(refname)%00%(upstream:short)%00%(objectname)%00%(upstream:track)%00%(upstream:remotename)%00%(upstream:remoteref) refs/heads/main refs/remotes/main [16ms]
2026-07-25 18:06:40.848 [info] > git for-each-ref --sort -committerdate --format %(refname)%00%(objectname)%00%(*objectname) [14ms]
2026-07-25 18:06:40.915 [info] > git status -z -uall [83ms]
2026-07-25 18:06:45.928 [info] > git config --get commit.template [6ms]
2026-07-25 18:06:45.941 [info] > git for-each-ref --format=%(refname)%00%(upstream:short)%00%(objectname)%00%(upstream:track)%00%(upstream:remotename)%00%(upstream:remoteref) refs/heads/main refs/remotes/main [17ms]
2026-07-25 18:06:45.960 [info] > git for-each-ref --sort -committerdate --format %(refname)%00%(objectname)%00%(*objectname) [14ms]
2026-07-25 18:06:46.029 [info] > git status -z -uall [85ms]
2026-07-25 18:06:51.040 [info] > git config --get commit.template [6ms]
2026-07-25 18:06:51.054 [info] > git for-each-ref --format=%(refname)%00%(upstream:short)%00%(objectname)%00%(upstream:track)%00%(upstream:remotename)%00%(upstream:remoteref) refs/heads/main refs/remotes/main [16ms]
2026-07-25 18:06:51.076 [info] > git for-each-ref --sort -committerdate --format %(refname)%00%(objectname)%00%(*objectname) [15ms]
2026-07-25 18:06:51.141 [info] > git status -z -uall [82ms]
2026-07-25 18:06:56.152 [info] > git config --get commit.template [6ms]
2026-07-25 18:06:56.167 [info] > git for-each-ref --format=%(refname)%00%(upstream:short)%00%(objectname)%00%(upstream:track)%00%(upstream:remotename)%00%(upstream:remoteref) refs/heads/main refs/remotes/main [18ms]
2026-07-25 18:06:56.186 [info] > git for-each-ref --sort -committerdate --format %(refname)%00%(objectname)%00%(*objectname) [14ms]
2026-07-25 18:06:56.250 [info] > git status -z -uall [80ms]
2026-07-25 18:07:01.261 [info] > git config --get commit.template [6ms]
2026-07-25 18:07:01.274 [info] > git for-each-ref --format=%(refname)%00%(upstream:short)%00%(objectname)%00%(upstream:track)%00%(upstream:remotename)%00%(upstream:remoteref) refs/heads/main refs/remotes/main [16ms]
2026-07-25 18:07:01.293 [info] > git for-each-ref --sort -committerdate --format %(refname)%00%(objectname)%00%(*objectname) [14ms]
2026-07-25 18:07:01.361 [info] > git status -z -uall [84ms]
2026-07-25 18:07:06.372 [info] > git config --get commit.template [5ms]
2026-07-25 18:07:06.385 [info] > git for-each-ref --format=%(refname)%00%(upstream:short)%00%(objectname)%00%(upstream:track)%00%(upstream:remotename)%00%(upstream:remoteref) refs/heads/main refs/remotes/main [16ms]
2026-07-25 18:07:06.404 [info] > git for-each-ref --sort -committerdate --format %(refname)%00%(objectname)%00%(*objectname) [13ms]
2026-07-25 18:07:06.468 [info] > git status -z -uall [79ms]
2026-07-25 18:07:11.482 [info] > git config --get commit.template [8ms]
2026-07-25 18:07:11.497 [info] > git for-each-ref --format=%(refname)%00%(upstream:short)%00%(objectname)%00%(upstream:track)%00%(upstream:remotename)%00%(upstream:remoteref) refs/heads/main refs/remotes/main [20ms]
2026-07-25 18:07:11.519 [info] > git for-each-ref --sort -committerdate --format %(refname)%00%(objectname)%00%(*objectname) [17ms]
2026-07-25 18:07:11.651 [info] > git status -z -uall [151ms]
2026-07-25 18:07:16.663 [info] > git config --get commit.template [5ms]
2026-07-25 18:07:16.676 [info] > git for-each-ref --format=%(refname)%00%(upstream:short)%00%(objectname)%00%(upstream:track)%00%(upstream:remotename)%00%(upstream:remoteref) refs/heads/main refs/remotes/main [16ms]
2026-07-25 18:07:16.697 [info] > git for-each-ref --sort -committerdate --format %(refname)%00%(objectname)%00%(*objectname) [15ms]
2026-07-25 18:07:16.938 [info] > git status -z -uall [258ms]
2026-07-25 18:07:21.949 [info] > git config --get commit.template [6ms]
2026-07-25 18:07:21.962 [info] > git for-each-ref --format=%(refname)%00%(upstream:short)%00%(objectname)%00%(upstream:track)%00%(upstream:remotename)%00%(upstream:remoteref) refs/heads/main refs/remotes/main [16ms]
2026-07-25 18:07:21.981 [info] > git for-each-ref --sort -committerdate --format %(refname)%00%(objectname)%00%(*objectname) [13ms]
2026-07-25 18:07:22.047 [info] > git status -z -uall [81ms]
2026-07-25 18:07:27.060 [info] > git config --get commit.template [5ms]
2026-07-25 18:07:27.073 [info] > git for-each-ref --format=%(refname)%00%(upstream:short)%00%(objectname)%00%(upstream:track)%00%(upstream:remotename)%00%(upstream:remoteref) refs/heads/main refs/remotes/main [16ms]
2026-07-25 18:07:27.093 [info] > git for-each-ref --sort -committerdate --format %(refname)%00%(objectname)%00%(*objectname) [14ms]
2026-07-25 18:07:27.161 [info] > git status -z -uall [84ms]
2026-07-25 18:07:32.172 [info] > git config --get commit.template [6ms]
2026-07-25 18:07:32.185 [info] > git for-each-ref --format=%(refname)%00%(upstream:short)%00%(objectname)%00%(upstream:track)%00%(upstream:remotename)%00%(upstream:remoteref) refs/heads/main refs/remotes/main [16ms]
2026-07-25 18:07:32.205 [info] > git for-each-ref --sort -committerdate --format %(refname)%00%(objectname)%00%(*objectname) [15ms]
2026-07-25 18:07:32.272 [info] > git status -z -uall [84ms]
2026-07-25 18:07:37.283 [info] > git config --get commit.template [5ms]
2026-07-25 18:07:37.298 [info] > git for-each-ref --format=%(refname)%00%(upstream:short)%00%(objectname)%00%(upstream:track)%00%(upstream:remotename)%00%(upstream:remoteref) refs/heads/main refs/remotes/main [17ms]
2026-07-25 18:07:37.318 [info] > git for-each-ref --sort -committerdate --format %(refname)%00%(objectname)%00%(*objectname) [14ms]
2026-07-25 18:07:37.384 [info] > git status -z -uall [83ms]
2026-07-25 18:07:42.396 [info] > git config --get commit.template [6ms]
2026-07-25 18:07:42.410 [info] > git for-each-ref --format=%(refname)%00%(upstream:short)%00%(objectname)%00%(upstream:track)%00%(upstream:remotename)%00%(upstream:remoteref) refs/heads/main refs/remotes/main [18ms]
2026-07-25 18:07:42.428 [info] > git for-each-ref --sort -committerdate --format %(refname)%00%(objectname)%00%(*objectname) [13ms]
2026-07-25 18:07:42.499 [info] > git status -z -uall [86ms]
2026-07-25 18:07:47.510 [info] > git config --get commit.template [6ms]
2026-07-25 18:07:47.523 [info] > git for-each-ref --format=%(refname)%00%(upstream:short)%00%(objectname)%00%(upstream:track)%00%(upstream:remotename)%00%(upstream:remoteref) refs/heads/main refs/remotes/main [16ms]
2026-07-25 18:07:47.544 [info] > git for-each-ref --sort -committerdate --format %(refname)%00%(objectname)%00%(*objectname) [15ms]
2026-07-25 18:07:47.608 [info] > git status -z -uall [81ms]
2026-07-25 18:07:52.620 [info] > git config --get commit.template [6ms]
2026-07-25 18:07:52.633 [info] > git for-each-ref --format=%(refname)%00%(upstream:short)%00%(objectname)%00%(upstream:track)%00%(upstream:remotename)%00%(upstream:remoteref) refs/heads/main refs/remotes/main [16ms]
2026-07-25 18:07:52.654 [info] > git for-each-ref --sort -committerdate --format %(refname)%00%(objectname)%00%(*objectname) [15ms]
2026-07-25 18:07:52.721 [info] > git status -z -uall [84ms]
2026-07-25 18:07:57.734 [info] > git config --get commit.template [6ms]
2026-07-25 18:07:57.747 [info] > git for-each-ref --format=%(refname)%00%(upstream:short)%00%(objectname)%00%(upstream:track)%00%(upstream:remotename)%00%(upstream:remoteref) refs/heads/main refs/remotes/main [17ms]
2026-07-25 18:07:57.767 [info] > git for-each-ref --sort -committerdate --format %(refname)%00%(objectname)%00%(*objectname) [15ms]
2026-07-25 18:07:57.834 [info] > git status -z -uall [84ms]
2026-07-25 18:08:02.845 [info] > git config --get commit.template [6ms]
2026-07-25 18:08:02.859 [info] > git for-each-ref --format=%(refname)%00%(upstream:short)%00%(objectname)%00%(upstream:track)%00%(upstream:remotename)%00%(upstream:remoteref) refs/heads/main refs/remotes/main [17ms]
2026-07-25 18:08:02.879 [info] > git for-each-ref --sort -committerdate --format %(refname)%00%(objectname)%00%(*objectname) [14ms]
2026-07-25 18:08:02.944 [info] > git status -z -uall [81ms]
2026-07-25 18:08:07.956 [info] > git config --get commit.template [5ms]
2026-07-25 18:08:07.970 [info] > git for-each-ref --format=%(refname)%00%(upstream:short)%00%(objectname)%00%(upstream:track)%00%(upstream:remotename)%00%(upstream:remoteref) refs/heads/main refs/remotes/main [17ms]
2026-07-25 18:08:07.989 [info] > git for-each-ref --sort -committerdate --format %(refname)%00%(objectname)%00%(*objectname) [14ms]
2026-07-25 18:08:08.069 [info] > git status -z -uall [95ms]
2026-07-25 18:08:13.082 [info] > git config --get commit.template [6ms]
2026-07-25 18:08:13.098 [info] > git for-each-ref --format=%(refname)%00%(upstream:short)%00%(objectname)%00%(upstream:track)%00%(upstream:remotename)%00%(upstream:remoteref) refs/heads/main refs/remotes/main [20ms]
2026-07-25 18:08:13.119 [info] > git for-each-ref --sort -committerdate --format %(refname)%00%(objectname)%00%(*objectname) [14ms]
2026-07-25 18:08:13.245 [info] > git status -z -uall [143ms]
2026-07-25 18:08:18.256 [info] > git config --get commit.template [5ms]
2026-07-25 18:08:18.269 [info] > git for-each-ref --format=%(refname)%00%(upstream:short)%00%(objectname)%00%(upstream:track)%00%(upstream:remotename)%00%(upstream:remoteref) refs/heads/main refs/remotes/main [16ms]
2026-07-25 18:08:18.290 [info] > git for-each-ref --sort -committerdate --format %(refname)%00%(objectname)%00%(*objectname) [15ms]
2026-07-25 18:08:18.511 [info] > git status -z -uall [238ms]
2026-07-25 18:08:23.523 [info] > git config --get commit.template [6ms]
2026-07-25 18:08:23.540 [info] > git for-each-ref --format=%(refname)%00%(upstream:short)%00%(objectname)%00%(upstream:track)%00%(upstream:remotename)%00%(upstream:remoteref) refs/heads/main refs/remotes/main [17ms]
2026-07-25 18:08:23.592 [info] > git for-each-ref --sort -committerdate --format %(refname)%00%(objectname)%00%(*objectname) [44ms]
2026-07-25 18:08:23.661 [info] > git status -z -uall [116ms]
2026-07-25 18:08:28.672 [info] > git config --get commit.template [6ms]
2026-07-25 18:08:28.686 [info] > git for-each-ref --format=%(refname)%00%(upstream:short)%00%(objectname)%00%(upstream:track)%00%(upstream:remotename)%00%(upstream:remoteref) refs/heads/main refs/remotes/main [17ms]
2026-07-25 18:08:28.705 [info] > git for-each-ref --sort -committerdate --format %(refname)%00%(objectname)%00%(*objectname) [14ms]
2026-07-25 18:08:28.781 [info] > git status -z -uall [92ms]
2026-07-25 18:08:33.795 [info] > git config --get commit.template [6ms]
2026-07-25 18:08:33.808 [info] > git for-each-ref --format=%(refname)%00%(upstream:short)%00%(objectname)%00%(upstream:track)%00%(upstream:remotename)%00%(upstream:remoteref) refs/heads/main refs/remotes/main [15ms]
2026-07-25 18:08:33.832 [info] > git for-each-ref --sort -committerdate --format %(refname)%00%(objectname)%00%(*objectname) [17ms]
2026-07-25 18:08:33.896 [info] > git status -z -uall [83ms]
2026-07-25 18:08:38.909 [info] > git config --get commit.template [5ms]
2026-07-25 18:08:38.923 [info] > git for-each-ref --format=%(refname)%00%(upstream:short)%00%(objectname)%00%(upstream:track)%00%(upstream:remotename)%00%(upstream:remoteref) refs/heads/main refs/remotes/main [16ms]
2026-07-25 18:08:38.943 [info] > git for-each-ref --sort -committerdate --format %(refname)%00%(objectname)%00%(*objectname) [14ms]
2026-07-25 18:08:39.010 [info] > git status -z -uall [83ms]
2026-07-25 18:08:44.022 [info] > git config --get commit.template [5ms]
2026-07-25 18:08:44.034 [info] > git for-each-ref --format=%(refname)%00%(upstream:short)%00%(objectname)%00%(upstream:track)%00%(upstream:remotename)%00%(upstream:remoteref) refs/heads/main refs/remotes/main [15ms]
2026-07-25 18:08:44.055 [info] > git for-each-ref --sort -committerdate --format %(refname)%00%(objectname)%00%(*objectname) [15ms]
2026-07-25 18:08:44.124 [info] > git status -z -uall [86ms]
2026-07-25 18:08:49.135 [info] > git config --get commit.template [5ms]
2026-07-25 18:08:49.148 [info] > git for-each-ref --format=%(refname)%00%(upstream:short)%00%(objectname)%00%(upstream:track)%00%(upstream:remotename)%00%(upstream:remoteref) refs/heads/main refs/remotes/main [16ms]
2026-07-25 18:08:49.166 [info] > git for-each-ref --sort -committerdate --format %(refname)%00%(objectname)%00%(*objectname) [13ms]
2026-07-25 18:08:49.229 [info] > git status -z -uall [78ms]
2026-07-25 18:08:54.242 [info] > git config --get commit.template [7ms]
2026-07-25 18:08:54.255 [info] > git for-each-ref --format=%(refname)%00%(upstream:short)%00%(objectname)%00%(upstream:track)%00%(upstream:remotename)%00%(upstream:remoteref) refs/heads/main refs/remotes/main [17ms]
2026-07-25 18:08:54.277 [info] > git for-each-ref --sort -committerdate --format %(refname)%00%(objectname)%00%(*objectname) [16ms]
2026-07-25 18:08:54.365 [info] > git status -z -uall [106ms]
2026-07-25 18:08:59.377 [info] > git config --get commit.template [6ms]
2026-07-25 18:08:59.391 [info] > git for-each-ref --format=%(refname)%00%(upstream:short)%00%(objectname)%00%(upstream:track)%00%(upstream:remotename)%00%(upstream:remoteref) refs/heads/main refs/remotes/main [17ms]
2026-07-25 18:08:59.410 [info] > git for-each-ref --sort -committerdate --format %(refname)%00%(objectname)%00%(*objectname) [14ms]
2026-07-25 18:08:59.476 [info] > git status -z -uall [82ms]
2026-07-25 18:09:04.488 [info] > git config --get commit.template [6ms]
2026-07-25 18:09:04.503 [info] > git for-each-ref --format=%(refname)%00%(upstream:short)%00%(objectname)%00%(upstream:track)%00%(upstream:remotename)%00%(upstream:remoteref) refs/heads/main refs/remotes/main [18ms]
2026-07-25 18:09:04.525 [info] > git for-each-ref --sort -committerdate --format %(refname)%00%(objectname)%00%(*objectname) [17ms]
2026-07-25 18:09:04.610 [info] > git status -z -uall [104ms]
2026-07-25 18:09:09.621 [info] > git config --get commit.template [6ms]
2026-07-25 18:09:09.635 [info] > git for-each-ref --format=%(refname)%00%(upstream:short)%00%(objectname)%00%(upstream:track)%00%(upstream:remotename)%00%(upstream:remoteref) refs/heads/main refs/remotes/main [17ms]
2026-07-25 18:09:09.659 [info] > git for-each-ref --sort -committerdate --format %(refname)%00%(objectname)%00%(*objectname) [18ms]
2026-07-25 18:09:09.729 [info] > git status -z -uall [90ms]
2026-07-25 18:09:14.741 [info] > git config --get commit.template [6ms]
2026-07-25 18:09:14.755 [info] > git for-each-ref --format=%(refname)%00%(upstream:short)%00%(objectname)%00%(upstream:track)%00%(upstream:remotename)%00%(upstream:remoteref) refs/heads/main refs/remotes/main [18ms]
2026-07-25 18:09:14.774 [info] > git for-each-ref --sort -committerdate --format %(refname)%00%(objectname)%00%(*objectname) [14ms]
2026-07-25 18:09:14.898 [info] > git status -z -uall [140ms]
2026-07-25 18:09:19.910 [info] > git config --get commit.template [7ms]
2026-07-25 18:09:19.925 [info] > git for-each-ref --format=%(refname)%00%(upstream:short)%00%(objectname)%00%(upstream:track)%00%(upstream:remotename)%00%(upstream:remoteref) refs/heads/main refs/remotes/main [19ms]
2026-07-25 18:09:19.947 [info] > git for-each-ref --sort -committerdate --format %(refname)%00%(objectname)%00%(*objectname) [15ms]
2026-07-25 18:09:20.164 [info] > git status -z -uall [235ms]
2026-07-25 18:09:25.176 [info] > git config --get commit.template [6ms]
2026-07-25 18:09:25.188 [info] > git for-each-ref --format=%(refname)%00%(upstream:short)%00%(objectname)%00%(upstream:track)%00%(upstream:remotename)%00%(upstream:remoteref) refs/heads/main refs/remotes/main [15ms]
2026-07-25 18:09:25.208 [info] > git for-each-ref --sort -committerdate --format %(refname)%00%(objectname)%00%(*objectname) [14ms]
2026-07-25 18:09:25.276 [info] > git status -z -uall [84ms]
2026-07-25 18:09:30.288 [info] > git config --get commit.template [6ms]
2026-07-25 18:09:30.303 [info] > git for-each-ref --format=%(refname)%00%(upstream:short)%00%(objectname)%00%(upstream:track)%00%(upstream:remotename)%00%(upstream:remoteref) refs/heads/main refs/remotes/main [18ms]
2026-07-25 18:09:30.325 [info] > git for-each-ref --sort -committerdate --format %(refname)%00%(objectname)%00%(*objectname) [17ms]
2026-07-25 18:09:30.442 [info] > git status -z -uall [136ms]
2026-07-25 18:09:35.455 [info] > git config --get commit.template [6ms]
2026-07-25 18:09:35.469 [info] > git for-each-ref --format=%(refname)%00%(upstream:short)%00%(objectname)%00%(upstream:track)%00%(upstream:remotename)%00%(upstream:remoteref) refs/heads/main refs/remotes/main [18ms]
2026-07-25 18:09:35.493 [info] > git for-each-ref --sort -committerdate --format %(refname)%00%(objectname)%00%(*objectname) [17ms]
2026-07-25 18:09:35.569 [info] > git status -z -uall [95ms]
2026-07-25 18:09:40.582 [info] > git config --get commit.template [6ms]
2026-07-25 18:09:40.595 [info] > git for-each-ref --format=%(refname)%00%(upstream:short)%00%(objectname)%00%(upstream:track)%00%(upstream:remotename)%00%(upstream:remoteref) refs/heads/main refs/remotes/main [15ms]
2026-07-25 18:09:40.613 [info] > git for-each-ref --sort -committerdate --format %(refname)%00%(objectname)%00%(*objectname) [13ms]
2026-07-25 18:09:40.679 [info] > git status -z -uall [81ms]
2026-07-25 18:09:45.691 [info] > git config --get commit.template [7ms]
2026-07-25 18:09:45.704 [info] > git for-each-ref --format=%(refname)%00%(upstream:short)%00%(objectname)%00%(upstream:track)%00%(upstream:remotename)%00%(upstream:remoteref) refs/heads/main refs/remotes/main [17ms]
2026-07-25 18:09:45.723 [info] > git for-each-ref --sort -committerdate --format %(refname)%00%(objectname)%00%(*objectname) [14ms]
2026-07-25 18:09:45.795 [info] > git status -z -uall [88ms]
2026-07-25 18:09:50.806 [info] > git config --get commit.template [6ms]
2026-07-25 18:09:50.820 [info] > git for-each-ref --format=%(refname)%00%(upstream:short)%00%(objectname)%00%(upstream:track)%00%(upstream:remotename)%00%(upstream:remoteref) refs/heads/main refs/remotes/main [16ms]
2026-07-25 18:09:50.838 [info] > git for-each-ref --sort -committerdate --format %(refname)%00%(objectname)%00%(*objectname) [13ms]
2026-07-25 18:09:50.902 [info] > git status -z -uall [79ms]
2026-07-25 18:09:55.913 [info] > git config --get commit.template [6ms]
2026-07-25 18:09:55.927 [info] > git for-each-ref --format=%(refname)%00%(upstream:short)%00%(objectname)%00%(upstream:track)%00%(upstream:remotename)%00%(upstream:remoteref) refs/heads/main refs/remotes/main [17ms]
2026-07-25 18:09:55.946 [info] > git for-each-ref --sort -committerdate --format %(refname)%00%(objectname)%00%(*objectname) [14ms]
2026-07-25 18:09:56.011 [info] > git status -z -uall [81ms]
2026-07-25 18:10:01.022 [info] > git config --get commit.template [5ms]
2026-07-25 18:10:01.035 [info] > git for-each-ref --format=%(refname)%00%(upstream:short)%00%(objectname)%00%(upstream:track)%00%(upstream:remotename)%00%(upstream:remoteref) refs/heads/main refs/remotes/main [16ms]
2026-07-25 18:10:01.054 [info] > git for-each-ref --sort -committerdate --format %(refname)%00%(objectname)%00%(*objectname) [13ms]
2026-07-25 18:10:01.120 [info] > git status -z -uall [81ms]
2026-07-25 18:10:06.131 [info] > git config --get commit.template [6ms]
2026-07-25 18:10:06.144 [info] > git for-each-ref --format=%(refname)%00%(upstream:short)%00%(objectname)%00%(upstream:track)%00%(upstream:remotename)%00%(upstream:remoteref) refs/heads/main refs/remotes/main [16ms]
2026-07-25 18:10:06.162 [info] > git for-each-ref --sort -committerdate --format %(refname)%00%(objectname)%00%(*objectname) [13ms]
2026-07-25 18:10:06.228 [info] > git status -z -uall [81ms]
2026-07-25 18:10:11.239 [info] > git config --get commit.template [6ms]
2026-07-25 18:10:11.252 [info] > git for-each-ref --format=%(refname)%00%(upstream:short)%00%(objectname)%00%(upstream:track)%00%(upstream:remotename)%00%(upstream:remoteref) refs/heads/main refs/remotes/main [16ms]
2026-07-25 18:10:11.271 [info] > git for-each-ref --sort -committerdate --format %(refname)%00%(objectname)%00%(*objectname) [14ms]
2026-07-25 18:10:11.335 [info] > git status -z -uall [80ms]
2026-07-25 18:10:16.349 [info] > git config --get commit.template [6ms]
2026-07-25 18:10:16.363 [info] > git for-each-ref --format=%(refname)%00%(upstream:short)%00%(objectname)%00%(upstream:track)%00%(upstream:remotename)%00%(upstream:remoteref) refs/heads/main refs/remotes/main [18ms]
2026-07-25 18:10:16.382 [info] > git for-each-ref --sort -committerdate --format %(refname)%00%(objectname)%00%(*objectname) [14ms]
2026-07-25 18:10:16.508 [info] > git status -z -uall [141ms]
2026-07-25 18:10:21.519 [info] > git config --get commit.template [6ms]
2026-07-25 18:10:21.533 [info] > git for-each-ref --format=%(refname)%00%(upstream:short)%00%(objectname)%00%(upstream:track)%00%(upstream:remotename)%00%(upstream:remoteref) refs/heads/main refs/remotes/main [17ms]
2026-07-25 18:10:21.554 [info] > git for-each-ref --sort -committerdate --format %(refname)%00%(objectname)%00%(*objectname) [14ms]
2026-07-25 18:10:21.774 [info] > git status -z -uall [236ms]
2026-07-25 18:10:26.786 [info] > git config --get commit.template [6ms]
2026-07-25 18:10:26.799 [info] > git for-each-ref --format=%(refname)%00%(upstream:short)%00%(objectname)%00%(upstream:track)%00%(upstream:remotename)%00%(upstream:remoteref) refs/heads/main refs/remotes/main [16ms]
2026-07-25 18:10:26.819 [info] > git for-each-ref --sort -committerdate --format %(refname)%00%(objectname)%00%(*objectname) [14ms]
2026-07-25 18:10:26.887 [info] > git status -z -uall [84ms]
2026-07-25 18:10:31.898 [info] > git config --get commit.template [6ms]
2026-07-25 18:10:31.911 [info] > git for-each-ref --format=%(refname)%00%(upstream:short)%00%(objectname)%00%(upstream:track)%00%(upstream:remotename)%00%(upstream:remoteref) refs/heads/main refs/remotes/main [16ms]
2026-07-25 18:10:31.933 [info] > git for-each-ref --sort -committerdate --format %(refname)%00%(objectname)%00%(*objectname) [16ms]
2026-07-25 18:10:32.004 [info] > git status -z -uall [89ms]
2026-07-25 18:10:37.016 [info] > git config --get commit.template [7ms]
2026-07-25 18:10:37.029 [info] > git for-each-ref --format=%(refname)%00%(upstream:short)%00%(objectname)%00%(upstream:track)%00%(upstream:remotename)%00%(upstream:remoteref) refs/heads/main refs/remotes/main [16ms]
2026-07-25 18:10:37.050 [info] > git for-each-ref --sort -committerdate --format %(refname)%00%(objectname)%00%(*objectname) [16ms]
2026-07-25 18:10:37.120 [info] > git status -z -uall [88ms]
2026-07-25 18:10:42.132 [info] > git config --get commit.template [7ms]
2026-07-25 18:10:42.145 [info] > git for-each-ref --format=%(refname)%00%(upstream:short)%00%(objectname)%00%(upstream:track)%00%(upstream:remotename)%00%(upstream:remoteref) refs/heads/main refs/remotes/main [17ms]
2026-07-25 18:10:42.164 [info] > git for-each-ref --sort -committerdate --format %(refname)%00%(objectname)%00%(*objectname) [14ms]
2026-07-25 18:10:42.231 [info] > git status -z -uall [83ms]
2026-07-25 18:10:47.242 [info] > git config --get commit.template [5ms]
2026-07-25 18:10:47.256 [info] > git for-each-ref --format=%(refname)%00%(upstream:short)%00%(objectname)%00%(upstream:track)%00%(upstream:remotename)%00%(upstream:remoteref) refs/heads/main refs/remotes/main [16ms]
2026-07-25 18:10:47.275 [info] > git for-each-ref --sort -committerdate --format %(refname)%00%(objectname)%00%(*objectname) [14ms]
2026-07-25 18:10:47.346 [info] > git status -z -uall [87ms]
2026-07-25 18:10:52.361 [info] > git config --get commit.template [8ms]
2026-07-25 18:10:52.373 [info] > git for-each-ref --format=%(refname)%00%(upstream:short)%00%(objectname)%00%(upstream:track)%00%(upstream:remotename)%00%(upstream:remoteref) refs/heads/main refs/remotes/main [17ms]
2026-07-25 18:10:52.396 [info] > git for-each-ref --sort -committerdate --format %(refname)%00%(objectname)%00%(*objectname) [16ms]
2026-07-25 18:10:52.474 [info] > git status -z -uall [97ms]
2026-07-25 18:10:57.484 [info] > git config --get commit.template [5ms]
2026-07-25 18:10:57.498 [info] > git for-each-ref --format=%(refname)%00%(upstream:short)%00%(objectname)%00%(upstream:track)%00%(upstream:remotename)%00%(upstream:remoteref) refs/heads/main refs/remotes/main [15ms]
2026-07-25 18:10:57.518 [info] > git for-each-ref --sort -committerdate --format %(refname)%00%(objectname)%00%(*objectname) [15ms]
2026-07-25 18:10:57.586 [info] > git status -z -uall [85ms]
2026-07-25 18:11:02.597 [info] > git config --get commit.template [6ms]
2026-07-25 18:11:02.613 [info] > git for-each-ref --format=%(refname)%00%(upstream:short)%00%(objectname)%00%(upstream:track)%00%(upstream:remotename)%00%(upstream:remoteref) refs/heads/main refs/remotes/main [18ms]
2026-07-25 18:11:02.635 [info] > git for-each-ref --sort -committerdate --format %(refname)%00%(objectname)%00%(*objectname) [17ms]
2026-07-25 18:11:02.703 [info] > git status -z -uall [87ms]
2026-07-25 18:11:07.714 [info] > git config --get commit.template [6ms]
2026-07-25 18:11:07.728 [info] > git for-each-ref --format=%(refname)%00%(upstream:short)%00%(objectname)%00%(upstream:track)%00%(upstream:remotename)%00%(upstream:remoteref) refs/heads/main refs/remotes/main [16ms]
2026-07-25 18:11:07.747 [info] > git for-each-ref --sort -committerdate --format %(refname)%00%(objectname)%00%(*objectname) [14ms]
2026-07-25 18:11:07.815 [info] > git status -z -uall [84ms]
2026-07-25 18:11:12.826 [info] > git config --get commit.template [5ms]
2026-07-25 18:11:12.840 [info] > git for-each-ref --format=%(refname)%00%(upstream:short)%00%(objectname)%00%(upstream:track)%00%(upstream:remotename)%00%(upstream:remoteref) refs/heads/main refs/remotes/main [16ms]
2026-07-25 18:11:12.860 [info] > git for-each-ref --sort -committerdate --format %(refname)%00%(objectname)%00%(*objectname) [14ms]
2026-07-25 18:11:12.929 [info] > git status -z -uall [85ms]
2026-07-25 18:11:17.942 [info] > git config --get commit.template [6ms]
2026-07-25 18:11:17.956 [info] > git for-each-ref --format=%(refname)%00%(upstream:short)%00%(objectname)%00%(upstream:track)%00%(upstream:remotename)%00%(upstream:remoteref) refs/heads/main refs/remotes/main [18ms]
2026-07-25 18:11:17.974 [info] > git for-each-ref --sort -committerdate --format %(refname)%00%(objectname)%00%(*objectname) [13ms]
2026-07-25 18:11:18.101 [info] > git status -z -uall [142ms]
2026-07-25 18:11:23.114 [info] > git config --get commit.template [5ms]
2026-07-25 18:11:23.128 [info] > git for-each-ref --format=%(refname)%00%(upstream:short)%00%(objectname)%00%(upstream:track)%00%(upstream:remotename)%00%(upstream:remoteref) refs/heads/main refs/remotes/main [17ms]
2026-07-25 18:11:23.148 [info] > git for-each-ref --sort -committerdate --format %(refname)%00%(objectname)%00%(*objectname) [14ms]
2026-07-25 18:11:23.365 [info] > git status -z -uall [233ms]
2026-07-25 18:11:28.376 [info] > git config --get commit.template [6ms]
2026-07-25 18:11:28.389 [info] > git for-each-ref --format=%(refname)%00%(upstream:short)%00%(objectname)%00%(upstream:track)%00%(upstream:remotename)%00%(upstream:remoteref) refs/heads/main refs/remotes/main [16ms]
2026-07-25 18:11:28.408 [info] > git for-each-ref --sort -committerdate --format %(refname)%00%(objectname)%00%(*objectname) [13ms]
2026-07-25 18:11:28.473 [info] > git status -z -uall [80ms]
2026-07-25 18:11:33.483 [info] > git config --get commit.template [5ms]
2026-07-25 18:11:33.498 [info] > git for-each-ref --format=%(refname)%00%(upstream:short)%00%(objectname)%00%(upstream:track)%00%(upstream:remotename)%00%(upstream:remoteref) refs/heads/main refs/remotes/main [17ms]
2026-07-25 18:11:33.517 [info] > git for-each-ref --sort -committerdate --format %(refname)%00%(objectname)%00%(*objectname) [14ms]
2026-07-25 18:11:33.585 [info] > git status -z -uall [84ms]
2026-07-25 18:11:38.597 [info] > git config --get commit.template [6ms]
2026-07-25 18:11:38.613 [info] > git for-each-ref --format=%(refname)%00%(upstream:short)%00%(objectname)%00%(upstream:track)%00%(upstream:remotename)%00%(upstream:remoteref) refs/heads/main refs/remotes/main [18ms]
2026-07-25 18:11:38.636 [info] > git for-each-ref --sort -committerdate --format %(refname)%00%(objectname)%00%(*objectname) [15ms]
2026-07-25 18:11:38.702 [info] > git status -z -uall [84ms]
2026-07-25 18:11:43.714 [info] > git config --get commit.template [6ms]
2026-07-25 18:11:43.728 [info] > git for-each-ref --format=%(refname)%00%(upstream:short)%00%(objectname)%00%(upstream:track)%00%(upstream:remotename)%00%(upstream:remoteref) refs/heads/main refs/remotes/main [17ms]
2026-07-25 18:11:43.748 [info] > git for-each-ref --sort -committerdate --format %(refname)%00%(objectname)%00%(*objectname) [15ms]
2026-07-25 18:11:43.832 [info] > git status -z -uall [101ms]
2026-07-25 18:11:48.843 [info] > git config --get commit.template [5ms]
2026-07-25 18:11:48.857 [info] > git for-each-ref --format=%(refname)%00%(upstream:short)%00%(objectname)%00%(upstream:track)%00%(upstream:remotename)%00%(upstream:remoteref) refs/heads/main refs/remotes/main [16ms]
2026-07-25 18:11:48.876 [info] > git for-each-ref --sort -committerdate --format %(refname)%00%(objectname)%00%(*objectname) [14ms]
2026-07-25 18:11:48.943 [info] > git status -z -uall [83ms]
2026-07-25 18:11:53.955 [info] > git config --get commit.template [6ms]
2026-07-25 18:11:53.968 [info] > git for-each-ref --format=%(refname)%00%(upstream:short)%00%(objectname)%00%(upstream:track)%00%(upstream:remotename)%00%(upstream:remoteref) refs/heads/main refs/remotes/main [16ms]
2026-07-25 18:11:53.987 [info] > git for-each-ref --sort -committerdate --format %(refname)%00%(objectname)%00%(*objectname) [14ms]
2026-07-25 18:11:54.057 [info] > git status -z -uall [86ms]
2026-07-25 18:11:59.069 [info] > git config --get commit.template [6ms]
2026-07-25 18:11:59.085 [info] > git for-each-ref --format=%(refname)%00%(upstream:short)%00%(objectname)%00%(upstream:track)%00%(upstream:remotename)%00%(upstream:remoteref) refs/heads/main refs/remotes/main [18ms]
2026-07-25 18:11:59.105 [info] > git for-each-ref --sort -committerdate --format %(refname)%00%(objectname)%00%(*objectname) [15ms]
2026-07-25 18:11:59.173 [info] > git status -z -uall [85ms]
2026-07-25 18:12:04.187 [info] > git config --get commit.template [7ms]
2026-07-25 18:12:04.202 [info] > git for-each-ref --format=%(refname)%00%(upstream:short)%00%(objectname)%00%(upstream:track)%00%(upstream:remotename)%00%(upstream:remoteref) refs/heads/main refs/remotes/main [19ms]
2026-07-25 18:12:04.226 [info] > git for-each-ref --sort -committerdate --format %(refname)%00%(objectname)%00%(*objectname) [17ms]
2026-07-25 18:12:04.307 [info] > git status -z -uall [100ms]
2026-07-25 18:12:09.318 [info] > git config --get commit.template [5ms]
2026-07-25 18:12:09.332 [info] > git for-each-ref --format=%(refname)%00%(upstream:short)%00%(objectname)%00%(upstream:track)%00%(upstream:remotename)%00%(upstream:remoteref) refs/heads/main refs/remotes/main [16ms]
2026-07-25 18:12:09.354 [info] > git for-each-ref --sort -committerdate --format %(refname)%00%(objectname)%00%(*objectname) [15ms]
2026-07-25 18:12:09.421 [info] > git status -z -uall [84ms]
2026-07-25 18:12:14.432 [info] > git config --get commit.template [6ms]
2026-07-25 18:12:14.445 [info] > git for-each-ref --format=%(refname)%00%(upstream:short)%00%(objectname)%00%(upstream:track)%00%(upstream:remotename)%00%(upstream:remoteref) refs/heads/main refs/remotes/main [15ms]
2026-07-25 18:12:14.466 [info] > git for-each-ref --sort -committerdate --format %(refname)%00%(objectname)%00%(*objectname) [14ms]
2026-07-25 18:12:14.530 [info] > git status -z -uall [81ms]
2026-07-25 18:12:19.543 [info] > git config --get commit.template [7ms]
2026-07-25 18:12:19.559 [info] > git for-each-ref --format=%(refname)%00%(upstream:short)%00%(objectname)%00%(upstream:track)%00%(upstream:remotename)%00%(upstream:remoteref) refs/heads/main refs/remotes/main [20ms]
2026-07-25 18:12:19.583 [info] > git for-each-ref --sort -committerdate --format %(refname)%00%(objectname)%00%(*objectname) [17ms]
2026-07-25 18:12:19.722 [info] > git status -z -uall [159ms]
2026-07-25 18:12:24.734 [info] > git config --get commit.template [6ms]
2026-07-25 18:12:24.748 [info] > git for-each-ref --format=%(refname)%00%(upstream:short)%00%(objectname)%00%(upstream:track)%00%(upstream:remotename)%00%(upstream:remoteref) refs/heads/main refs/remotes/main [15ms]
2026-07-25 18:12:24.768 [info] > git for-each-ref --sort -committerdate --format %(refname)%00%(objectname)%00%(*objectname) [14ms]
2026-07-25 18:12:24.987 [info] > git status -z -uall [235ms]
2026-07-25 18:12:29.998 [info] > git config --get commit.template [6ms]
2026-07-25 18:12:30.013 [info] > git for-each-ref --format=%(refname)%00%(upstream:short)%00%(objectname)%00%(upstream:track)%00%(upstream:remotename)%00%(upstream:remoteref) refs/heads/main refs/remotes/main [18ms]
2026-07-25 18:12:30.034 [info] > git for-each-ref --sort -committerdate --format %(refname)%00%(objectname)%00%(*objectname) [15ms]
2026-07-25 18:12:30.098 [info] > git status -z -uall [81ms]
2026-07-25 18:12:35.111 [info] > git config --get commit.template [7ms]
2026-07-25 18:12:35.126 [info] > git for-each-ref --format=%(refname)%00%(upstream:short)%00%(objectname)%00%(upstream:track)%00%(upstream:remotename)%00%(upstream:remoteref) refs/heads/main refs/remotes/main [19ms]
2026-07-25 18:12:35.147 [info] > git for-each-ref --sort -committerdate --format %(refname)%00%(objectname)%00%(*objectname) [14ms]
2026-07-25 18:12:35.216 [info] > git status -z -uall [85ms]
2026-07-25 18:12:40.229 [info] > git config --get commit.template [6ms]
2026-07-25 18:12:40.246 [info] > git for-each-ref --format=%(refname)%00%(upstream:short)%00%(objectname)%00%(upstream:track)%00%(upstream:remotename)%00%(upstream:remoteref) refs/heads/main refs/remotes/main [20ms]
2026-07-25 18:12:40.271 [info] > git for-each-ref --sort -committerdate --format %(refname)%00%(objectname)%00%(*objectname) [17ms]
2026-07-25 18:12:40.340 [info] > git status -z -uall [89ms]
2026-07-25 18:12:45.354 [info] > git config --get commit.template [8ms]
2026-07-25 18:12:45.368 [info] > git for-each-ref --format=%(refname)%00%(upstream:short)%00%(objectname)%00%(upstream:track)%00%(upstream:remotename)%00%(upstream:remoteref) refs/heads/main refs/remotes/main [19ms]
2026-07-25 18:12:45.391 [info] > git for-each-ref --sort -committerdate --format %(refname)%00%(objectname)%00%(*objectname) [17ms]
2026-07-25 18:12:45.462 [info] > git status -z -uall [90ms]
2026-07-25 18:12:50.474 [info] > git config --get commit.template [6ms]
2026-07-25 18:12:50.490 [info] > git for-each-ref --format=%(refname)%00%(upstream:short)%00%(objectname)%00%(upstream:track)%00%(upstream:remotename)%00%(upstream:remoteref) refs/heads/main refs/remotes/main [18ms]
2026-07-25 18:12:50.514 [info] > git for-each-ref --sort -committerdate --format %(refname)%00%(objectname)%00%(*objectname) [16ms]
2026-07-25 18:12:50.588 [info] > git status -z -uall [93ms]
2026-07-25 18:12:55.602 [info] > git config --get commit.template [6ms]
2026-07-25 18:12:55.616 [info] > git for-each-ref --format=%(refname)%00%(upstream:short)%00%(objectname)%00%(upstream:track)%00%(upstream:remotename)%00%(upstream:remoteref) refs/heads/main refs/remotes/main [17ms]
2026-07-25 18:12:55.638 [info] > git for-each-ref --sort -committerdate --format %(refname)%00%(objectname)%00%(*objectname) [15ms]
2026-07-25 18:12:55.705 [info] > git status -z -uall [84ms]
2026-07-25 18:13:00.716 [info] > git config --get commit.template [6ms]
2026-07-25 18:13:00.729 [info] > git for-each-ref --format=%(refname)%00%(upstream:short)%00%(objectname)%00%(upstream:track)%00%(upstream:remotename)%00%(upstream:remoteref) refs/heads/main refs/remotes/main [16ms]
2026-07-25 18:13:00.750 [info] > git for-each-ref --sort -committerdate --format %(refname)%00%(objectname)%00%(*objectname) [14ms]
2026-07-25 18:13:00.816 [info] > git status -z -uall [82ms]
2026-07-25 18:13:05.827 [info] > git config --get commit.template [6ms]
2026-07-25 18:13:05.840 [info] > git for-each-ref --format=%(refname)%00%(upstream:short)%00%(objectname)%00%(upstream:track)%00%(upstream:remotename)%00%(upstream:remoteref) refs/heads/main refs/remotes/main [16ms]
2026-07-25 18:13:05.864 [info] > git for-each-ref --sort -committerdate --format %(refname)%00%(objectname)%00%(*objectname) [17ms]
2026-07-25 18:13:05.931 [info] > git status -z -uall [86ms]
2026-07-25 18:13:10.943 [info] > git config --get commit.template [6ms]
2026-07-25 18:13:10.956 [info] > git for-each-ref --format=%(refname)%00%(upstream:short)%00%(objectname)%00%(upstream:track)%00%(upstream:remotename)%00%(upstream:remoteref) refs/heads/main refs/remotes/main [16ms]
2026-07-25 18:13:10.976 [info] > git for-each-ref --sort -committerdate --format %(refname)%00%(objectname)%00%(*objectname) [14ms]
2026-07-25 18:13:11.042 [info] > git status -z -uall [82ms]
2026-07-25 18:13:16.054 [info] > git config --get commit.template [6ms]
2026-07-25 18:13:16.067 [info] > git for-each-ref --format=%(refname)%00%(upstream:short)%00%(objectname)%00%(upstream:track)%00%(upstream:remotename)%00%(upstream:remoteref) refs/heads/main refs/remotes/main [16ms]
2026-07-25 18:13:16.087 [info] > git for-each-ref --sort -committerdate --format %(refname)%00%(objectname)%00%(*objectname) [14ms]
2026-07-25 18:13:16.156 [info] > git status -z -uall [85ms]
2026-07-25 18:13:21.170 [info] > git config --get commit.template [7ms]
2026-07-25 18:13:21.184 [info] > git for-each-ref --format=%(refname)%00%(upstream:short)%00%(objectname)%00%(upstream:track)%00%(upstream:remotename)%00%(upstream:remoteref) refs/heads/main refs/remotes/main [18ms]
2026-07-25 18:13:21.203 [info] > git for-each-ref --sort -committerdate --format %(refname)%00%(objectname)%00%(*objectname) [14ms]
2026-07-25 18:13:21.336 [info] > git status -z -uall [149ms]
2026-07-25 18:13:26.348 [info] > git config --get commit.template [6ms]
2026-07-25 18:13:26.362 [info] > git for-each-ref --format=%(refname)%00%(upstream:short)%00%(objectname)%00%(upstream:track)%00%(upstream:remotename)%00%(upstream:remoteref) refs/heads/main refs/remotes/main [17ms]
2026-07-25 18:13:26.383 [info] > git for-each-ref --sort -committerdate --format %(refname)%00%(objectname)%00%(*objectname) [16ms]
2026-07-25 18:13:26.604 [info] > git status -z -uall [239ms]
2026-07-25 18:13:31.615 [info] > git config --get commit.template [6ms]
2026-07-25 18:13:31.628 [info] > git for-each-ref --format=%(refname)%00%(upstream:short)%00%(objectname)%00%(upstream:track)%00%(upstream:remotename)%00%(upstream:remoteref) refs/heads/main refs/remotes/main [15ms]
2026-07-25 18:13:31.648 [info] > git for-each-ref --sort -committerdate --format %(refname)%00%(objectname)%00%(*objectname) [15ms]
2026-07-25 18:13:31.714 [info] > git status -z -uall [83ms]
2026-07-25 18:13:36.724 [info] > git config --get commit.template [5ms]
2026-07-25 18:13:36.738 [info] > git for-each-ref --format=%(refname)%00%(upstream:short)%00%(objectname)%00%(upstream:track)%00%(upstream:remotename)%00%(upstream:remoteref) refs/heads/main refs/remotes/main [16ms]
2026-07-25 18:13:36.759 [info] > git for-each-ref --sort -committerdate --format %(refname)%00%(objectname)%00%(*objectname) [14ms]
2026-07-25 18:13:36.824 [info] > git status -z -uall [82ms]
2026-07-25 18:13:41.837 [info] > git config --get commit.template [7ms]
2026-07-25 18:13:41.850 [info] > git for-each-ref --format=%(refname)%00%(upstream:short)%00%(objectname)%00%(upstream:track)%00%(upstream:remotename)%00%(upstream:remoteref) refs/heads/main refs/remotes/main [17ms]
2026-07-25 18:13:41.873 [info] > git for-each-ref --sort -committerdate --format %(refname)%00%(objectname)%00%(*objectname) [16ms]
2026-07-25 18:13:41.942 [info] > git status -z -uall [87ms]
2026-07-25 18:13:46.954 [info] > git config --get commit.template [6ms]
2026-07-25 18:13:46.966 [info] > git for-each-ref --format=%(refname)%00%(upstream:short)%00%(objectname)%00%(upstream:track)%00%(upstream:remotename)%00%(upstream:remoteref) refs/heads/main refs/remotes/main [15ms]
2026-07-25 18:13:46.987 [info] > git for-each-ref --sort -committerdate --format %(refname)%00%(objectname)%00%(*objectname) [14ms]
2026-07-25 18:13:47.057 [info] > git status -z -uall [86ms]
2026-07-25 18:13:52.070 [info] > git config --get commit.template [7ms]
2026-07-25 18:13:52.087 [info] > git for-each-ref --format=%(refname)%00%(upstream:short)%00%(objectname)%00%(upstream:track)%00%(upstream:remotename)%00%(upstream:remoteref) refs/heads/main refs/remotes/main [21ms]
2026-07-25 18:13:52.111 [info] > git for-each-ref --sort -committerdate --format %(refname)%00%(objectname)%00%(*objectname) [17ms]
2026-07-25 18:13:52.181 [info] > git status -z -uall [89ms]
2026-07-25 18:13:57.191 [info] > git config --get commit.template [5ms]
2026-07-25 18:13:57.205 [info] > git for-each-ref --format=%(refname)%00%(upstream:short)%00%(objectname)%00%(upstream:track)%00%(upstream:remotename)%00%(upstream:remoteref) refs/heads/main refs/remotes/main [16ms]
2026-07-25 18:13:57.225 [info] > git for-each-ref --sort -committerdate --format %(refname)%00%(objectname)%00%(*objectname) [14ms]
2026-07-25 18:13:57.291 [info] > git status -z -uall [82ms]
2026-07-25 18:14:02.303 [info] > git config --get commit.template [6ms]
2026-07-25 18:14:02.317 [info] > git for-each-ref --format=%(refname)%00%(upstream:short)%00%(objectname)%00%(upstream:track)%00%(upstream:remotename)%00%(upstream:remoteref) refs/heads/main refs/remotes/main [17ms]
2026-07-25 18:14:02.338 [info] > git for-each-ref --sort -committerdate --format %(refname)%00%(objectname)%00%(*objectname) [15ms]
2026-07-25 18:14:02.405 [info] > git status -z -uall [84ms]
2026-07-25 18:14:07.417 [info] > git config --get commit.template [6ms]
2026-07-25 18:14:07.431 [info] > git for-each-ref --format=%(refname)%00%(upstream:short)%00%(objectname)%00%(upstream:track)%00%(upstream:remotename)%00%(upstream:remoteref) refs/heads/main refs/remotes/main [17ms]
2026-07-25 18:14:07.452 [info] > git for-each-ref --sort -committerdate --format %(refname)%00%(objectname)%00%(*objectname) [14ms]
2026-07-25 18:14:07.519 [info] > git status -z -uall [84ms]
2026-07-25 18:14:12.533 [info] > git config --get commit.template [6ms]
2026-07-25 18:14:12.547 [info] > git for-each-ref --format=%(refname)%00%(upstream:short)%00%(objectname)%00%(upstream:track)%00%(upstream:remotename)%00%(upstream:remoteref) refs/heads/main refs/remotes/main [18ms]
2026-07-25 18:14:12.569 [info] > git for-each-ref --sort -committerdate --format %(refname)%00%(objectname)%00%(*objectname) [16ms]
2026-07-25 18:14:12.647 [info] > git status -z -uall [96ms]
2026-07-25 18:14:17.658 [info] > git config --get commit.template [6ms]
2026-07-25 18:14:17.673 [info] > git for-each-ref --format=%(refname)%00%(upstream:short)%00%(objectname)%00%(upstream:track)%00%(upstream:remotename)%00%(upstream:remoteref) refs/heads/main refs/remotes/main [16ms]
2026-07-25 18:14:17.694 [info] > git for-each-ref --sort -committerdate --format %(refname)%00%(objectname)%00%(*objectname) [15ms]
2026-07-25 18:14:17.760 [info] > git status -z -uall [83ms]
2026-07-25 18:14:22.773 [info] > git config --get commit.template [6ms]
2026-07-25 18:14:22.788 [info] > git for-each-ref --format=%(refname)%00%(upstream:short)%00%(objectname)%00%(upstream:track)%00%(upstream:remotename)%00%(upstream:remoteref) refs/heads/main refs/remotes/main [18ms]
2026-07-25 18:14:22.809 [info] > git for-each-ref --sort -committerdate --format %(refname)%00%(objectname)%00%(*objectname) [15ms]
2026-07-25 18:14:22.936 [info] > git status -z -uall [144ms]
2026-07-25 18:14:27.947 [info] > git config --get commit.template [6ms]
2026-07-25 18:14:27.961 [info] > git for-each-ref --format=%(refname)%00%(upstream:short)%00%(objectname)%00%(upstream:track)%00%(upstream:remotename)%00%(upstream:remoteref) refs/heads/main refs/remotes/main [16ms]
2026-07-25 18:14:27.986 [info] > git for-each-ref --sort -committerdate --format %(refname)%00%(objectname)%00%(*objectname) [19ms]
2026-07-25 18:14:28.230 [info] > git status -z -uall [265ms]
2026-07-25 18:14:33.242 [info] > git config --get commit.template [7ms]
2026-07-25 18:14:33.256 [info] > git for-each-ref --format=%(refname)%00%(upstream:short)%00%(objectname)%00%(upstream:track)%00%(upstream:remotename)%00%(upstream:remoteref) refs/heads/main refs/remotes/main [18ms]
2026-07-25 18:14:33.275 [info] > git for-each-ref --sort -committerdate --format %(refname)%00%(objectname)%00%(*objectname) [14ms]
2026-07-25 18:14:33.341 [info] > git status -z -uall [82ms]
2026-07-25 18:14:38.351 [info] > git config --get commit.template [5ms]
2026-07-25 18:14:38.366 [info] > git for-each-ref --format=%(refname)%00%(upstream:short)%00%(objectname)%00%(upstream:track)%00%(upstream:remotename)%00%(upstream:remoteref) refs/heads/main refs/remotes/main [17ms]
2026-07-25 18:14:38.385 [info] > git for-each-ref --sort -committerdate --format %(refname)%00%(objectname)%00%(*objectname) [14ms]
2026-07-25 18:14:38.453 [info] > git status -z -uall [84ms]
2026-07-25 18:14:43.463 [info] > git config --get commit.template [5ms]
2026-07-25 18:14:43.477 [info] > git for-each-ref --format=%(refname)%00%(upstream:short)%00%(objectname)%00%(upstream:track)%00%(upstream:remotename)%00%(upstream:remoteref) refs/heads/main refs/remotes/main [17ms]
2026-07-25 18:14:43.496 [info] > git for-each-ref --sort -committerdate --format %(refname)%00%(objectname)%00%(*objectname) [14ms]
2026-07-25 18:14:43.562 [info] > git status -z -uall [82ms]
2026-07-25 18:14:48.573 [info] > git config --get commit.template [5ms]
2026-07-25 18:14:48.586 [info] > git for-each-ref --format=%(refname)%00%(upstream:short)%00%(objectname)%00%(upstream:track)%00%(upstream:remotename)%00%(upstream:remoteref) refs/heads/main refs/remotes/main [16ms]
2026-07-25 18:14:48.606 [info] > git for-each-ref --sort -committerdate --format %(refname)%00%(objectname)%00%(*objectname) [14ms]
2026-07-25 18:14:48.677 [info] > git status -z -uall [87ms]
2026-07-25 18:14:53.689 [info] > git config --get commit.template [7ms]
2026-07-25 18:14:53.703 [info] > git for-each-ref --format=%(refname)%00%(upstream:short)%00%(objectname)%00%(upstream:track)%00%(upstream:remotename)%00%(upstream:remoteref) refs/heads/main refs/remotes/main [18ms]
2026-07-25 18:14:53.724 [info] > git for-each-ref --sort -committerdate --format %(refname)%00%(objectname)%00%(*objectname) [14ms]
2026-07-25 18:14:53.793 [info] > git status -z -uall [86ms]
2026-07-25 18:14:58.805 [info] > git config --get commit.template [6ms]
2026-07-25 18:14:58.818 [info] > git for-each-ref --format=%(refname)%00%(upstream:short)%00%(objectname)%00%(upstream:track)%00%(upstream:remotename)%00%(upstream:remoteref) refs/heads/main refs/remotes/main [16ms]
2026-07-25 18:14:58.839 [info] > git for-each-ref --sort -committerdate --format %(refname)%00%(objectname)%00%(*objectname) [15ms]
2026-07-25 18:14:58.905 [info] > git status -z -uall [83ms]
2026-07-25 18:15:03.917 [info] > git config --get commit.template [6ms]
2026-07-25 18:15:03.931 [info] > git for-each-ref --format=%(refname)%00%(upstream:short)%00%(objectname)%00%(upstream:track)%00%(upstream:remotename)%00%(upstream:remoteref) refs/heads/main refs/remotes/main [17ms]
2026-07-25 18:15:03.954 [info] > git for-each-ref --sort -committerdate --format %(refname)%00%(objectname)%00%(*objectname) [17ms]
2026-07-25 18:15:04.024 [info] > git status -z -uall [89ms]
2026-07-25 18:15:09.037 [info] > git config --get commit.template [6ms]
2026-07-25 18:15:09.053 [info] > git for-each-ref --format=%(refname)%00%(upstream:short)%00%(objectname)%00%(upstream:track)%00%(upstream:remotename)%00%(upstream:remoteref) refs/heads/main refs/remotes/main [18ms]
2026-07-25 18:15:09.077 [info] > git for-each-ref --sort -committerdate --format %(refname)%00%(objectname)%00%(*objectname) [18ms]
2026-07-25 18:15:09.151 [info] > git status -z -uall [94ms]
2026-07-25 18:15:14.162 [info] > git config --get commit.template [5ms]
2026-07-25 18:15:14.179 [info] > git for-each-ref --format=%(refname)%00%(upstream:short)%00%(objectname)%00%(upstream:track)%00%(upstream:remotename)%00%(upstream:remoteref) refs/heads/main refs/remotes/main [19ms]
2026-07-25 18:15:14.199 [info] > git for-each-ref --sort -committerdate --format %(refname)%00%(objectname)%00%(*objectname) [14ms]
2026-07-25 18:15:14.267 [info] > git status -z -uall [84ms]
2026-07-25 18:15:19.278 [info] > git config --get commit.template [6ms]
2026-07-25 18:15:19.291 [info] > git for-each-ref --format=%(refname)%00%(upstream:short)%00%(objectname)%00%(upstream:track)%00%(upstream:remotename)%00%(upstream:remoteref) refs/heads/main refs/remotes/main [16ms]
2026-07-25 18:15:19.311 [info] > git for-each-ref --sort -committerdate --format %(refname)%00%(objectname)%00%(*objectname) [15ms]
2026-07-25 18:15:19.375 [info] > git status -z -uall [81ms]
2026-07-25 18:15:24.388 [info] > git config --get commit.template [6ms]
2026-07-25 18:15:24.404 [info] > git for-each-ref --format=%(refname)%00%(upstream:short)%00%(objectname)%00%(upstream:track)%00%(upstream:remotename)%00%(upstream:remoteref) refs/heads/main refs/remotes/main [20ms]
2026-07-25 18:15:24.427 [info] > git for-each-ref --sort -committerdate --format %(refname)%00%(objectname)%00%(*objectname) [17ms]
2026-07-25 18:15:24.555 [info] > git status -z -uall [147ms]
2026-07-25 18:15:29.567 [info] > git config --get commit.template [6ms]
2026-07-25 18:15:29.581 [info] > git for-each-ref --format=%(refname)%00%(upstream:short)%00%(objectname)%00%(upstream:track)%00%(upstream:remotename)%00%(upstream:remoteref) refs/heads/main refs/remotes/main [17ms]
2026-07-25 18:15:29.605 [info] > git for-each-ref --sort -committerdate --format %(refname)%00%(objectname)%00%(*objectname) [17ms]
2026-07-25 18:15:29.840 [info] > git status -z -uall [254ms]
2026-07-25 18:15:34.852 [info] > git config --get commit.template [6ms]
2026-07-25 18:15:34.866 [info] > git for-each-ref --format=%(refname)%00%(upstream:short)%00%(objectname)%00%(upstream:track)%00%(upstream:remotename)%00%(upstream:remoteref) refs/heads/main refs/remotes/main [17ms]
2026-07-25 18:15:34.886 [info] > git for-each-ref --sort -committerdate --format %(refname)%00%(objectname)%00%(*objectname) [14ms]
2026-07-25 18:15:34.955 [info] > git status -z -uall [86ms]
2026-07-25 18:15:39.967 [info] > git config --get commit.template [7ms]
2026-07-25 18:15:39.980 [info] > git for-each-ref --format=%(refname)%00%(upstream:short)%00%(objectname)%00%(upstream:track)%00%(upstream:remotename)%00%(upstream:remoteref) refs/heads/main refs/remotes/main [17ms]
2026-07-25 18:15:40.001 [info] > git for-each-ref --sort -committerdate --format %(refname)%00%(objectname)%00%(*objectname) [16ms]
2026-07-25 18:15:40.068 [info] > git status -z -uall [85ms]
2026-07-25 18:15:45.080 [info] > git config --get commit.template [6ms]
2026-07-25 18:15:45.095 [info] > git for-each-ref --format=%(refname)%00%(upstream:short)%00%(objectname)%00%(upstream:track)%00%(upstream:remotename)%00%(upstream:remoteref) refs/heads/main refs/remotes/main [18ms]
2026-07-25 18:15:45.117 [info] > git for-each-ref --sort -committerdate --format %(refname)%00%(objectname)%00%(*objectname) [17ms]
2026-07-25 18:15:45.183 [info] > git status -z -uall [85ms]
2026-07-25 18:15:50.193 [info] > git config --get commit.template [6ms]
2026-07-25 18:15:50.206 [info] > git for-each-ref --format=%(refname)%00%(upstream:short)%00%(objectname)%00%(upstream:track)%00%(upstream:remotename)%00%(upstream:remoteref) refs/heads/main refs/remotes/main [16ms]
2026-07-25 18:15:50.227 [info] > git for-each-ref --sort -committerdate --format %(refname)%00%(objectname)%00%(*objectname) [13ms]
2026-07-25 18:15:50.294 [info] > git status -z -uall [83ms]
2026-07-25 18:15:55.307 [info] > git config --get commit.template [6ms]
2026-07-25 18:15:55.320 [info] > git for-each-ref --format=%(refname)%00%(upstream:short)%00%(objectname)%00%(upstream:track)%00%(upstream:remotename)%00%(upstream:remoteref) refs/heads/main refs/remotes/main [17ms]
2026-07-25 18:15:55.339 [info] > git for-each-ref --sort -committerdate --format %(refname)%00%(objectname)%00%(*objectname) [14ms]
2026-07-25 18:15:55.413 [info] > git status -z -uall [90ms]
2026-07-25 18:16:00.424 [info] > git config --get commit.template [5ms]
2026-07-25 18:16:00.437 [info] > git for-each-ref --format=%(refname)%00%(upstream:short)%00%(objectname)%00%(upstream:track)%00%(upstream:remotename)%00%(upstream:remoteref) refs/heads/main refs/remotes/main [15ms]
2026-07-25 18:16:00.458 [info] > git for-each-ref --sort -committerdate --format %(refname)%00%(objectname)%00%(*objectname) [15ms]
2026-07-25 18:16:00.524 [info] > git status -z -uall [82ms]
2026-07-25 18:16:05.535 [info] > git config --get commit.template [6ms]
2026-07-25 18:16:05.549 [info] > git for-each-ref --format=%(refname)%00%(upstream:short)%00%(objectname)%00%(upstream:track)%00%(upstream:remotename)%00%(upstream:remoteref) refs/heads/main refs/remotes/main [17ms]
2026-07-25 18:16:05.570 [info] > git for-each-ref --sort -committerdate --format %(refname)%00%(objectname)%00%(*objectname) [15ms]
2026-07-25 18:16:05.639 [info] > git status -z -uall [86ms]
2026-07-25 18:16:10.651 [info] > git config --get commit.template [5ms]
2026-07-25 18:16:10.664 [info] > git for-each-ref --format=%(refname)%00%(upstream:short)%00%(objectname)%00%(upstream:track)%00%(upstream:remotename)%00%(upstream:remoteref) refs/heads/main refs/remotes/main [15ms]
2026-07-25 18:16:10.683 [info] > git for-each-ref --sort -committerdate --format %(refname)%00%(objectname)%00%(*objectname) [14ms]
2026-07-25 18:16:10.748 [info] > git status -z -uall [81ms]
2026-07-25 18:16:15.759 [info] > git config --get commit.template [6ms]
2026-07-25 18:16:15.772 [info] > git for-each-ref --format=%(refname)%00%(upstream:short)%00%(objectname)%00%(upstream:track)%00%(upstream:remotename)%00%(upstream:remoteref) refs/heads/main refs/remotes/main [16ms]
2026-07-25 18:16:15.791 [info] > git for-each-ref --sort -committerdate --format %(refname)%00%(objectname)%00%(*objectname) [14ms]
2026-07-25 18:16:15.861 [info] > git status -z -uall [86ms]
2026-07-25 18:16:20.873 [info] > git config --get commit.template [6ms]
2026-07-25 18:16:20.887 [info] > git for-each-ref --format=%(refname)%00%(upstream:short)%00%(objectname)%00%(upstream:track)%00%(upstream:remotename)%00%(upstream:remoteref) refs/heads/main refs/remotes/main [17ms]
2026-07-25 18:16:20.907 [info] > git for-each-ref --sort -committerdate --format %(refname)%00%(objectname)%00%(*objectname) [15ms]
2026-07-25 18:16:20.972 [info] > git status -z -uall [82ms]
2026-07-25 18:16:25.987 [info] > git config --get commit.template [7ms]
2026-07-25 18:16:26.003 [info] > git for-each-ref --format=%(refname)%00%(upstream:short)%00%(objectname)%00%(upstream:track)%00%(upstream:remotename)%00%(upstream:remoteref) refs/heads/main refs/remotes/main [21ms]
2026-07-25 18:16:26.025 [info] > git for-each-ref --sort -committerdate --format %(refname)%00%(objectname)%00%(*objectname) [15ms]
2026-07-25 18:16:26.151 [info] > git status -z -uall [144ms]
2026-07-25 18:16:31.162 [info] > git config --get commit.template [6ms]
2026-07-25 18:16:31.176 [info] > git for-each-ref --format=%(refname)%00%(upstream:short)%00%(objectname)%00%(upstream:track)%00%(upstream:remotename)%00%(upstream:remoteref) refs/heads/main refs/remotes/main [16ms]
2026-07-25 18:16:31.197 [info] > git for-each-ref --sort -committerdate --format %(refname)%00%(objectname)%00%(*objectname) [16ms]
2026-07-25 18:16:31.438 [info] > git status -z -uall [259ms]
2026-07-25 18:16:36.450 [info] > git config --get commit.template [6ms]
2026-07-25 18:16:36.463 [info] > git for-each-ref --format=%(refname)%00%(upstream:short)%00%(objectname)%00%(upstream:track)%00%(upstream:remotename)%00%(upstream:remoteref) refs/heads/main refs/remotes/main [16ms]
2026-07-25 18:16:36.484 [info] > git for-each-ref --sort -committerdate --format %(refname)%00%(objectname)%00%(*objectname) [14ms]
2026-07-25 18:16:36.552 [info] > git status -z -uall [84ms]
2026-07-25 18:16:41.565 [info] > git config --get commit.template [5ms]
2026-07-25 18:16:41.579 [info] > git for-each-ref --format=%(refname)%00%(upstream:short)%00%(objectname)%00%(upstream:track)%00%(upstream:remotename)%00%(upstream:remoteref) refs/heads/main refs/remotes/main [17ms]
2026-07-25 18:16:41.601 [info] > git for-each-ref --sort -committerdate --format %(refname)%00%(objectname)%00%(*objectname) [16ms]
2026-07-25 18:16:41.674 [info] > git status -z -uall [92ms]
2026-07-25 18:16:46.685 [info] > git config --get commit.template [6ms]
2026-07-25 18:16:46.698 [info] > git for-each-ref --format=%(refname)%00%(upstream:short)%00%(objectname)%00%(upstream:track)%00%(upstream:remotename)%00%(upstream:remoteref) refs/heads/main refs/remotes/main [16ms]
2026-07-25 18:16:46.717 [info] > git for-each-ref --sort -committerdate --format %(refname)%00%(objectname)%00%(*objectname) [14ms]
2026-07-25 18:16:46.790 [info] > git status -z -uall [89ms]
2026-07-25 18:16:51.802 [info] > git config --get commit.template [6ms]
2026-07-25 18:16:51.816 [info] > git for-each-ref --format=%(refname)%00%(upstream:short)%00%(objectname)%00%(upstream:track)%00%(upstream:remotename)%00%(upstream:remoteref) refs/heads/main refs/remotes/main [17ms]
2026-07-25 18:16:51.835 [info] > git for-each-ref --sort -committerdate --format %(refname)%00%(objectname)%00%(*objectname) [14ms]
2026-07-25 18:16:51.898 [info] > git status -z -uall [79ms]
2026-07-25 18:16:56.910 [info] > git config --get commit.template [7ms]
2026-07-25 18:16:56.924 [info] > git for-each-ref --format=%(refname)%00%(upstream:short)%00%(objectname)%00%(upstream:track)%00%(upstream:remotename)%00%(upstream:remoteref) refs/heads/main refs/remotes/main [18ms]
2026-07-25 18:16:56.945 [info] > git for-each-ref --sort -committerdate --format %(refname)%00%(objectname)%00%(*objectname) [15ms]
2026-07-25 18:16:57.014 [info] > git status -z -uall [86ms]
2026-07-25 18:17:02.025 [info] > git config --get commit.template [5ms]
2026-07-25 18:17:02.040 [info] > git for-each-ref --format=%(refname)%00%(upstream:short)%00%(objectname)%00%(upstream:track)%00%(upstream:remotename)%00%(upstream:remoteref) refs/heads/main refs/remotes/main [18ms]
2026-07-25 18:17:02.064 [info] > git for-each-ref --sort -committerdate --format %(refname)%00%(objectname)%00%(*objectname) [17ms]
2026-07-25 18:17:02.144 [info] > git status -z -uall [99ms]
2026-07-25 18:17:07.154 [info] > git config --get commit.template [5ms]
2026-07-25 18:17:07.167 [info] > git for-each-ref --format=%(refname)%00%(upstream:short)%00%(objectname)%00%(upstream:track)%00%(upstream:remotename)%00%(upstream:remoteref) refs/heads/main refs/remotes/main [15ms]
2026-07-25 18:17:07.186 [info] > git for-each-ref --sort -committerdate --format %(refname)%00%(objectname)%00%(*objectname) [13ms]
2026-07-25 18:17:07.255 [info] > git status -z -uall [84ms]
2026-07-25 18:17:12.265 [info] > git config --get commit.template [5ms]
2026-07-25 18:17:12.278 [info] > git for-each-ref --format=%(refname)%00%(upstream:short)%00%(objectname)%00%(upstream:track)%00%(upstream:remotename)%00%(upstream:remoteref) refs/heads/main refs/remotes/main [15ms]
2026-07-25 18:17:12.296 [info] > git for-each-ref --sort -committerdate --format %(refname)%00%(objectname)%00%(*objectname) [13ms]
2026-07-25 18:17:12.362 [info] > git status -z -uall [81ms]
2026-07-25 18:17:17.373 [info] > git config --get commit.template [5ms]
2026-07-25 18:17:17.386 [info] > git for-each-ref --format=%(refname)%00%(upstream:short)%00%(objectname)%00%(upstream:track)%00%(upstream:remotename)%00%(upstream:remoteref) refs/heads/main refs/remotes/main [15ms]
2026-07-25 18:17:17.404 [info] > git for-each-ref --sort -committerdate --format %(refname)%00%(objectname)%00%(*objectname) [13ms]
2026-07-25 18:17:17.470 [info] > git status -z -uall [81ms]
2026-07-25 18:17:22.482 [info] > git config --get commit.template [6ms]
2026-07-25 18:17:22.497 [info] > git for-each-ref --format=%(refname)%00%(upstream:short)%00%(objectname)%00%(upstream:track)%00%(upstream:remotename)%00%(upstream:remoteref) refs/heads/main refs/remotes/main [17ms]
2026-07-25 18:17:22.518 [info] > git for-each-ref --sort -committerdate --format %(refname)%00%(objectname)%00%(*objectname) [16ms]
2026-07-25 18:17:22.590 [info] > git status -z -uall [90ms]
2026-07-25 18:17:27.605 [info] > git config --get commit.template [8ms]
2026-07-25 18:17:27.620 [info] > git for-each-ref --format=%(refname)%00%(upstream:short)%00%(objectname)%00%(upstream:track)%00%(upstream:remotename)%00%(upstream:remoteref) refs/heads/main refs/remotes/main [20ms]
2026-07-25 18:17:27.641 [info] > git for-each-ref --sort -committerdate --format %(refname)%00%(objectname)%00%(*objectname) [16ms]
2026-07-25 18:17:27.784 [info] > git status -z -uall [161ms]
