2026-07-25 18:26:21.813 [info] semantic_tokens_full file:///voc/work/Knowledge_Hands_on/src/pipeline/pipeline.py 
2026-07-25 18:26:21.859 [info] semantic_tokens_range file:///voc/work/Knowledge_Hands_on/src/pipeline/pipeline.py 0:0-40:34
2026-07-25 18:26:21.869 [info] WARNING:pygls.protocol.json_rpc:Cancel notification for unknown message id "6"

2026-07-25 18:26:21.998 [info] ERROR:pygls.protocol.json_rpc:Exception occurred for message "3": _pickle.UnpicklingError: unpickling stack underflow
NoneType: None

2026-07-25 18:26:21.999 [info] ERROR:pygls.protocol.json_rpc:Exception occurred for message "5": _pickle.UnpicklingError: invalid load key, ' '.
NoneType: None

2026-07-25 18:26:22.002 [info] [Error - 6:26:22 PM] Request textDocument/semanticTokens/full failed.
2026-07-25 18:26:22.005 [info]   Message: _pickle.UnpicklingError: unpickling stack underflow
  Code: -32603 
[object Object]
2026-07-25 18:26:22.006 [info] [Error - 6:26:22 PM] Request textDocument/semanticTokens/range failed.
2026-07-25 18:26:22.009 [info]   Message: _pickle.UnpicklingError: invalid load key, ' '.
  Code: -32603 
[object Object]
2026-07-25 18:26:23.997 [info] semantic_tokens_range file:///voc/work/Knowledge_Hands_on/src/pipeline/pipeline.py 0:0-48:17
2026-07-25 18:26:24.004 [info] ERROR:pygls.protocol.json_rpc:Exception occurred for message "9": _pickle.UnpicklingError: invalid load key, ' '.
NoneType: None

2026-07-25 18:26:24.004 [info] [Error - 6:26:24 PM] Request textDocument/semanticTokens/range failed.
2026-07-25 18:26:24.007 [info]   Message: _pickle.UnpicklingError: invalid load key, ' '.
  Code: -32603 
[object Object]
2026-07-25 18:26:24.730 [info] semantic_tokens_range file:///voc/work/Knowledge_Hands_on/src/pipeline/pipeline.py 0:0-53:23
2026-07-25 18:26:24.736 [info] ERROR:pygls.protocol.json_rpc:Exception occurred for message "10": _pickle.UnpicklingError: invalid load key, ' '.
NoneType: None

2026-07-25 18:26:24.736 [info] [Error - 6:26:24 PM] Request textDocument/semanticTokens/range failed.
2026-07-25 18:26:24.739 [info]   Message: _pickle.UnpicklingError: invalid load key, ' '.
  Code: -32603 
[object Object]
2026-07-25 18:26:45.541 [info] ERROR:pygls.protocol.json_rpc:Failed to handle request 11 textDocument/hover HoverParams(text_document=TextDocumentIdentifier(uri='file:///voc/work/Knowledge_Hands_on/src/pipeline/pipeline.py'), position=23:31, work_done_token=None)
Traceback (most recent call last):
  File "/usr/local/lib/code-server-4.103.2/lib/vscode/extensions/ms-python.python-2025.12.0/python_files/lib/jedilsp/pygls/protocol/json_rpc.py", line 266, in _handle_request
    self._execute_request(msg_id, handler, params)
  File "/usr/local/lib/code-server-4.103.2/lib/vscode/extensions/ms-python.python-2025.12.0/python_files/lib/jedilsp/pygls/protocol/json_rpc.py", line 188, in _execute_request
    self._send_response(msg_id, handler(params))
  File "/usr/local/lib/code-server-4.103.2/lib/vscode/extensions/ms-python.python-2025.12.0/python_files/lib/jedilsp/jedi_language_server/notebook_utils.py", line 373, in wrapped
    result = f(notebook_server, notebook_params)
  File "/usr/local/lib/code-server-4.103.2/lib/vscode/extensions/ms-python.python-2025.12.0/python_files/lib/jedilsp/jedi_language_server/server.py", line 487, in hover
    jedi_script.help(*jedi_lines),
  File "/usr/local/lib/code-server-4.103.2/lib/vscode/extensions/ms-python.python-2025.12.0/python_files/lib/jedilsp/jedi/api/helpers.py", line 487, in wrapper
    return func(self, line, column, *args, **kwargs)
  File "/usr/local/lib/code-server-4.103.2/lib/vscode/extensions/ms-python.python-2025.12.0/python_files/lib/jedilsp/jedi/api/__init__.py", line 396, in help
    name = KeywordName(self._inference_state, leaf.value)
  File "/usr/local/lib/code-server-4.103.2/lib/vscode/extensions/ms-python.python-2025.12.0/python_files/lib/jedilsp/jedi/inference/names.py", line 103, in __init__
    self.parent_context = inference_state.builtins_module
  File "/usr/local/lib/code-server-4.103.2/lib/vscode/extensions/ms-python.python-2025.12.0/python_files/lib/jedilsp/jedi/inference/cache.py", line 44, in wrapper
    rv = function(obj, *args, **kwargs)
  File "/usr/local/lib/code-server-4.103.2/lib/vscode/extensions/ms-python.python-2025.12.0/python_files/lib/jedilsp/jedi/inference/__init__.py", line 129, in builtins_module
    builtins_module, = self.import_module((module_name,), sys_path=[])
  File "/usr/local/lib/code-server-4.103.2/lib/vscode/extensions/ms-python.python-2025.12.0/python_files/lib/jedilsp/jedi/inference/__init__.py", line 112, in import_module
    return imports.import_module_by_names(
  File "/usr/local/lib/code-server-4.103.2/lib/vscode/extensions/ms-python.python-2025.12.0/python_files/lib/jedilsp/jedi/inference/imports.py", line 376, in import_module_by_names
    value_set = ValueSet.from_sets([
  File "/usr/local/lib/code-server-4.103.2/lib/vscode/extensions/ms-python.python-2025.12.0/python_files/lib/jedilsp/jedi/inference/imports.py", line 377, in <listcomp>
    import_module(
  File "/usr/local/lib/code-server-4.103.2/lib/vscode/extensions/ms-python.python-2025.12.0/python_files/lib/jedilsp/jedi/plugins/__init__.py", line 21, in wrapper
    return built_functions[public_name](*args, **kwargs)
  File "/usr/local/lib/code-server-4.103.2/lib/vscode/extensions/ms-python.python-2025.12.0/python_files/lib/jedilsp/jedi/plugins/flask.py", line 20, in wrapper
    return callback(inference_state, import_names, module_context, *args, **kwargs)
  File "/usr/local/lib/code-server-4.103.2/lib/vscode/extensions/ms-python.python-2025.12.0/python_files/lib/jedilsp/jedi/inference/gradual/typeshed.py", line 115, in wrapper
    python_value_set = ValueSet.from_sets(
  File "/usr/local/lib/code-server-4.103.2/lib/vscode/extensions/ms-python.python-2025.12.0/python_files/lib/jedilsp/jedi/inference/base_value.py", line 430, in from_sets
    for set_ in sets:
  File "/usr/local/lib/code-server-4.103.2/lib/vscode/extensions/ms-python.python-2025.12.0/python_files/lib/jedilsp/jedi/inference/gradual/typeshed.py", line 116, in <genexpr>
    func(inference_state, import_names, p, sys_path,)
  File "/usr/local/lib/code-server-4.103.2/lib/vscode/extensions/ms-python.python-2025.12.0/python_files/lib/jedilsp/jedi/inference/imports.py", line 411, in import_module
    file_io_or_ns, is_pkg = inference_state.compiled_subprocess.get_module_info(
  File "/usr/local/lib/code-server-4.103.2/lib/vscode/extensions/ms-python.python-2025.12.0/python_files/lib/jedilsp/jedi/inference/compiled/subprocess/__init__.py", line 188, in wrapper
    result = self._compiled_subprocess.run(
  File "/usr/local/lib/code-server-4.103.2/lib/vscode/extensions/ms-python.python-2025.12.0/python_files/lib/jedilsp/jedi/inference/compiled/subprocess/__init__.py", line 296, in run
    return self._send(inference_state_id, function, args, kwargs)
  File "/usr/local/lib/code-server-4.103.2/lib/vscode/extensions/ms-python.python-2025.12.0/python_files/lib/jedilsp/jedi/inference/compiled/subprocess/__init__.py", line 318, in _send
    is_exception, traceback, result = pickle_load(self._get_process().stdout)
  File "/usr/local/lib/code-server-4.103.2/lib/vscode/extensions/ms-python.python-2025.12.0/python_files/lib/jedilsp/jedi/_compatibility.py", line 25, in pickle_load
    return Unpickler(file).load()
_pickle.UnpicklingError: invalid load key, ' '.

2026-07-25 18:26:45.542 [info] [Error - 6:26:45 PM] Request textDocument/hover failed.
2026-07-25 18:26:45.545 [info]   Message: _pickle.UnpicklingError: invalid load key, ' '.
  Code: -32603 
[object Object]
2026-07-25 18:26:47.553 [info] ERROR:pygls.protocol.json_rpc:Failed to handle request 13 textDocument/hover HoverParams(text_document=TextDocumentIdentifier(uri='file:///voc/work/Knowledge_Hands_on/src/pipeline/pipeline.py'), position=40:29, work_done_token=None)
Traceback (most recent call last):
  File "/usr/local/lib/code-server-4.103.2/lib/vscode/extensions/ms-python.python-2025.12.0/python_files/lib/jedilsp/pygls/protocol/json_rpc.py", line 266, in _handle_request
    self._execute_request(msg_id, handler, params)
  File "/usr/local/lib/code-server-4.103.2/lib/vscode/extensions/ms-python.python-2025.12.0/python_files/lib/jedilsp/pygls/protocol/json_rpc.py", line 188, in _execute_request
    self._send_response(msg_id, handler(params))
  File "/usr/local/lib/code-server-4.103.2/lib/vscode/extensions/ms-python.python-2025.12.0/python_files/lib/jedilsp/jedi_language_server/notebook_utils.py", line 373, in wrapped
    result = f(notebook_server, notebook_params)
  File "/usr/local/lib/code-server-4.103.2/lib/vscode/extensions/ms-python.python-2025.12.0/python_files/lib/jedilsp/jedi_language_server/server.py", line 487, in hover
    jedi_script.help(*jedi_lines),
  File "/usr/local/lib/code-server-4.103.2/lib/vscode/extensions/ms-python.python-2025.12.0/python_files/lib/jedilsp/jedi/api/helpers.py", line 487, in wrapper
    return func(self, line, column, *args, **kwargs)
  File "/usr/local/lib/code-server-4.103.2/lib/vscode/extensions/ms-python.python-2025.12.0/python_files/lib/jedilsp/jedi/api/__init__.py", line 372, in help
    definitions = self.goto(line, column, follow_imports=True)
  File "/usr/local/lib/code-server-4.103.2/lib/vscode/extensions/ms-python.python-2025.12.0/python_files/lib/jedilsp/jedi/api/helpers.py", line 487, in wrapper
    return func(self, line, column, *args, **kwargs)
  File "/usr/local/lib/code-server-4.103.2/lib/vscode/extensions/ms-python.python-2025.12.0/python_files/lib/jedilsp/jedi/api/__init__.py", line 300, in goto
    names = list(name.goto())
  File "/usr/local/lib/code-server-4.103.2/lib/vscode/extensions/ms-python.python-2025.12.0/python_files/lib/jedilsp/jedi/inference/names.py", line 157, in goto
    module_names = goto_import(context, name)
  File "/usr/local/lib/code-server-4.103.2/lib/vscode/extensions/ms-python.python-2025.12.0/python_files/lib/jedilsp/jedi/inference/cache.py", line 44, in wrapper
    rv = function(obj, *args, **kwargs)
  File "/usr/local/lib/code-server-4.103.2/lib/vscode/extensions/ms-python.python-2025.12.0/python_files/lib/jedilsp/jedi/inference/imports.py", line 75, in goto_import
    _prepare_infer_import(module_context, tree_name)
  File "/usr/local/lib/code-server-4.103.2/lib/vscode/extensions/ms-python.python-2025.12.0/python_files/lib/jedilsp/jedi/inference/imports.py", line 116, in _prepare_infer_import
    return from_import_name, tuple(import_path), import_node.level, importer.follow()
  File "/usr/local/lib/code-server-4.103.2/lib/vscode/extensions/ms-python.python-2025.12.0/python_files/lib/jedilsp/jedi/inference/imports.py", line 296, in follow
    return import_module_by_names(
  File "/usr/local/lib/code-server-4.103.2/lib/vscode/extensions/ms-python.python-2025.12.0/python_files/lib/jedilsp/jedi/inference/imports.py", line 376, in import_module_by_names
    value_set = ValueSet.from_sets([
  File "/usr/local/lib/code-server-4.103.2/lib/vscode/extensions/ms-python.python-2025.12.0/python_files/lib/jedilsp/jedi/inference/imports.py", line 377, in <listcomp>
    import_module(
  File "/usr/local/lib/code-server-4.103.2/lib/vscode/extensions/ms-python.python-2025.12.0/python_files/lib/jedilsp/jedi/plugins/__init__.py", line 21, in wrapper
    return built_functions[public_name](*args, **kwargs)
  File "/usr/local/lib/code-server-4.103.2/lib/vscode/extensions/ms-python.python-2025.12.0/python_files/lib/jedilsp/jedi/plugins/flask.py", line 20, in wrapper
    return callback(inference_state, import_names, module_context, *args, **kwargs)
  File "/usr/local/lib/code-server-4.103.2/lib/vscode/extensions/ms-python.python-2025.12.0/python_files/lib/jedilsp/jedi/inference/gradual/typeshed.py", line 115, in wrapper
    python_value_set = ValueSet.from_sets(
  File "/usr/local/lib/code-server-4.103.2/lib/vscode/extensions/ms-python.python-2025.12.0/python_files/lib/jedilsp/jedi/inference/base_value.py", line 430, in from_sets
    for set_ in sets:
  File "/usr/local/lib/code-server-4.103.2/lib/vscode/extensions/ms-python.python-2025.12.0/python_files/lib/jedilsp/jedi/inference/gradual/typeshed.py", line 116, in <genexpr>
    func(inference_state, import_names, p, sys_path,)
  File "/usr/local/lib/code-server-4.103.2/lib/vscode/extensions/ms-python.python-2025.12.0/python_files/lib/jedilsp/jedi/inference/imports.py", line 411, in import_module
    file_io_or_ns, is_pkg = inference_state.compiled_subprocess.get_module_info(
  File "/usr/local/lib/code-server-4.103.2/lib/vscode/extensions/ms-python.python-2025.12.0/python_files/lib/jedilsp/jedi/inference/compiled/subprocess/__init__.py", line 188, in wrapper
    result = self._compiled_subprocess.run(
  File "/usr/local/lib/code-server-4.103.2/lib/vscode/extensions/ms-python.python-2025.12.0/python_files/lib/jedilsp/jedi/inference/compiled/subprocess/__init__.py", line 296, in run
    return self._send(inference_state_id, function, args, kwargs)
  File "/usr/local/lib/code-server-4.103.2/lib/vscode/extensions/ms-python.python-2025.12.0/python_files/lib/jedilsp/jedi/inference/compiled/subprocess/__init__.py", line 318, in _send
    is_exception, traceback, result = pickle_load(self._get_process().stdout)
  File "/usr/local/lib/code-server-4.103.2/lib/vscode/extensions/ms-python.python-2025.12.0/python_files/lib/jedilsp/jedi/_compatibility.py", line 25, in pickle_load
    return Unpickler(file).load()
_pickle.UnpicklingError: invalid load key, ' '.

2026-07-25 18:26:47.554 [info] [Error - 6:26:47 PM] Request textDocument/hover failed.
2026-07-25 18:26:47.557 [info]   Message: _pickle.UnpicklingError: invalid load key, ' '.
  Code: -32603 
[object Object]
2026-07-25 18:26:47.797 [info] semantic_tokens_range file:///voc/work/Knowledge_Hands_on/src/pipeline/pipeline.py 8:0-69:79
2026-07-25 18:26:47.804 [info] ERROR:pygls.protocol.json_rpc:Exception occurred for message "14": _pickle.UnpicklingError: invalid load key, ' '.
NoneType: None

2026-07-25 18:26:47.804 [info] [Error - 6:26:47 PM] Request textDocument/semanticTokens/range failed.
2026-07-25 18:26:47.807 [info]   Message: _pickle.UnpicklingError: invalid load key, ' '.
  Code: -32603 
[object Object]
2026-07-25 18:26:50.772 [info] semantic_tokens_range file:///voc/work/Knowledge_Hands_on/src/pipeline/pipeline.py 19:0-80:28
2026-07-25 18:26:50.778 [info] ERROR:pygls.protocol.json_rpc:Exception occurred for message "15": _pickle.UnpicklingError: invalid load key, ' '.
NoneType: None

2026-07-25 18:26:50.778 [info] [Error - 6:26:50 PM] Request textDocument/semanticTokens/range failed.
2026-07-25 18:26:50.781 [info]   Message: _pickle.UnpicklingError: invalid load key, ' '.
  Code: -32603 
[object Object]
2026-07-25 18:26:58.584 [info] ERROR:pygls.protocol.json_rpc:Failed to handle request 17 textDocument/documentSymbol DocumentSymbolParams(text_document=TextDocumentIdentifier(uri='file:///voc/work/Knowledge_Hands_on/src/pipeline/settings.py'), work_done_token=None, partial_result_token=None)
Traceback (most recent call last):
  File "/usr/local/lib/code-server-4.103.2/lib/vscode/extensions/ms-python.python-2025.12.0/python_files/lib/jedilsp/pygls/protocol/json_rpc.py", line 266, in _handle_request
    self._execute_request(msg_id, handler, params)
  File "/usr/local/lib/code-server-4.103.2/lib/vscode/extensions/ms-python.python-2025.12.0/python_files/lib/jedilsp/pygls/protocol/json_rpc.py", line 188, in _execute_request
    self._send_response(msg_id, handler(params))
  File "/usr/local/lib/code-server-4.103.2/lib/vscode/extensions/ms-python.python-2025.12.0/python_files/lib/jedilsp/jedi_language_server/server.py", line 546, in document_symbol
    document_symbols = jedi_utils.lsp_document_symbols(names)
  File "/usr/local/lib/code-server-4.103.2/lib/vscode/extensions/ms-python.python-2025.12.0/python_files/lib/jedilsp/jedi_language_server/jedi_utils.py", line 225, in lsp_document_symbols
    symbol_range = _document_symbol_range(name)
  File "/usr/local/lib/code-server-4.103.2/lib/vscode/extensions/ms-python.python-2025.12.0/python_files/lib/jedilsp/jedi_language_server/jedi_utils.py", line 204, in _document_symbol_range
    end = name.get_definition_end_position()
  File "/usr/local/lib/code-server-4.103.2/lib/vscode/extensions/ms-python.python-2025.12.0/python_files/lib/jedilsp/jedi/api/classes.py", line 260, in get_definition_end_position
    if self.type in ("function", "class"):
  File "/usr/local/lib/code-server-4.103.2/lib/vscode/extensions/ms-python.python-2025.12.0/python_files/lib/jedilsp/jedi/api/classes.py", line 190, in type
    for value in self._name.infer():
  File "/usr/local/lib/code-server-4.103.2/lib/vscode/extensions/ms-python.python-2025.12.0/python_files/lib/jedilsp/jedi/inference/names.py", line 281, in infer
    return tree_name_to_values(
  File "/usr/local/lib/code-server-4.103.2/lib/vscode/extensions/ms-python.python-2025.12.0/python_files/lib/jedilsp/jedi/plugins/__init__.py", line 21, in wrapper
    return built_functions[public_name](*args, **kwargs)
  File "/usr/local/lib/code-server-4.103.2/lib/vscode/extensions/ms-python.python-2025.12.0/python_files/lib/jedilsp/jedi/plugins/stdlib.py", line 878, in wrapper
    return func(inference_state, context, tree_name)
  File "/usr/local/lib/code-server-4.103.2/lib/vscode/extensions/ms-python.python-2025.12.0/python_files/lib/jedilsp/jedi/plugins/django.py", line 177, in wrapper
    result = func(inference_state, context, tree_name)
  File "/usr/local/lib/code-server-4.103.2/lib/vscode/extensions/ms-python.python-2025.12.0/python_files/lib/jedilsp/jedi/inference/syntax_tree.py", line 771, in tree_name_to_values
    types = imports.infer_import(context, tree_name)
  File "/usr/local/lib/code-server-4.103.2/lib/vscode/extensions/ms-python.python-2025.12.0/python_files/lib/jedilsp/jedi/inference/cache.py", line 44, in wrapper
    rv = function(obj, *args, **kwargs)
  File "/usr/local/lib/code-server-4.103.2/lib/vscode/extensions/ms-python.python-2025.12.0/python_files/lib/jedilsp/jedi/inference/imports.py", line 53, in infer_import
    _prepare_infer_import(module_context, tree_name)
  File "/usr/local/lib/code-server-4.103.2/lib/vscode/extensions/ms-python.python-2025.12.0/python_files/lib/jedilsp/jedi/inference/imports.py", line 116, in _prepare_infer_import
    return from_import_name, tuple(import_path), import_node.level, importer.follow()
  File "/usr/local/lib/code-server-4.103.2/lib/vscode/extensions/ms-python.python-2025.12.0/python_files/lib/jedilsp/jedi/inference/imports.py", line 296, in follow
    return import_module_by_names(
  File "/usr/local/lib/code-server-4.103.2/lib/vscode/extensions/ms-python.python-2025.12.0/python_files/lib/jedilsp/jedi/inference/imports.py", line 376, in import_module_by_names
    value_set = ValueSet.from_sets([
  File "/usr/local/lib/code-server-4.103.2/lib/vscode/extensions/ms-python.python-2025.12.0/python_files/lib/jedilsp/jedi/inference/imports.py", line 377, in <listcomp>
    import_module(
  File "/usr/local/lib/code-server-4.103.2/lib/vscode/extensions/ms-python.python-2025.12.0/python_files/lib/jedilsp/jedi/plugins/__init__.py", line 21, in wrapper
    return built_functions[public_name](*args, **kwargs)
  File "/usr/local/lib/code-server-4.103.2/lib/vscode/extensions/ms-python.python-2025.12.0/python_files/lib/jedilsp/jedi/plugins/flask.py", line 20, in wrapper
    return callback(inference_state, import_names, module_context, *args, **kwargs)
  File "/usr/local/lib/code-server-4.103.2/lib/vscode/extensions/ms-python.python-2025.12.0/python_files/lib/jedilsp/jedi/inference/gradual/typeshed.py", line 115, in wrapper
    python_value_set = ValueSet.from_sets(
  File "/usr/local/lib/code-server-4.103.2/lib/vscode/extensions/ms-python.python-2025.12.0/python_files/lib/jedilsp/jedi/inference/base_value.py", line 430, in from_sets
    for set_ in sets:
  File "/usr/local/lib/code-server-4.103.2/lib/vscode/extensions/ms-python.python-2025.12.0/python_files/lib/jedilsp/jedi/inference/gradual/typeshed.py", line 116, in <genexpr>
    func(inference_state, import_names, p, sys_path,)
  File "/usr/local/lib/code-server-4.103.2/lib/vscode/extensions/ms-python.python-2025.12.0/python_files/lib/jedilsp/jedi/inference/imports.py", line 411, in import_module
    file_io_or_ns, is_pkg = inference_state.compiled_subprocess.get_module_info(
  File "/usr/local/lib/code-server-4.103.2/lib/vscode/extensions/ms-python.python-2025.12.0/python_files/lib/jedilsp/jedi/inference/compiled/subprocess/__init__.py", line 188, in wrapper
    result = self._compiled_subprocess.run(
  File "/usr/local/lib/code-server-4.103.2/lib/vscode/extensions/ms-python.python-2025.12.0/python_files/lib/jedilsp/jedi/inference/compiled/subprocess/__init__.py", line 293, in run
    self._send(delete_id, None)
  File "/usr/local/lib/code-server-4.103.2/lib/vscode/extensions/ms-python.python-2025.12.0/python_files/lib/jedilsp/jedi/inference/compiled/subprocess/__init__.py", line 318, in _send
    is_exception, traceback, result = pickle_load(self._get_process().stdout)
  File "/usr/local/lib/code-server-4.103.2/lib/vscode/extensions/ms-python.python-2025.12.0/python_files/lib/jedilsp/jedi/_compatibility.py", line 25, in pickle_load
    return Unpickler(file).load()
_pickle.UnpicklingError: invalid load key, ' '.

2026-07-25 18:26:58.584 [info] [Error - 6:26:58 PM] Request textDocument/documentSymbol failed.
2026-07-25 18:26:58.587 [info]   Message: _pickle.UnpicklingError: invalid load key, ' '.
  Code: -32603 
[object Object]
2026-07-25 18:26:58.588 [info] ERROR:pygls.protocol.json_rpc:Exception occurred for message "18": _pickle.UnpicklingError: invalid load key, ' '.
NoneType: None

2026-07-25 18:26:58.588 [info] semantic_tokens_full file:///voc/work/Knowledge_Hands_on/src/pipeline/settings.py 
2026-07-25 18:26:58.588 [info] [Error - 6:26:58 PM] Request textDocument/semanticTokens/full failed.
2026-07-25 18:26:58.591 [info]   Message: _pickle.UnpicklingError: invalid load key, ' '.
  Code: -32603 
[object Object]
2026-07-25 18:26:58.841 [info] ERROR:pygls.protocol.json_rpc:Failed to handle request 19 textDocument/documentSymbol DocumentSymbolParams(text_document=TextDocumentIdentifier(uri='file:///voc/work/Knowledge_Hands_on/src/pipeline/settings.py'), work_done_token=None, partial_result_token=None)
Traceback (most recent call last):
  File "/usr/local/lib/code-server-4.103.2/lib/vscode/extensions/ms-python.python-2025.12.0/python_files/lib/jedilsp/pygls/protocol/json_rpc.py", line 266, in _handle_request
    self._execute_request(msg_id, handler, params)
  File "/usr/local/lib/code-server-4.103.2/lib/vscode/extensions/ms-python.python-2025.12.0/python_files/lib/jedilsp/pygls/protocol/json_rpc.py", line 188, in _execute_request
    self._send_response(msg_id, handler(params))
  File "/usr/local/lib/code-server-4.103.2/lib/vscode/extensions/ms-python.python-2025.12.0/python_files/lib/jedilsp/jedi_language_server/server.py", line 546, in document_symbol
    document_symbols = jedi_utils.lsp_document_symbols(names)
  File "/usr/local/lib/code-server-4.103.2/lib/vscode/extensions/ms-python.python-2025.12.0/python_files/lib/jedilsp/jedi_language_server/jedi_utils.py", line 225, in lsp_document_symbols
    symbol_range = _document_symbol_range(name)
  File "/usr/local/lib/code-server-4.103.2/lib/vscode/extensions/ms-python.python-2025.12.0/python_files/lib/jedilsp/jedi_language_server/jedi_utils.py", line 204, in _document_symbol_range
    end = name.get_definition_end_position()
  File "/usr/local/lib/code-server-4.103.2/lib/vscode/extensions/ms-python.python-2025.12.0/python_files/lib/jedilsp/jedi/api/classes.py", line 260, in get_definition_end_position
    if self.type in ("function", "class"):
  File "/usr/local/lib/code-server-4.103.2/lib/vscode/extensions/ms-python.python-2025.12.0/python_files/lib/jedilsp/jedi/api/classes.py", line 190, in type
    for value in self._name.infer():
  File "/usr/local/lib/code-server-4.103.2/lib/vscode/extensions/ms-python.python-2025.12.0/python_files/lib/jedilsp/jedi/inference/names.py", line 281, in infer
    return tree_name_to_values(
  File "/usr/local/lib/code-server-4.103.2/lib/vscode/extensions/ms-python.python-2025.12.0/python_files/lib/jedilsp/jedi/plugins/__init__.py", line 21, in wrapper
    return built_functions[public_name](*args, **kwargs)
  File "/usr/local/lib/code-server-4.103.2/lib/vscode/extensions/ms-python.python-2025.12.0/python_files/lib/jedilsp/jedi/plugins/stdlib.py", line 878, in wrapper
    return func(inference_state, context, tree_name)
  File "/usr/local/lib/code-server-4.103.2/lib/vscode/extensions/ms-python.python-2025.12.0/python_files/lib/jedilsp/jedi/plugins/django.py", line 177, in wrapper
    result = func(inference_state, context, tree_name)
  File "/usr/local/lib/code-server-4.103.2/lib/vscode/extensions/ms-python.python-2025.12.0/python_files/lib/jedilsp/jedi/inference/syntax_tree.py", line 771, in tree_name_to_values
    types = imports.infer_import(context, tree_name)
  File "/usr/local/lib/code-server-4.103.2/lib/vscode/extensions/ms-python.python-2025.12.0/python_files/lib/jedilsp/jedi/inference/cache.py", line 44, in wrapper
    rv = function(obj, *args, **kwargs)
  File "/usr/local/lib/code-server-4.103.2/lib/vscode/extensions/ms-python.python-2025.12.0/python_files/lib/jedilsp/jedi/inference/imports.py", line 53, in infer_import
    _prepare_infer_import(module_context, tree_name)
  File "/usr/local/lib/code-server-4.103.2/lib/vscode/extensions/ms-python.python-2025.12.0/python_files/lib/jedilsp/jedi/inference/imports.py", line 116, in _prepare_infer_import
    return from_import_name, tuple(import_path), import_node.level, importer.follow()
  File "/usr/local/lib/code-server-4.103.2/lib/vscode/extensions/ms-python.python-2025.12.0/python_files/lib/jedilsp/jedi/inference/imports.py", line 296, in follow
    return import_module_by_names(
  File "/usr/local/lib/code-server-4.103.2/lib/vscode/extensions/ms-python.python-2025.12.0/python_files/lib/jedilsp/jedi/inference/imports.py", line 376, in import_module_by_names
    value_set = ValueSet.from_sets([
  File "/usr/local/lib/code-server-4.103.2/lib/vscode/extensions/ms-python.python-2025.12.0/python_files/lib/jedilsp/jedi/inference/imports.py", line 377, in <listcomp>
    import_module(
  File "/usr/local/lib/code-server-4.103.2/lib/vscode/extensions/ms-python.python-2025.12.0/python_files/lib/jedilsp/jedi/plugins/__init__.py", line 21, in wrapper
    return built_functions[public_name](*args, **kwargs)
  File "/usr/local/lib/code-server-4.103.2/lib/vscode/extensions/ms-python.python-2025.12.0/python_files/lib/jedilsp/jedi/plugins/flask.py", line 20, in wrapper
    return callback(inference_state, import_names, module_context, *args, **kwargs)
  File "/usr/local/lib/code-server-4.103.2/lib/vscode/extensions/ms-python.python-2025.12.0/python_files/lib/jedilsp/jedi/inference/gradual/typeshed.py", line 115, in wrapper
    python_value_set = ValueSet.from_sets(
  File "/usr/local/lib/code-server-4.103.2/lib/vscode/extensions/ms-python.python-2025.12.0/python_files/lib/jedilsp/jedi/inference/base_value.py", line 430, in from_sets
    for set_ in sets:
  File "/usr/local/lib/code-server-4.103.2/lib/vscode/extensions/ms-python.python-2025.12.0/python_files/lib/jedilsp/jedi/inference/gradual/typeshed.py", line 116, in <genexpr>
    func(inference_state, import_names, p, sys_path,)
  File "/usr/local/lib/code-server-4.103.2/lib/vscode/extensions/ms-python.python-2025.12.0/python_files/lib/jedilsp/jedi/inference/imports.py", line 411, in import_module
    file_io_or_ns, is_pkg = inference_state.compiled_subprocess.get_module_info(
  File "/usr/local/lib/code-server-4.103.2/lib/vscode/extensions/ms-python.python-2025.12.0/python_files/lib/jedilsp/jedi/inference/compiled/subprocess/__init__.py", line 188, in wrapper
    result = self._compiled_subprocess.run(
  File "/usr/local/lib/code-server-4.103.2/lib/vscode/extensions/ms-python.python-2025.12.0/python_files/lib/jedilsp/jedi/inference/compiled/subprocess/__init__.py", line 296, in run
    return self._send(inference_state_id, function, args, kwargs)
  File "/usr/local/lib/code-server-4.103.2/lib/vscode/extensions/ms-python.python-2025.12.0/python_files/lib/jedilsp/jedi/inference/compiled/subprocess/__init__.py", line 318, in _send
    is_exception, traceback, result = pickle_load(self._get_process().stdout)
  File "/usr/local/lib/code-server-4.103.2/lib/vscode/extensions/ms-python.python-2025.12.0/python_files/lib/jedilsp/jedi/_compatibility.py", line 25, in pickle_load
    return Unpickler(file).load()
_pickle.UnpicklingError: invalid load key, ' '.

2026-07-25 18:26:58.842 [info] [Error - 6:26:58 PM] Request textDocument/documentSymbol failed.
2026-07-25 18:26:58.845 [info]   Message: _pickle.UnpicklingError: invalid load key, ' '.
  Code: -32603 
[object Object]
2026-07-25 18:26:58.868 [info] ERROR:pygls.protocol.json_rpc:Failed to handle request 20 textDocument/hover HoverParams(text_document=TextDocumentIdentifier(uri='file:///voc/work/Knowledge_Hands_on/src/pipeline/settings.py'), position=12:25, work_done_token=None)
Traceback (most recent call last):
  File "/usr/local/lib/code-server-4.103.2/lib/vscode/extensions/ms-python.python-2025.12.0/python_files/lib/jedilsp/pygls/protocol/json_rpc.py", line 266, in _handle_request
    self._execute_request(msg_id, handler, params)
  File "/usr/local/lib/code-server-4.103.2/lib/vscode/extensions/ms-python.python-2025.12.0/python_files/lib/jedilsp/pygls/protocol/json_rpc.py", line 188, in _execute_request
    self._send_response(msg_id, handler(params))
  File "/usr/local/lib/code-server-4.103.2/lib/vscode/extensions/ms-python.python-2025.12.0/python_files/lib/jedilsp/jedi_language_server/notebook_utils.py", line 373, in wrapped
    result = f(notebook_server, notebook_params)
  File "/usr/local/lib/code-server-4.103.2/lib/vscode/extensions/ms-python.python-2025.12.0/python_files/lib/jedilsp/jedi_language_server/server.py", line 487, in hover
    jedi_script.help(*jedi_lines),
  File "/usr/local/lib/code-server-4.103.2/lib/vscode/extensions/ms-python.python-2025.12.0/python_files/lib/jedilsp/jedi/api/helpers.py", line 487, in wrapper
    return func(self, line, column, *args, **kwargs)
  File "/usr/local/lib/code-server-4.103.2/lib/vscode/extensions/ms-python.python-2025.12.0/python_files/lib/jedilsp/jedi/api/__init__.py", line 396, in help
    name = KeywordName(self._inference_state, leaf.value)
  File "/usr/local/lib/code-server-4.103.2/lib/vscode/extensions/ms-python.python-2025.12.0/python_files/lib/jedilsp/jedi/inference/names.py", line 103, in __init__
    self.parent_context = inference_state.builtins_module
  File "/usr/local/lib/code-server-4.103.2/lib/vscode/extensions/ms-python.python-2025.12.0/python_files/lib/jedilsp/jedi/inference/cache.py", line 44, in wrapper
    rv = function(obj, *args, **kwargs)
  File "/usr/local/lib/code-server-4.103.2/lib/vscode/extensions/ms-python.python-2025.12.0/python_files/lib/jedilsp/jedi/inference/__init__.py", line 129, in builtins_module
    builtins_module, = self.import_module((module_name,), sys_path=[])
  File "/usr/local/lib/code-server-4.103.2/lib/vscode/extensions/ms-python.python-2025.12.0/python_files/lib/jedilsp/jedi/inference/__init__.py", line 112, in import_module
    return imports.import_module_by_names(
  File "/usr/local/lib/code-server-4.103.2/lib/vscode/extensions/ms-python.python-2025.12.0/python_files/lib/jedilsp/jedi/inference/imports.py", line 376, in import_module_by_names
    value_set = ValueSet.from_sets([
  File "/usr/local/lib/code-server-4.103.2/lib/vscode/extensions/ms-python.python-2025.12.0/python_files/lib/jedilsp/jedi/inference/imports.py", line 377, in <listcomp>
    import_module(
  File "/usr/local/lib/code-server-4.103.2/lib/vscode/extensions/ms-python.python-2025.12.0/python_files/lib/jedilsp/jedi/plugins/__init__.py", line 21, in wrapper
    return built_functions[public_name](*args, **kwargs)
  File "/usr/local/lib/code-server-4.103.2/lib/vscode/extensions/ms-python.python-2025.12.0/python_files/lib/jedilsp/jedi/plugins/flask.py", line 20, in wrapper
    return callback(inference_state, import_names, module_context, *args, **kwargs)
  File "/usr/local/lib/code-server-4.103.2/lib/vscode/extensions/ms-python.python-2025.12.0/python_files/lib/jedilsp/jedi/inference/gradual/typeshed.py", line 115, in wrapper
    python_value_set = ValueSet.from_sets(
  File "/usr/local/lib/code-server-4.103.2/lib/vscode/extensions/ms-python.python-2025.12.0/python_files/lib/jedilsp/jedi/inference/base_value.py", line 430, in from_sets
    for set_ in sets:
  File "/usr/local/lib/code-server-4.103.2/lib/vscode/extensions/ms-python.python-2025.12.0/python_files/lib/jedilsp/jedi/inference/gradual/typeshed.py", line 116, in <genexpr>
    func(inference_state, import_names, p, sys_path,)
  File "/usr/local/lib/code-server-4.103.2/lib/vscode/extensions/ms-python.python-2025.12.0/python_files/lib/jedilsp/jedi/inference/imports.py", line 411, in import_module
    file_io_or_ns, is_pkg = inference_state.compiled_subprocess.get_module_info(
  File "/usr/local/lib/code-server-4.103.2/lib/vscode/extensions/ms-python.python-2025.12.0/python_files/lib/jedilsp/jedi/inference/compiled/subprocess/__init__.py", line 188, in wrapper
    result = self._compiled_subprocess.run(
  File "/usr/local/lib/code-server-4.103.2/lib/vscode/extensions/ms-python.python-2025.12.0/python_files/lib/jedilsp/jedi/inference/compiled/subprocess/__init__.py", line 296, in run
    return self._send(inference_state_id, function, args, kwargs)
  File "/usr/local/lib/code-server-4.103.2/lib/vscode/extensions/ms-python.python-2025.12.0/python_files/lib/jedilsp/jedi/inference/compiled/subprocess/__init__.py", line 318, in _send
    is_exception, traceback, result = pickle_load(self._get_process().stdout)
  File "/usr/local/lib/code-server-4.103.2/lib/vscode/extensions/ms-python.python-2025.12.0/python_files/lib/jedilsp/jedi/_compatibility.py", line 25, in pickle_load
    return Unpickler(file).load()
_pickle.UnpicklingError: invalid load key, ' '.

2026-07-25 18:26:58.868 [info] [Error - 6:26:58 PM] Request textDocument/hover failed.
2026-07-25 18:26:58.872 [info]   Message: _pickle.UnpicklingError: invalid load key, ' '.
  Code: -32603 
[object Object]
2026-07-25 18:26:58.977 [info] semantic_tokens_range file:///voc/work/Knowledge_Hands_on/src/pipeline/settings.py 0:0-35:0
2026-07-25 18:26:58.979 [info] ERROR:pygls.protocol.json_rpc:Exception occurred for message "21": _pickle.UnpicklingError: invalid load key, ' '.
NoneType: None

2026-07-25 18:26:58.981 [info] [Error - 6:26:58 PM] Request textDocument/semanticTokens/range failed.
2026-07-25 18:26:58.981 [info]   Message: _pickle.UnpicklingError: invalid load key, ' '.
  Code: -32603 
[object Object]
2026-07-25 18:26:59.206 [info] ERROR:pygls.protocol.json_rpc:Failed to handle request 22 textDocument/hover HoverParams(text_document=TextDocumentIdentifier(uri='file:///voc/work/Knowledge_Hands_on/src/pipeline/settings.py'), position=12:25, work_done_token=None)
Traceback (most recent call last):
  File "/usr/local/lib/code-server-4.103.2/lib/vscode/extensions/ms-python.python-2025.12.0/python_files/lib/jedilsp/pygls/protocol/json_rpc.py", line 266, in _handle_request
    self._execute_request(msg_id, handler, params)
  File "/usr/local/lib/code-server-4.103.2/lib/vscode/extensions/ms-python.python-2025.12.0/python_files/lib/jedilsp/pygls/protocol/json_rpc.py", line 188, in _execute_request
    self._send_response(msg_id, handler(params))
  File "/usr/local/lib/code-server-4.103.2/lib/vscode/extensions/ms-python.python-2025.12.0/python_files/lib/jedilsp/jedi_language_server/notebook_utils.py", line 373, in wrapped
    result = f(notebook_server, notebook_params)
  File "/usr/local/lib/code-server-4.103.2/lib/vscode/extensions/ms-python.python-2025.12.0/python_files/lib/jedilsp/jedi_language_server/server.py", line 487, in hover
    jedi_script.help(*jedi_lines),
  File "/usr/local/lib/code-server-4.103.2/lib/vscode/extensions/ms-python.python-2025.12.0/python_files/lib/jedilsp/jedi/api/helpers.py", line 487, in wrapper
    return func(self, line, column, *args, **kwargs)
  File "/usr/local/lib/code-server-4.103.2/lib/vscode/extensions/ms-python.python-2025.12.0/python_files/lib/jedilsp/jedi/api/__init__.py", line 396, in help
    name = KeywordName(self._inference_state, leaf.value)
  File "/usr/local/lib/code-server-4.103.2/lib/vscode/extensions/ms-python.python-2025.12.0/python_files/lib/jedilsp/jedi/inference/names.py", line 103, in __init__
    self.parent_context = inference_state.builtins_module
  File "/usr/local/lib/code-server-4.103.2/lib/vscode/extensions/ms-python.python-2025.12.0/python_files/lib/jedilsp/jedi/inference/cache.py", line 44, in wrapper
    rv = function(obj, *args, **kwargs)
  File "/usr/local/lib/code-server-4.103.2/lib/vscode/extensions/ms-python.python-2025.12.0/python_files/lib/jedilsp/jedi/inference/__init__.py", line 129, in builtins_module
    builtins_module, = self.import_module((module_name,), sys_path=[])
  File "/usr/local/lib/code-server-4.103.2/lib/vscode/extensions/ms-python.python-2025.12.0/python_files/lib/jedilsp/jedi/inference/__init__.py", line 112, in import_module
    return imports.import_module_by_names(
  File "/usr/local/lib/code-server-4.103.2/lib/vscode/extensions/ms-python.python-2025.12.0/python_files/lib/jedilsp/jedi/inference/imports.py", line 376, in import_module_by_names
    value_set = ValueSet.from_sets([
  File "/usr/local/lib/code-server-4.103.2/lib/vscode/extensions/ms-python.python-2025.12.0/python_files/lib/jedilsp/jedi/inference/imports.py", line 377, in <listcomp>
    import_module(
  File "/usr/local/lib/code-server-4.103.2/lib/vscode/extensions/ms-python.python-2025.12.0/python_files/lib/jedilsp/jedi/plugins/__init__.py", line 21, in wrapper
    return built_functions[public_name](*args, **kwargs)
  File "/usr/local/lib/code-server-4.103.2/lib/vscode/extensions/ms-python.python-2025.12.0/python_files/lib/jedilsp/jedi/plugins/flask.py", line 20, in wrapper
    return callback(inference_state, import_names, module_context, *args, **kwargs)
  File "/usr/local/lib/code-server-4.103.2/lib/vscode/extensions/ms-python.python-2025.12.0/python_files/lib/jedilsp/jedi/inference/gradual/typeshed.py", line 115, in wrapper
    python_value_set = ValueSet.from_sets(
  File "/usr/local/lib/code-server-4.103.2/lib/vscode/extensions/ms-python.python-2025.12.0/python_files/lib/jedilsp/jedi/inference/base_value.py", line 430, in from_sets
    for set_ in sets:
  File "/usr/local/lib/code-server-4.103.2/lib/vscode/extensions/ms-python.python-2025.12.0/python_files/lib/jedilsp/jedi/inference/gradual/typeshed.py", line 116, in <genexpr>
    func(inference_state, import_names, p, sys_path,)
  File "/usr/local/lib/code-server-4.103.2/lib/vscode/extensions/ms-python.python-2025.12.0/python_files/lib/jedilsp/jedi/inference/imports.py", line 411, in import_module
    file_io_or_ns, is_pkg = inference_state.compiled_subprocess.get_module_info(
  File "/usr/local/lib/code-server-4.103.2/lib/vscode/extensions/ms-python.python-2025.12.0/python_files/lib/jedilsp/jedi/inference/compiled/subprocess/__init__.py", line 188, in wrapper
    result = self._compiled_subprocess.run(
  File "/usr/local/lib/code-server-4.103.2/lib/vscode/extensions/ms-python.python-2025.12.0/python_files/lib/jedilsp/jedi/inference/compiled/subprocess/__init__.py", line 293, in run
    self._send(delete_id, None)
  File "/usr/local/lib/code-server-4.103.2/lib/vscode/extensions/ms-python.python-2025.12.0/python_files/lib/jedilsp/jedi/inference/compiled/subprocess/__init__.py", line 318, in _send
    is_exception, traceback, result = pickle_load(self._get_process().stdout)
  File "/usr/local/lib/code-server-4.103.2/lib/vscode/extensions/ms-python.python-2025.12.0/python_files/lib/jedilsp/jedi/_compatibility.py", line 25, in pickle_load
    return Unpickler(file).load()
_pickle.UnpicklingError: invalid load key, ' '.

2026-07-25 18:26:59.206 [info] [Error - 6:26:59 PM] Request textDocument/hover failed.
2026-07-25 18:26:59.210 [info]   Message: _pickle.UnpicklingError: invalid load key, ' '.
  Code: -32603 
[object Object]
2026-07-25 18:26:59.980 [info] semantic_tokens_range file:///voc/work/Knowledge_Hands_on/src/pipeline/settings.py 0:0-35:0
2026-07-25 18:26:59.981 [info] ERROR:pygls.protocol.json_rpc:Exception occurred for message "23": _pickle.UnpicklingError: invalid load key, ' '.
NoneType: None

2026-07-25 18:26:59.984 [info] [Error - 6:26:59 PM] Request textDocument/semanticTokens/range failed.
2026-07-25 18:26:59.984 [info]   Message: _pickle.UnpicklingError: invalid load key, ' '.
  Code: -32603 
[object Object]
2026-07-25 18:27:00.728 [info] ERROR:pygls.protocol.json_rpc:Failed to handle request 24 textDocument/hover HoverParams(text_document=TextDocumentIdentifier(uri='file:///voc/work/Knowledge_Hands_on/src/pipeline/settings.py'), position=20:25, work_done_token=None)
Traceback (most recent call last):
  File "/usr/local/lib/code-server-4.103.2/lib/vscode/extensions/ms-python.python-2025.12.0/python_files/lib/jedilsp/pygls/protocol/json_rpc.py", line 266, in _handle_request
    self._execute_request(msg_id, handler, params)
  File "/usr/local/lib/code-server-4.103.2/lib/vscode/extensions/ms-python.python-2025.12.0/python_files/lib/jedilsp/pygls/protocol/json_rpc.py", line 188, in _execute_request
    self._send_response(msg_id, handler(params))
  File "/usr/local/lib/code-server-4.103.2/lib/vscode/extensions/ms-python.python-2025.12.0/python_files/lib/jedilsp/jedi_language_server/notebook_utils.py", line 373, in wrapped
    result = f(notebook_server, notebook_params)
  File "/usr/local/lib/code-server-4.103.2/lib/vscode/extensions/ms-python.python-2025.12.0/python_files/lib/jedilsp/jedi_language_server/server.py", line 487, in hover
    jedi_script.help(*jedi_lines),
  File "/usr/local/lib/code-server-4.103.2/lib/vscode/extensions/ms-python.python-2025.12.0/python_files/lib/jedilsp/jedi/api/helpers.py", line 487, in wrapper
    return func(self, line, column, *args, **kwargs)
  File "/usr/local/lib/code-server-4.103.2/lib/vscode/extensions/ms-python.python-2025.12.0/python_files/lib/jedilsp/jedi/api/__init__.py", line 396, in help
    name = KeywordName(self._inference_state, leaf.value)
  File "/usr/local/lib/code-server-4.103.2/lib/vscode/extensions/ms-python.python-2025.12.0/python_files/lib/jedilsp/jedi/inference/names.py", line 103, in __init__
    self.parent_context = inference_state.builtins_module
  File "/usr/local/lib/code-server-4.103.2/lib/vscode/extensions/ms-python.python-2025.12.0/python_files/lib/jedilsp/jedi/inference/cache.py", line 44, in wrapper
    rv = function(obj, *args, **kwargs)
  File "/usr/local/lib/code-server-4.103.2/lib/vscode/extensions/ms-python.python-2025.12.0/python_files/lib/jedilsp/jedi/inference/__init__.py", line 129, in builtins_module
    builtins_module, = self.import_module((module_name,), sys_path=[])
  File "/usr/local/lib/code-server-4.103.2/lib/vscode/extensions/ms-python.python-2025.12.0/python_files/lib/jedilsp/jedi/inference/__init__.py", line 112, in import_module
    return imports.import_module_by_names(
  File "/usr/local/lib/code-server-4.103.2/lib/vscode/extensions/ms-python.python-2025.12.0/python_files/lib/jedilsp/jedi/inference/imports.py", line 376, in import_module_by_names
    value_set = ValueSet.from_sets([
  File "/usr/local/lib/code-server-4.103.2/lib/vscode/extensions/ms-python.python-2025.12.0/python_files/lib/jedilsp/jedi/inference/imports.py", line 377, in <listcomp>
    import_module(
  File "/usr/local/lib/code-server-4.103.2/lib/vscode/extensions/ms-python.python-2025.12.0/python_files/lib/jedilsp/jedi/plugins/__init__.py", line 21, in wrapper
    return built_functions[public_name](*args, **kwargs)
  File "/usr/local/lib/code-server-4.103.2/lib/vscode/extensions/ms-python.python-2025.12.0/python_files/lib/jedilsp/jedi/plugins/flask.py", line 20, in wrapper
    return callback(inference_state, import_names, module_context, *args, **kwargs)
  File "/usr/local/lib/code-server-4.103.2/lib/vscode/extensions/ms-python.python-2025.12.0/python_files/lib/jedilsp/jedi/inference/gradual/typeshed.py", line 115, in wrapper
    python_value_set = ValueSet.from_sets(
  File "/usr/local/lib/code-server-4.103.2/lib/vscode/extensions/ms-python.python-2025.12.0/python_files/lib/jedilsp/jedi/inference/base_value.py", line 430, in from_sets
    for set_ in sets:
  File "/usr/local/lib/code-server-4.103.2/lib/vscode/extensions/ms-python.python-2025.12.0/python_files/lib/jedilsp/jedi/inference/gradual/typeshed.py", line 116, in <genexpr>
    func(inference_state, import_names, p, sys_path,)
  File "/usr/local/lib/code-server-4.103.2/lib/vscode/extensions/ms-python.python-2025.12.0/python_files/lib/jedilsp/jedi/inference/imports.py", line 411, in import_module
    file_io_or_ns, is_pkg = inference_state.compiled_subprocess.get_module_info(
  File "/usr/local/lib/code-server-4.103.2/lib/vscode/extensions/ms-python.python-2025.12.0/python_files/lib/jedilsp/jedi/inference/compiled/subprocess/__init__.py", line 188, in wrapper
    result = self._compiled_subprocess.run(
  File "/usr/local/lib/code-server-4.103.2/lib/vscode/extensions/ms-python.python-2025.12.0/python_files/lib/jedilsp/jedi/inference/compiled/subprocess/__init__.py", line 296, in run
    return self._send(inference_state_id, function, args, kwargs)
  File "/usr/local/lib/code-server-4.103.2/lib/vscode/extensions/ms-python.python-2025.12.0/python_files/lib/jedilsp/jedi/inference/compiled/subprocess/__init__.py", line 318, in _send
    is_exception, traceback, result = pickle_load(self._get_process().stdout)
  File "/usr/local/lib/code-server-4.103.2/lib/vscode/extensions/ms-python.python-2025.12.0/python_files/lib/jedilsp/jedi/_compatibility.py", line 25, in pickle_load
    return Unpickler(file).load()
_pickle.UnpicklingError: invalid load key, ' '.

2026-07-25 18:27:00.728 [info] [Error - 6:27:00 PM] Request textDocument/hover failed.
2026-07-25 18:27:00.732 [info]   Message: _pickle.UnpicklingError: invalid load key, ' '.
  Code: -32603 
[object Object]
2026-07-25 18:27:01.866 [info] semantic_tokens_range file:///voc/work/Knowledge_Hands_on/src/pipeline/settings.py 0:0-35:0
2026-07-25 18:27:01.868 [info] ERROR:pygls.protocol.json_rpc:Exception occurred for message "25": _pickle.UnpicklingError: invalid load key, ' '.
NoneType: None

2026-07-25 18:27:01.871 [info] [Error - 6:27:01 PM] Request textDocument/semanticTokens/range failed.
2026-07-25 18:27:01.871 [info]   Message: _pickle.UnpicklingError: invalid load key, ' '.
  Code: -32603 
[object Object]
2026-07-25 18:27:02.398 [info] semantic_tokens_range file:///voc/work/Knowledge_Hands_on/src/pipeline/settings.py 0:0-35:0
2026-07-25 18:27:02.464 [info] ERROR:pygls.protocol.json_rpc:Exception occurred for message "26": _pickle.UnpicklingError: invalid load key, ' '.
NoneType: None

2026-07-25 18:27:02.464 [info] [Error - 6:27:02 PM] Request textDocument/semanticTokens/range failed.
2026-07-25 18:27:02.468 [info]   Message: _pickle.UnpicklingError: invalid load key, ' '.
  Code: -32603 
[object Object]
2026-07-25 18:27:04.178 [info] ERROR:pygls.protocol.json_rpc:Failed to handle request 27 textDocument/hover HoverParams(text_document=TextDocumentIdentifier(uri='file:///voc/work/Knowledge_Hands_on/src/pipeline/settings.py'), position=31:24, work_done_token=None)
Traceback (most recent call last):
  File "/usr/local/lib/code-server-4.103.2/lib/vscode/extensions/ms-python.python-2025.12.0/python_files/lib/jedilsp/pygls/protocol/json_rpc.py", line 266, in _handle_request
    self._execute_request(msg_id, handler, params)
  File "/usr/local/lib/code-server-4.103.2/lib/vscode/extensions/ms-python.python-2025.12.0/python_files/lib/jedilsp/pygls/protocol/json_rpc.py", line 188, in _execute_request
    self._send_response(msg_id, handler(params))
  File "/usr/local/lib/code-server-4.103.2/lib/vscode/extensions/ms-python.python-2025.12.0/python_files/lib/jedilsp/jedi_language_server/notebook_utils.py", line 373, in wrapped
    result = f(notebook_server, notebook_params)
  File "/usr/local/lib/code-server-4.103.2/lib/vscode/extensions/ms-python.python-2025.12.0/python_files/lib/jedilsp/jedi_language_server/server.py", line 487, in hover
    jedi_script.help(*jedi_lines),
  File "/usr/local/lib/code-server-4.103.2/lib/vscode/extensions/ms-python.python-2025.12.0/python_files/lib/jedilsp/jedi/api/helpers.py", line 487, in wrapper
    return func(self, line, column, *args, **kwargs)
  File "/usr/local/lib/code-server-4.103.2/lib/vscode/extensions/ms-python.python-2025.12.0/python_files/lib/jedilsp/jedi/api/__init__.py", line 372, in help
    definitions = self.goto(line, column, follow_imports=True)
  File "/usr/local/lib/code-server-4.103.2/lib/vscode/extensions/ms-python.python-2025.12.0/python_files/lib/jedilsp/jedi/api/helpers.py", line 487, in wrapper
    return func(self, line, column, *args, **kwargs)
  File "/usr/local/lib/code-server-4.103.2/lib/vscode/extensions/ms-python.python-2025.12.0/python_files/lib/jedilsp/jedi/api/__init__.py", line 300, in goto
    names = list(name.goto())
  File "/usr/local/lib/code-server-4.103.2/lib/vscode/extensions/ms-python.python-2025.12.0/python_files/lib/jedilsp/jedi/inference/names.py", line 213, in goto
    return context.goto(name, position=stmt.start_pos)
  File "/usr/local/lib/code-server-4.103.2/lib/vscode/extensions/ms-python.python-2025.12.0/python_files/lib/jedilsp/jedi/inference/context.py", line 34, in goto
    names = finder.filter_name(filters, name_or_str)
  File "/usr/local/lib/code-server-4.103.2/lib/vscode/extensions/ms-python.python-2025.12.0/python_files/lib/jedilsp/jedi/inference/finder.py", line 35, in filter_name
    for filter in filters:
  File "/usr/local/lib/code-server-4.103.2/lib/vscode/extensions/ms-python.python-2025.12.0/python_files/lib/jedilsp/jedi/inference/context.py", line 496, in get_global_filters
    b = next(base_context.inference_state.builtins_module.get_filters(), None)
  File "/usr/local/lib/code-server-4.103.2/lib/vscode/extensions/ms-python.python-2025.12.0/python_files/lib/jedilsp/jedi/inference/cache.py", line 44, in wrapper
    rv = function(obj, *args, **kwargs)
  File "/usr/local/lib/code-server-4.103.2/lib/vscode/extensions/ms-python.python-2025.12.0/python_files/lib/jedilsp/jedi/inference/__init__.py", line 129, in builtins_module
    builtins_module, = self.import_module((module_name,), sys_path=[])
  File "/usr/local/lib/code-server-4.103.2/lib/vscode/extensions/ms-python.python-2025.12.0/python_files/lib/jedilsp/jedi/inference/__init__.py", line 112, in import_module
    return imports.import_module_by_names(
  File "/usr/local/lib/code-server-4.103.2/lib/vscode/extensions/ms-python.python-2025.12.0/python_files/lib/jedilsp/jedi/inference/imports.py", line 376, in import_module_by_names
    value_set = ValueSet.from_sets([
  File "/usr/local/lib/code-server-4.103.2/lib/vscode/extensions/ms-python.python-2025.12.0/python_files/lib/jedilsp/jedi/inference/imports.py", line 377, in <listcomp>
    import_module(
  File "/usr/local/lib/code-server-4.103.2/lib/vscode/extensions/ms-python.python-2025.12.0/python_files/lib/jedilsp/jedi/plugins/__init__.py", line 21, in wrapper
    return built_functions[public_name](*args, **kwargs)
  File "/usr/local/lib/code-server-4.103.2/lib/vscode/extensions/ms-python.python-2025.12.0/python_files/lib/jedilsp/jedi/plugins/flask.py", line 20, in wrapper
    return callback(inference_state, import_names, module_context, *args, **kwargs)
  File "/usr/local/lib/code-server-4.103.2/lib/vscode/extensions/ms-python.python-2025.12.0/python_files/lib/jedilsp/jedi/inference/gradual/typeshed.py", line 115, in wrapper
    python_value_set = ValueSet.from_sets(
  File "/usr/local/lib/code-server-4.103.2/lib/vscode/extensions/ms-python.python-2025.12.0/python_files/lib/jedilsp/jedi/inference/base_value.py", line 430, in from_sets
    for set_ in sets:
  File "/usr/local/lib/code-server-4.103.2/lib/vscode/extensions/ms-python.python-2025.12.0/python_files/lib/jedilsp/jedi/inference/gradual/typeshed.py", line 116, in <genexpr>
    func(inference_state, import_names, p, sys_path,)
  File "/usr/local/lib/code-server-4.103.2/lib/vscode/extensions/ms-python.python-2025.12.0/python_files/lib/jedilsp/jedi/inference/imports.py", line 411, in import_module
    file_io_or_ns, is_pkg = inference_state.compiled_subprocess.get_module_info(
  File "/usr/local/lib/code-server-4.103.2/lib/vscode/extensions/ms-python.python-2025.12.0/python_files/lib/jedilsp/jedi/inference/compiled/subprocess/__init__.py", line 188, in wrapper
    result = self._compiled_subprocess.run(
  File "/usr/local/lib/code-server-4.103.2/lib/vscode/extensions/ms-python.python-2025.12.0/python_files/lib/jedilsp/jedi/inference/compiled/subprocess/__init__.py", line 293, in run
    self._send(delete_id, None)
  File "/usr/local/lib/code-server-4.103.2/lib/vscode/extensions/ms-python.python-2025.12.0/python_files/lib/jedilsp/jedi/inference/compiled/subprocess/__init__.py", line 318, in _send
    is_exception, traceback, result = pickle_load(self._get_process().stdout)
  File "/usr/local/lib/code-server-4.103.2/lib/vscode/extensions/ms-python.python-2025.12.0/python_files/lib/jedilsp/jedi/_compatibility.py", line 25, in pickle_load
    return Unpickler(file).load()
_pickle.UnpicklingError: invalid load key, ' '.

2026-07-25 18:27:04.179 [info] [Error - 6:27:04 PM] Request textDocument/hover failed.
2026-07-25 18:27:04.182 [info]   Message: _pickle.UnpicklingError: invalid load key, ' '.
  Code: -32603 
[object Object]
2026-07-25 18:27:11.783 [info] semantic_tokens_range file:///voc/work/Knowledge_Hands_on/src/pipeline/settings.py 0:0-35:0
2026-07-25 18:27:11.785 [info] ERROR:pygls.protocol.json_rpc:Exception occurred for message "28": _pickle.UnpicklingError: invalid load key, ' '.
NoneType: None

2026-07-25 18:27:11.787 [info] [Error - 6:27:11 PM] Request textDocument/semanticTokens/range failed.
2026-07-25 18:27:11.787 [info]   Message: _pickle.UnpicklingError: invalid load key, ' '.
  Code: -32603 
[object Object]
2026-07-25 18:27:11.858 [info] semantic_tokens_full file:///voc/work/Knowledge_Hands_on/src/pipeline/__init__.py 
2026-07-25 18:27:13.532 [info] semantic_tokens_range file:///voc/work/Knowledge_Hands_on/src/pipeline/settings.py 0:0-35:0
2026-07-25 18:27:13.533 [info] ERROR:pygls.protocol.json_rpc:Exception occurred for message "32": _pickle.UnpicklingError: invalid load key, ' '.
NoneType: None

2026-07-25 18:27:13.535 [info] [Error - 6:27:13 PM] Request textDocument/semanticTokens/range failed.
2026-07-25 18:27:13.535 [info]   Message: _pickle.UnpicklingError: invalid load key, ' '.
  Code: -32603 
[object Object]
2026-07-25 18:27:15.113 [info] semantic_tokens_full file:///voc/work/Knowledge_Hands_on/src/pipeline/__init__.py 
2026-07-25 18:27:19.058 [info] ERROR:pygls.protocol.json_rpc:Failed to handle request 37 textDocument/documentSymbol DocumentSymbolParams(text_document=TextDocumentIdentifier(uri='file:///voc/work/Knowledge_Hands_on/src/pipeline/fake_llm.py'), work_done_token=None, partial_result_token=None)
Traceback (most recent call last):
  File "/usr/local/lib/code-server-4.103.2/lib/vscode/extensions/ms-python.python-2025.12.0/python_files/lib/jedilsp/pygls/protocol/json_rpc.py", line 266, in _handle_request
    self._execute_request(msg_id, handler, params)
  File "/usr/local/lib/code-server-4.103.2/lib/vscode/extensions/ms-python.python-2025.12.0/python_files/lib/jedilsp/pygls/protocol/json_rpc.py", line 188, in _execute_request
    self._send_response(msg_id, handler(params))
  File "/usr/local/lib/code-server-4.103.2/lib/vscode/extensions/ms-python.python-2025.12.0/python_files/lib/jedilsp/jedi_language_server/server.py", line 546, in document_symbol
    document_symbols = jedi_utils.lsp_document_symbols(names)
  File "/usr/local/lib/code-server-4.103.2/lib/vscode/extensions/ms-python.python-2025.12.0/python_files/lib/jedilsp/jedi_language_server/jedi_utils.py", line 225, in lsp_document_symbols
    symbol_range = _document_symbol_range(name)
  File "/usr/local/lib/code-server-4.103.2/lib/vscode/extensions/ms-python.python-2025.12.0/python_files/lib/jedilsp/jedi_language_server/jedi_utils.py", line 204, in _document_symbol_range
    end = name.get_definition_end_position()
  File "/usr/local/lib/code-server-4.103.2/lib/vscode/extensions/ms-python.python-2025.12.0/python_files/lib/jedilsp/jedi/api/classes.py", line 260, in get_definition_end_position
    if self.type in ("function", "class"):
  File "/usr/local/lib/code-server-4.103.2/lib/vscode/extensions/ms-python.python-2025.12.0/python_files/lib/jedilsp/jedi/api/classes.py", line 190, in type
    for value in self._name.infer():
  File "/usr/local/lib/code-server-4.103.2/lib/vscode/extensions/ms-python.python-2025.12.0/python_files/lib/jedilsp/jedi/inference/names.py", line 281, in infer
    return tree_name_to_values(
  File "/usr/local/lib/code-server-4.103.2/lib/vscode/extensions/ms-python.python-2025.12.0/python_files/lib/jedilsp/jedi/plugins/__init__.py", line 21, in wrapper
    return built_functions[public_name](*args, **kwargs)
  File "/usr/local/lib/code-server-4.103.2/lib/vscode/extensions/ms-python.python-2025.12.0/python_files/lib/jedilsp/jedi/plugins/stdlib.py", line 878, in wrapper
    return func(inference_state, context, tree_name)
  File "/usr/local/lib/code-server-4.103.2/lib/vscode/extensions/ms-python.python-2025.12.0/python_files/lib/jedilsp/jedi/plugins/django.py", line 177, in wrapper
    result = func(inference_state, context, tree_name)
  File "/usr/local/lib/code-server-4.103.2/lib/vscode/extensions/ms-python.python-2025.12.0/python_files/lib/jedilsp/jedi/inference/syntax_tree.py", line 771, in tree_name_to_values
    types = imports.infer_import(context, tree_name)
  File "/usr/local/lib/code-server-4.103.2/lib/vscode/extensions/ms-python.python-2025.12.0/python_files/lib/jedilsp/jedi/inference/cache.py", line 44, in wrapper
    rv = function(obj, *args, **kwargs)
  File "/usr/local/lib/code-server-4.103.2/lib/vscode/extensions/ms-python.python-2025.12.0/python_files/lib/jedilsp/jedi/inference/imports.py", line 53, in infer_import
    _prepare_infer_import(module_context, tree_name)
  File "/usr/local/lib/code-server-4.103.2/lib/vscode/extensions/ms-python.python-2025.12.0/python_files/lib/jedilsp/jedi/inference/imports.py", line 116, in _prepare_infer_import
    return from_import_name, tuple(import_path), import_node.level, importer.follow()
  File "/usr/local/lib/code-server-4.103.2/lib/vscode/extensions/ms-python.python-2025.12.0/python_files/lib/jedilsp/jedi/inference/imports.py", line 296, in follow
    return import_module_by_names(
  File "/usr/local/lib/code-server-4.103.2/lib/vscode/extensions/ms-python.python-2025.12.0/python_files/lib/jedilsp/jedi/inference/imports.py", line 376, in import_module_by_names
    value_set = ValueSet.from_sets([
  File "/usr/local/lib/code-server-4.103.2/lib/vscode/extensions/ms-python.python-2025.12.0/python_files/lib/jedilsp/jedi/inference/imports.py", line 377, in <listcomp>
    import_module(
  File "/usr/local/lib/code-server-4.103.2/lib/vscode/extensions/ms-python.python-2025.12.0/python_files/lib/jedilsp/jedi/plugins/__init__.py", line 21, in wrapper
    return built_functions[public_name](*args, **kwargs)
  File "/usr/local/lib/code-server-4.103.2/lib/vscode/extensions/ms-python.python-2025.12.0/python_files/lib/jedilsp/jedi/plugins/flask.py", line 20, in wrapper
    return callback(inference_state, import_names, module_context, *args, **kwargs)
  File "/usr/local/lib/code-server-4.103.2/lib/vscode/extensions/ms-python.python-2025.12.0/python_files/lib/jedilsp/jedi/inference/gradual/typeshed.py", line 115, in wrapper
    python_value_set = ValueSet.from_sets(
  File "/usr/local/lib/code-server-4.103.2/lib/vscode/extensions/ms-python.python-2025.12.0/python_files/lib/jedilsp/jedi/inference/base_value.py", line 430, in from_sets
    for set_ in sets:
  File "/usr/local/lib/code-server-4.103.2/lib/vscode/extensions/ms-python.python-2025.12.0/python_files/lib/jedilsp/jedi/inference/gradual/typeshed.py", line 116, in <genexpr>
    func(inference_state, import_names, p, sys_path,)
  File "/usr/local/lib/code-server-4.103.2/lib/vscode/extensions/ms-python.python-2025.12.0/python_files/lib/jedilsp/jedi/inference/imports.py", line 411, in import_module
    file_io_or_ns, is_pkg = inference_state.compiled_subprocess.get_module_info(
  File "/usr/local/lib/code-server-4.103.2/lib/vscode/extensions/ms-python.python-2025.12.0/python_files/lib/jedilsp/jedi/inference/compiled/subprocess/__init__.py", line 188, in wrapper
    result = self._compiled_subprocess.run(
  File "/usr/local/lib/code-server-4.103.2/lib/vscode/extensions/ms-python.python-2025.12.0/python_files/lib/jedilsp/jedi/inference/compiled/subprocess/__init__.py", line 293, in run
    self._send(delete_id, None)
  File "/usr/local/lib/code-server-4.103.2/lib/vscode/extensions/ms-python.python-2025.12.0/python_files/lib/jedilsp/jedi/inference/compiled/subprocess/__init__.py", line 318, in _send
    is_exception, traceback, result = pickle_load(self._get_process().stdout)
  File "/usr/local/lib/code-server-4.103.2/lib/vscode/extensions/ms-python.python-2025.12.0/python_files/lib/jedilsp/jedi/_compatibility.py", line 25, in pickle_load
    return Unpickler(file).load()
_pickle.UnpicklingError: invalid load key, ' '.

2026-07-25 18:27:19.058 [info] [Error - 6:27:19 PM] Request textDocument/documentSymbol failed.
2026-07-25 18:27:19.062 [info]   Message: _pickle.UnpicklingError: invalid load key, ' '.
  Code: -32603 
[object Object]
2026-07-25 18:27:19.062 [info] ERROR:pygls.protocol.json_rpc:Exception occurred for message "38": _pickle.UnpicklingError: invalid load key, ' '.
NoneType: None

2026-07-25 18:27:19.062 [info] semantic_tokens_full file:///voc/work/Knowledge_Hands_on/src/pipeline/fake_llm.py 
2026-07-25 18:27:19.062 [info] [Error - 6:27:19 PM] Request textDocument/semanticTokens/full failed.
2026-07-25 18:27:19.062 [info]   Message: _pickle.UnpicklingError: invalid load key, ' '.
  Code: -32603 
[object Object]
2026-07-25 18:27:19.289 [info] ERROR:pygls.protocol.json_rpc:Failed to handle request 39 textDocument/documentSymbol DocumentSymbolParams(text_document=TextDocumentIdentifier(uri='file:///voc/work/Knowledge_Hands_on/src/pipeline/fake_llm.py'), work_done_token=None, partial_result_token=None)
Traceback (most recent call last):
  File "/usr/local/lib/code-server-4.103.2/lib/vscode/extensions/ms-python.python-2025.12.0/python_files/lib/jedilsp/pygls/protocol/json_rpc.py", line 266, in _handle_request
    self._execute_request(msg_id, handler, params)
  File "/usr/local/lib/code-server-4.103.2/lib/vscode/extensions/ms-python.python-2025.12.0/python_files/lib/jedilsp/pygls/protocol/json_rpc.py", line 188, in _execute_request
    self._send_response(msg_id, handler(params))
  File "/usr/local/lib/code-server-4.103.2/lib/vscode/extensions/ms-python.python-2025.12.0/python_files/lib/jedilsp/jedi_language_server/server.py", line 546, in document_symbol
    document_symbols = jedi_utils.lsp_document_symbols(names)
  File "/usr/local/lib/code-server-4.103.2/lib/vscode/extensions/ms-python.python-2025.12.0/python_files/lib/jedilsp/jedi_language_server/jedi_utils.py", line 225, in lsp_document_symbols
    symbol_range = _document_symbol_range(name)
  File "/usr/local/lib/code-server-4.103.2/lib/vscode/extensions/ms-python.python-2025.12.0/python_files/lib/jedilsp/jedi_language_server/jedi_utils.py", line 204, in _document_symbol_range
    end = name.get_definition_end_position()
  File "/usr/local/lib/code-server-4.103.2/lib/vscode/extensions/ms-python.python-2025.12.0/python_files/lib/jedilsp/jedi/api/classes.py", line 260, in get_definition_end_position
    if self.type in ("function", "class"):
  File "/usr/local/lib/code-server-4.103.2/lib/vscode/extensions/ms-python.python-2025.12.0/python_files/lib/jedilsp/jedi/api/classes.py", line 190, in type
    for value in self._name.infer():
  File "/usr/local/lib/code-server-4.103.2/lib/vscode/extensions/ms-python.python-2025.12.0/python_files/lib/jedilsp/jedi/inference/names.py", line 281, in infer
    return tree_name_to_values(
  File "/usr/local/lib/code-server-4.103.2/lib/vscode/extensions/ms-python.python-2025.12.0/python_files/lib/jedilsp/jedi/plugins/__init__.py", line 21, in wrapper
    return built_functions[public_name](*args, **kwargs)
  File "/usr/local/lib/code-server-4.103.2/lib/vscode/extensions/ms-python.python-2025.12.0/python_files/lib/jedilsp/jedi/plugins/stdlib.py", line 878, in wrapper
    return func(inference_state, context, tree_name)
  File "/usr/local/lib/code-server-4.103.2/lib/vscode/extensions/ms-python.python-2025.12.0/python_files/lib/jedilsp/jedi/plugins/django.py", line 177, in wrapper
    result = func(inference_state, context, tree_name)
  File "/usr/local/lib/code-server-4.103.2/lib/vscode/extensions/ms-python.python-2025.12.0/python_files/lib/jedilsp/jedi/inference/syntax_tree.py", line 771, in tree_name_to_values
    types = imports.infer_import(context, tree_name)
  File "/usr/local/lib/code-server-4.103.2/lib/vscode/extensions/ms-python.python-2025.12.0/python_files/lib/jedilsp/jedi/inference/cache.py", line 44, in wrapper
    rv = function(obj, *args, **kwargs)
  File "/usr/local/lib/code-server-4.103.2/lib/vscode/extensions/ms-python.python-2025.12.0/python_files/lib/jedilsp/jedi/inference/imports.py", line 53, in infer_import
    _prepare_infer_import(module_context, tree_name)
  File "/usr/local/lib/code-server-4.103.2/lib/vscode/extensions/ms-python.python-2025.12.0/python_files/lib/jedilsp/jedi/inference/imports.py", line 116, in _prepare_infer_import
    return from_import_name, tuple(import_path), import_node.level, importer.follow()
  File "/usr/local/lib/code-server-4.103.2/lib/vscode/extensions/ms-python.python-2025.12.0/python_files/lib/jedilsp/jedi/inference/imports.py", line 296, in follow
    return import_module_by_names(
  File "/usr/local/lib/code-server-4.103.2/lib/vscode/extensions/ms-python.python-2025.12.0/python_files/lib/jedilsp/jedi/inference/imports.py", line 376, in import_module_by_names
    value_set = ValueSet.from_sets([
  File "/usr/local/lib/code-server-4.103.2/lib/vscode/extensions/ms-python.python-2025.12.0/python_files/lib/jedilsp/jedi/inference/imports.py", line 377, in <listcomp>
    import_module(
  File "/usr/local/lib/code-server-4.103.2/lib/vscode/extensions/ms-python.python-2025.12.0/python_files/lib/jedilsp/jedi/plugins/__init__.py", line 21, in wrapper
    return built_functions[public_name](*args, **kwargs)
  File "/usr/local/lib/code-server-4.103.2/lib/vscode/extensions/ms-python.python-2025.12.0/python_files/lib/jedilsp/jedi/plugins/flask.py", line 20, in wrapper
    return callback(inference_state, import_names, module_context, *args, **kwargs)
  File "/usr/local/lib/code-server-4.103.2/lib/vscode/extensions/ms-python.python-2025.12.0/python_files/lib/jedilsp/jedi/inference/gradual/typeshed.py", line 115, in wrapper
    python_value_set = ValueSet.from_sets(
  File "/usr/local/lib/code-server-4.103.2/lib/vscode/extensions/ms-python.python-2025.12.0/python_files/lib/jedilsp/jedi/inference/base_value.py", line 430, in from_sets
    for set_ in sets:
  File "/usr/local/lib/code-server-4.103.2/lib/vscode/extensions/ms-python.python-2025.12.0/python_files/lib/jedilsp/jedi/inference/gradual/typeshed.py", line 116, in <genexpr>
    func(inference_state, import_names, p, sys_path,)
  File "/usr/local/lib/code-server-4.103.2/lib/vscode/extensions/ms-python.python-2025.12.0/python_files/lib/jedilsp/jedi/inference/imports.py", line 411, in import_module
    file_io_or_ns, is_pkg = inference_state.compiled_subprocess.get_module_info(
  File "/usr/local/lib/code-server-4.103.2/lib/vscode/extensions/ms-python.python-2025.12.0/python_files/lib/jedilsp/jedi/inference/compiled/subprocess/__init__.py", line 188, in wrapper
    result = self._compiled_subprocess.run(
  File "/usr/local/lib/code-server-4.103.2/lib/vscode/extensions/ms-python.python-2025.12.0/python_files/lib/jedilsp/jedi/inference/compiled/subprocess/__init__.py", line 293, in run
    self._send(delete_id, None)
  File "/usr/local/lib/code-server-4.103.2/lib/vscode/extensions/ms-python.python-2025.12.0/python_files/lib/jedilsp/jedi/inference/compiled/subprocess/__init__.py", line 318, in _send
    is_exception, traceback, result = pickle_load(self._get_process().stdout)
  File "/usr/local/lib/code-server-4.103.2/lib/vscode/extensions/ms-python.python-2025.12.0/python_files/lib/jedilsp/jedi/_compatibility.py", line 25, in pickle_load
    return Unpickler(file).load()
_pickle.UnpicklingError: invalid load key, ' '.

2026-07-25 18:27:19.290 [info] [Error - 6:27:19 PM] Request textDocument/documentSymbol failed.
2026-07-25 18:27:19.308 [info]   Message: _pickle.UnpicklingError: invalid load key, ' '.
  Code: -32603 
[object Object]
2026-07-25 18:27:19.360 [info] semantic_tokens_range file:///voc/work/Knowledge_Hands_on/src/pipeline/fake_llm.py 0:0-40:0
2026-07-25 18:27:19.363 [info] ERROR:pygls.protocol.json_rpc:Exception occurred for message "40": _pickle.UnpicklingError: invalid load key, ' '.
NoneType: None

2026-07-25 18:27:19.368 [info] [Error - 6:27:19 PM] Request textDocument/semanticTokens/range failed.
2026-07-25 18:27:19.368 [info]   Message: _pickle.UnpicklingError: invalid load key, ' '.
  Code: -32603 
[object Object]
2026-07-25 18:27:23.927 [info] semantic_tokens_range file:///voc/work/Knowledge_Hands_on/src/pipeline/fake_llm.py 0:0-48:85
2026-07-25 18:27:23.930 [info] ERROR:pygls.protocol.json_rpc:Exception occurred for message "42": _pickle.UnpicklingError: invalid load key, ' '.
NoneType: None

2026-07-25 18:27:23.936 [info] [Error - 6:27:23 PM] Request textDocument/semanticTokens/range failed.
2026-07-25 18:27:23.936 [info]   Message: _pickle.UnpicklingError: invalid load key, ' '.
  Code: -32603 
[object Object]
2026-07-25 18:27:25.827 [info] semantic_tokens_range file:///voc/work/Knowledge_Hands_on/src/pipeline/fake_llm.py 53:0-114:6
2026-07-25 18:27:29.591 [info] semantic_tokens_range file:///voc/work/Knowledge_Hands_on/src/pipeline/fake_llm.py 0:0-40:0
2026-07-25 18:27:29.593 [info] ERROR:pygls.protocol.json_rpc:Exception occurred for message "45": _pickle.UnpicklingError: invalid load key, ' '.
NoneType: None

2026-07-25 18:27:29.600 [info] [Error - 6:27:29 PM] Request textDocument/semanticTokens/range failed.
2026-07-25 18:27:29.600 [info]   Message: _pickle.UnpicklingError: invalid load key, ' '.
  Code: -32603 
[object Object]
2026-07-25 18:27:31.178 [info] semantic_tokens_range file:///voc/work/Knowledge_Hands_on/src/pipeline/fake_llm.py 0:0-48:85
2026-07-25 18:27:31.181 [info] ERROR:pygls.protocol.json_rpc:Exception occurred for message "46": _pickle.UnpicklingError: invalid load key, ' '.
NoneType: None

2026-07-25 18:27:31.187 [info] [Error - 6:27:31 PM] Request textDocument/semanticTokens/range failed.
2026-07-25 18:27:31.187 [info]   Message: _pickle.UnpicklingError: invalid load key, ' '.
  Code: -32603 
[object Object]
2026-07-25 18:27:31.642 [info] semantic_tokens_range file:///voc/work/Knowledge_Hands_on/src/pipeline/fake_llm.py 0:0-53:6
2026-07-25 18:27:31.645 [info] ERROR:pygls.protocol.json_rpc:Exception occurred for message "47": _pickle.UnpicklingError: invalid load key, ' '.
NoneType: None

2026-07-25 18:27:31.650 [info] [Error - 6:27:31 PM] Request textDocument/semanticTokens/range failed.
2026-07-25 18:27:31.650 [info]   Message: _pickle.UnpicklingError: invalid load key, ' '.
  Code: -32603 
[object Object]
2026-07-25 18:27:32.570 [info] semantic_tokens_range file:///voc/work/Knowledge_Hands_on/src/pipeline/fake_llm.py 6:0-66:6
2026-07-25 18:27:32.572 [info] ERROR:pygls.protocol.json_rpc:Exception occurred for message "48": _pickle.UnpicklingError: invalid load key, ' '.
NoneType: None

2026-07-25 18:27:32.578 [info] [Error - 6:27:32 PM] Request textDocument/semanticTokens/range failed.
2026-07-25 18:27:32.578 [info]   Message: _pickle.UnpicklingError: invalid load key, ' '.
  Code: -32603 
[object Object]
2026-07-25 18:27:33.471 [info] ERROR:pygls.protocol.json_rpc:Failed to handle request 49 textDocument/hover HoverParams(text_document=TextDocumentIdentifier(uri='file:///voc/work/Knowledge_Hands_on/src/pipeline/fake_llm.py'), position=31:5, work_done_token=None)
Traceback (most recent call last):
  File "/usr/local/lib/code-server-4.103.2/lib/vscode/extensions/ms-python.python-2025.12.0/python_files/lib/jedilsp/jedi/inference/cache.py", line 110, in wrapper
    next_element = cached_lst[i]
IndexError: list index out of range

During handling of the above exception, another exception occurred:

Traceback (most recent call last):
  File "/usr/local/lib/code-server-4.103.2/lib/vscode/extensions/ms-python.python-2025.12.0/python_files/lib/jedilsp/pygls/protocol/json_rpc.py", line 266, in _handle_request
    self._execute_request(msg_id, handler, params)
  File "/usr/local/lib/code-server-4.103.2/lib/vscode/extensions/ms-python.python-2025.12.0/python_files/lib/jedilsp/pygls/protocol/json_rpc.py", line 188, in _execute_request
    self._send_response(msg_id, handler(params))
  File "/usr/local/lib/code-server-4.103.2/lib/vscode/extensions/ms-python.python-2025.12.0/python_files/lib/jedilsp/jedi_language_server/notebook_utils.py", line 373, in wrapped
    result = f(notebook_server, notebook_params)
  File "/usr/local/lib/code-server-4.103.2/lib/vscode/extensions/ms-python.python-2025.12.0/python_files/lib/jedilsp/jedi_language_server/server.py", line 487, in hover
    jedi_script.help(*jedi_lines),
  File "/usr/local/lib/code-server-4.103.2/lib/vscode/extensions/ms-python.python-2025.12.0/python_files/lib/jedilsp/jedi/api/helpers.py", line 487, in wrapper
    return func(self, line, column, *args, **kwargs)
  File "/usr/local/lib/code-server-4.103.2/lib/vscode/extensions/ms-python.python-2025.12.0/python_files/lib/jedilsp/jedi/api/__init__.py", line 372, in help
    definitions = self.goto(line, column, follow_imports=True)
  File "/usr/local/lib/code-server-4.103.2/lib/vscode/extensions/ms-python.python-2025.12.0/python_files/lib/jedilsp/jedi/api/helpers.py", line 487, in wrapper
    return func(self, line, column, *args, **kwargs)
  File "/usr/local/lib/code-server-4.103.2/lib/vscode/extensions/ms-python.python-2025.12.0/python_files/lib/jedilsp/jedi/api/__init__.py", line 294, in goto
    for cls in mro:
  File "/usr/local/lib/code-server-4.103.2/lib/vscode/extensions/ms-python.python-2025.12.0/python_files/lib/jedilsp/jedi/inference/cache.py", line 117, in wrapper
    next_element = next(actual_generator, None)
  File "/usr/local/lib/code-server-4.103.2/lib/vscode/extensions/ms-python.python-2025.12.0/python_files/lib/jedilsp/jedi/inference/value/klass.py", line 166, in py__mro__
    for cls in lazy_cls.infer():
  File "/usr/local/lib/code-server-4.103.2/lib/vscode/extensions/ms-python.python-2025.12.0/python_files/lib/jedilsp/jedi/inference/lazy_value.py", line 48, in infer
    return self.context.infer_node(self.data)
  File "/usr/local/lib/code-server-4.103.2/lib/vscode/extensions/ms-python.python-2025.12.0/python_files/lib/jedilsp/jedi/inference/context.py", line 224, in infer_node
    return infer_node(self, node)
  File "/usr/local/lib/code-server-4.103.2/lib/vscode/extensions/ms-python.python-2025.12.0/python_files/lib/jedilsp/jedi/inference/syntax_tree.py", line 157, in infer_node
    return _infer_node_if_inferred(context, element)
  File "/usr/local/lib/code-server-4.103.2/lib/vscode/extensions/ms-python.python-2025.12.0/python_files/lib/jedilsp/jedi/inference/syntax_tree.py", line 170, in _infer_node_if_inferred
    return _infer_node_cached(context, element)
  File "/usr/local/lib/code-server-4.103.2/lib/vscode/extensions/ms-python.python-2025.12.0/python_files/lib/jedilsp/jedi/inference/cache.py", line 44, in wrapper
    rv = function(obj, *args, **kwargs)
  File "/usr/local/lib/code-server-4.103.2/lib/vscode/extensions/ms-python.python-2025.12.0/python_files/lib/jedilsp/jedi/inference/syntax_tree.py", line 175, in _infer_node_cached
    return _infer_node(context, element)
  File "/usr/local/lib/code-server-4.103.2/lib/vscode/extensions/ms-python.python-2025.12.0/python_files/lib/jedilsp/jedi/debug.py", line 81, in wrapper
    return func(*args, **kwargs)
  File "/usr/local/lib/code-server-4.103.2/lib/vscode/extensions/ms-python.python-2025.12.0/python_files/lib/jedilsp/jedi/inference/syntax_tree.py", line 83, in wrapper
    return func(context, *args, **kwargs)
  File "/usr/local/lib/code-server-4.103.2/lib/vscode/extensions/ms-python.python-2025.12.0/python_files/lib/jedilsp/jedi/inference/syntax_tree.py", line 185, in _infer_node
    return infer_atom(context, element)
  File "/usr/local/lib/code-server-4.103.2/lib/vscode/extensions/ms-python.python-2025.12.0/python_files/lib/jedilsp/jedi/inference/syntax_tree.py", line 305, in infer_atom
    return context.py__getattribute__(atom, position=position)
  File "/usr/local/lib/code-server-4.103.2/lib/vscode/extensions/ms-python.python-2025.12.0/python_files/lib/jedilsp/jedi/inference/context.py", line 77, in py__getattribute__
    values = ValueSet.from_sets(name.infer() for name in names)
  File "/usr/local/lib/code-server-4.103.2/lib/vscode/extensions/ms-python.python-2025.12.0/python_files/lib/jedilsp/jedi/inference/base_value.py", line 430, in from_sets
    for set_ in sets:
  File "/usr/local/lib/code-server-4.103.2/lib/vscode/extensions/ms-python.python-2025.12.0/python_files/lib/jedilsp/jedi/inference/context.py", line 77, in <genexpr>
    values = ValueSet.from_sets(name.infer() for name in names)
  File "/usr/local/lib/code-server-4.103.2/lib/vscode/extensions/ms-python.python-2025.12.0/python_files/lib/jedilsp/jedi/inference/names.py", line 281, in infer
    return tree_name_to_values(
  File "/usr/local/lib/code-server-4.103.2/lib/vscode/extensions/ms-python.python-2025.12.0/python_files/lib/jedilsp/jedi/plugins/__init__.py", line 21, in wrapper
    return built_functions[public_name](*args, **kwargs)
  File "/usr/local/lib/code-server-4.103.2/lib/vscode/extensions/ms-python.python-2025.12.0/python_files/lib/jedilsp/jedi/plugins/stdlib.py", line 878, in wrapper
    return func(inference_state, context, tree_name)
  File "/usr/local/lib/code-server-4.103.2/lib/vscode/extensions/ms-python.python-2025.12.0/python_files/lib/jedilsp/jedi/plugins/django.py", line 177, in wrapper
    result = func(inference_state, context, tree_name)
  File "/usr/local/lib/code-server-4.103.2/lib/vscode/extensions/ms-python.python-2025.12.0/python_files/lib/jedilsp/jedi/inference/syntax_tree.py", line 771, in tree_name_to_values
    types = imports.infer_import(context, tree_name)
  File "/usr/local/lib/code-server-4.103.2/lib/vscode/extensions/ms-python.python-2025.12.0/python_files/lib/jedilsp/jedi/inference/cache.py", line 44, in wrapper
    rv = function(obj, *args, **kwargs)
  File "/usr/local/lib/code-server-4.103.2/lib/vscode/extensions/ms-python.python-2025.12.0/python_files/lib/jedilsp/jedi/inference/imports.py", line 53, in infer_import
    _prepare_infer_import(module_context, tree_name)
  File "/usr/local/lib/code-server-4.103.2/lib/vscode/extensions/ms-python.python-2025.12.0/python_files/lib/jedilsp/jedi/inference/imports.py", line 116, in _prepare_infer_import
    return from_import_name, tuple(import_path), import_node.level, importer.follow()
  File "/usr/local/lib/code-server-4.103.2/lib/vscode/extensions/ms-python.python-2025.12.0/python_files/lib/jedilsp/jedi/inference/imports.py", line 296, in follow
    return import_module_by_names(
  File "/usr/local/lib/code-server-4.103.2/lib/vscode/extensions/ms-python.python-2025.12.0/python_files/lib/jedilsp/jedi/inference/imports.py", line 376, in import_module_by_names
    value_set = ValueSet.from_sets([
  File "/usr/local/lib/code-server-4.103.2/lib/vscode/extensions/ms-python.python-2025.12.0/python_files/lib/jedilsp/jedi/inference/imports.py", line 377, in <listcomp>
    import_module(
  File "/usr/local/lib/code-server-4.103.2/lib/vscode/extensions/ms-python.python-2025.12.0/python_files/lib/jedilsp/jedi/plugins/__init__.py", line 21, in wrapper
    return built_functions[public_name](*args, **kwargs)
  File "/usr/local/lib/code-server-4.103.2/lib/vscode/extensions/ms-python.python-2025.12.0/python_files/lib/jedilsp/jedi/plugins/flask.py", line 20, in wrapper
    return callback(inference_state, import_names, module_context, *args, **kwargs)
  File "/usr/local/lib/code-server-4.103.2/lib/vscode/extensions/ms-python.python-2025.12.0/python_files/lib/jedilsp/jedi/inference/gradual/typeshed.py", line 115, in wrapper
    python_value_set = ValueSet.from_sets(
  File "/usr/local/lib/code-server-4.103.2/lib/vscode/extensions/ms-python.python-2025.12.0/python_files/lib/jedilsp/jedi/inference/base_value.py", line 430, in from_sets
    for set_ in sets:
  File "/usr/local/lib/code-server-4.103.2/lib/vscode/extensions/ms-python.python-2025.12.0/python_files/lib/jedilsp/jedi/inference/gradual/typeshed.py", line 116, in <genexpr>
    func(inference_state, import_names, p, sys_path,)
  File "/usr/local/lib/code-server-4.103.2/lib/vscode/extensions/ms-python.python-2025.12.0/python_files/lib/jedilsp/jedi/inference/imports.py", line 411, in import_module
    file_io_or_ns, is_pkg = inference_state.compiled_subprocess.get_module_info(
  File "/usr/local/lib/code-server-4.103.2/lib/vscode/extensions/ms-python.python-2025.12.0/python_files/lib/jedilsp/jedi/inference/compiled/subprocess/__init__.py", line 188, in wrapper
    result = self._compiled_subprocess.run(
  File "/usr/local/lib/code-server-4.103.2/lib/vscode/extensions/ms-python.python-2025.12.0/python_files/lib/jedilsp/jedi/inference/compiled/subprocess/__init__.py", line 293, in run
    self._send(delete_id, None)
  File "/usr/local/lib/code-server-4.103.2/lib/vscode/extensions/ms-python.python-2025.12.0/python_files/lib/jedilsp/jedi/inference/compiled/subprocess/__init__.py", line 318, in _send
    is_exception, traceback, result = pickle_load(self._get_process().stdout)
  File "/usr/local/lib/code-server-4.103.2/lib/vscode/extensions/ms-python.python-2025.12.0/python_files/lib/jedilsp/jedi/_compatibility.py", line 25, in pickle_load
    return Unpickler(file).load()
_pickle.UnpicklingError: invalid load key, ' '.

2026-07-25 18:27:33.472 [info] [Error - 6:27:33 PM] Request textDocument/hover failed.
2026-07-25 18:27:33.480 [info]   Message: _pickle.UnpicklingError: invalid load key, ' '.
  Code: -32603 
[object Object]
2026-07-25 18:27:33.863 [info] ERROR:pygls.protocol.json_rpc:Failed to handle request 50 textDocument/hover HoverParams(text_document=TextDocumentIdentifier(uri='file:///voc/work/Knowledge_Hands_on/src/pipeline/fake_llm.py'), position=31:4, work_done_token=None)
Traceback (most recent call last):
  File "/usr/local/lib/code-server-4.103.2/lib/vscode/extensions/ms-python.python-2025.12.0/python_files/lib/jedilsp/jedi/inference/cache.py", line 110, in wrapper
    next_element = cached_lst[i]
IndexError: list index out of range

During handling of the above exception, another exception occurred:

Traceback (most recent call last):
  File "/usr/local/lib/code-server-4.103.2/lib/vscode/extensions/ms-python.python-2025.12.0/python_files/lib/jedilsp/pygls/protocol/json_rpc.py", line 266, in _handle_request
    self._execute_request(msg_id, handler, params)
  File "/usr/local/lib/code-server-4.103.2/lib/vscode/extensions/ms-python.python-2025.12.0/python_files/lib/jedilsp/pygls/protocol/json_rpc.py", line 188, in _execute_request
    self._send_response(msg_id, handler(params))
  File "/usr/local/lib/code-server-4.103.2/lib/vscode/extensions/ms-python.python-2025.12.0/python_files/lib/jedilsp/jedi_language_server/notebook_utils.py", line 373, in wrapped
    result = f(notebook_server, notebook_params)
  File "/usr/local/lib/code-server-4.103.2/lib/vscode/extensions/ms-python.python-2025.12.0/python_files/lib/jedilsp/jedi_language_server/server.py", line 487, in hover
    jedi_script.help(*jedi_lines),
  File "/usr/local/lib/code-server-4.103.2/lib/vscode/extensions/ms-python.python-2025.12.0/python_files/lib/jedilsp/jedi/api/helpers.py", line 487, in wrapper
    return func(self, line, column, *args, **kwargs)
  File "/usr/local/lib/code-server-4.103.2/lib/vscode/extensions/ms-python.python-2025.12.0/python_files/lib/jedilsp/jedi/api/__init__.py", line 372, in help
    definitions = self.goto(line, column, follow_imports=True)
  File "/usr/local/lib/code-server-4.103.2/lib/vscode/extensions/ms-python.python-2025.12.0/python_files/lib/jedilsp/jedi/api/helpers.py", line 487, in wrapper
    return func(self, line, column, *args, **kwargs)
  File "/usr/local/lib/code-server-4.103.2/lib/vscode/extensions/ms-python.python-2025.12.0/python_files/lib/jedilsp/jedi/api/__init__.py", line 294, in goto
    for cls in mro:
  File "/usr/local/lib/code-server-4.103.2/lib/vscode/extensions/ms-python.python-2025.12.0/python_files/lib/jedilsp/jedi/inference/cache.py", line 117, in wrapper
    next_element = next(actual_generator, None)
  File "/usr/local/lib/code-server-4.103.2/lib/vscode/extensions/ms-python.python-2025.12.0/python_files/lib/jedilsp/jedi/inference/value/klass.py", line 166, in py__mro__
    for cls in lazy_cls.infer():
  File "/usr/local/lib/code-server-4.103.2/lib/vscode/extensions/ms-python.python-2025.12.0/python_files/lib/jedilsp/jedi/inference/lazy_value.py", line 48, in infer
    return self.context.infer_node(self.data)
  File "/usr/local/lib/code-server-4.103.2/lib/vscode/extensions/ms-python.python-2025.12.0/python_files/lib/jedilsp/jedi/inference/context.py", line 224, in infer_node
    return infer_node(self, node)
  File "/usr/local/lib/code-server-4.103.2/lib/vscode/extensions/ms-python.python-2025.12.0/python_files/lib/jedilsp/jedi/inference/syntax_tree.py", line 157, in infer_node
    return _infer_node_if_inferred(context, element)
  File "/usr/local/lib/code-server-4.103.2/lib/vscode/extensions/ms-python.python-2025.12.0/python_files/lib/jedilsp/jedi/inference/syntax_tree.py", line 170, in _infer_node_if_inferred
    return _infer_node_cached(context, element)
  File "/usr/local/lib/code-server-4.103.2/lib/vscode/extensions/ms-python.python-2025.12.0/python_files/lib/jedilsp/jedi/inference/cache.py", line 44, in wrapper
    rv = function(obj, *args, **kwargs)
  File "/usr/local/lib/code-server-4.103.2/lib/vscode/extensions/ms-python.python-2025.12.0/python_files/lib/jedilsp/jedi/inference/syntax_tree.py", line 175, in _infer_node_cached
    return _infer_node(context, element)
  File "/usr/local/lib/code-server-4.103.2/lib/vscode/extensions/ms-python.python-2025.12.0/python_files/lib/jedilsp/jedi/debug.py", line 81, in wrapper
    return func(*args, **kwargs)
  File "/usr/local/lib/code-server-4.103.2/lib/vscode/extensions/ms-python.python-2025.12.0/python_files/lib/jedilsp/jedi/inference/syntax_tree.py", line 83, in wrapper
    return func(context, *args, **kwargs)
  File "/usr/local/lib/code-server-4.103.2/lib/vscode/extensions/ms-python.python-2025.12.0/python_files/lib/jedilsp/jedi/inference/syntax_tree.py", line 185, in _infer_node
    return infer_atom(context, element)
  File "/usr/local/lib/code-server-4.103.2/lib/vscode/extensions/ms-python.python-2025.12.0/python_files/lib/jedilsp/jedi/inference/syntax_tree.py", line 305, in infer_atom
    return context.py__getattribute__(atom, position=position)
  File "/usr/local/lib/code-server-4.103.2/lib/vscode/extensions/ms-python.python-2025.12.0/python_files/lib/jedilsp/jedi/inference/context.py", line 77, in py__getattribute__
    values = ValueSet.from_sets(name.infer() for name in names)
  File "/usr/local/lib/code-server-4.103.2/lib/vscode/extensions/ms-python.python-2025.12.0/python_files/lib/jedilsp/jedi/inference/base_value.py", line 430, in from_sets
    for set_ in sets:
  File "/usr/local/lib/code-server-4.103.2/lib/vscode/extensions/ms-python.python-2025.12.0/python_files/lib/jedilsp/jedi/inference/context.py", line 77, in <genexpr>
    values = ValueSet.from_sets(name.infer() for name in names)
  File "/usr/local/lib/code-server-4.103.2/lib/vscode/extensions/ms-python.python-2025.12.0/python_files/lib/jedilsp/jedi/inference/names.py", line 281, in infer
    return tree_name_to_values(
  File "/usr/local/lib/code-server-4.103.2/lib/vscode/extensions/ms-python.python-2025.12.0/python_files/lib/jedilsp/jedi/plugins/__init__.py", line 21, in wrapper
    return built_functions[public_name](*args, **kwargs)
  File "/usr/local/lib/code-server-4.103.2/lib/vscode/extensions/ms-python.python-2025.12.0/python_files/lib/jedilsp/jedi/plugins/stdlib.py", line 878, in wrapper
    return func(inference_state, context, tree_name)
  File "/usr/local/lib/code-server-4.103.2/lib/vscode/extensions/ms-python.python-2025.12.0/python_files/lib/jedilsp/jedi/plugins/django.py", line 177, in wrapper
    result = func(inference_state, context, tree_name)
  File "/usr/local/lib/code-server-4.103.2/lib/vscode/extensions/ms-python.python-2025.12.0/python_files/lib/jedilsp/jedi/inference/syntax_tree.py", line 771, in tree_name_to_values
    types = imports.infer_import(context, tree_name)
  File "/usr/local/lib/code-server-4.103.2/lib/vscode/extensions/ms-python.python-2025.12.0/python_files/lib/jedilsp/jedi/inference/cache.py", line 44, in wrapper
    rv = function(obj, *args, **kwargs)
  File "/usr/local/lib/code-server-4.103.2/lib/vscode/extensions/ms-python.python-2025.12.0/python_files/lib/jedilsp/jedi/inference/imports.py", line 53, in infer_import
    _prepare_infer_import(module_context, tree_name)
  File "/usr/local/lib/code-server-4.103.2/lib/vscode/extensions/ms-python.python-2025.12.0/python_files/lib/jedilsp/jedi/inference/imports.py", line 116, in _prepare_infer_import
    return from_import_name, tuple(import_path), import_node.level, importer.follow()
  File "/usr/local/lib/code-server-4.103.2/lib/vscode/extensions/ms-python.python-2025.12.0/python_files/lib/jedilsp/jedi/inference/imports.py", line 296, in follow
    return import_module_by_names(
  File "/usr/local/lib/code-server-4.103.2/lib/vscode/extensions/ms-python.python-2025.12.0/python_files/lib/jedilsp/jedi/inference/imports.py", line 376, in import_module_by_names
    value_set = ValueSet.from_sets([
  File "/usr/local/lib/code-server-4.103.2/lib/vscode/extensions/ms-python.python-2025.12.0/python_files/lib/jedilsp/jedi/inference/imports.py", line 377, in <listcomp>
    import_module(
  File "/usr/local/lib/code-server-4.103.2/lib/vscode/extensions/ms-python.python-2025.12.0/python_files/lib/jedilsp/jedi/plugins/__init__.py", line 21, in wrapper
    return built_functions[public_name](*args, **kwargs)
  File "/usr/local/lib/code-server-4.103.2/lib/vscode/extensions/ms-python.python-2025.12.0/python_files/lib/jedilsp/jedi/plugins/flask.py", line 20, in wrapper
    return callback(inference_state, import_names, module_context, *args, **kwargs)
  File "/usr/local/lib/code-server-4.103.2/lib/vscode/extensions/ms-python.python-2025.12.0/python_files/lib/jedilsp/jedi/inference/gradual/typeshed.py", line 115, in wrapper
    python_value_set = ValueSet.from_sets(
  File "/usr/local/lib/code-server-4.103.2/lib/vscode/extensions/ms-python.python-2025.12.0/python_files/lib/jedilsp/jedi/inference/base_value.py", line 430, in from_sets
    for set_ in sets:
  File "/usr/local/lib/code-server-4.103.2/lib/vscode/extensions/ms-python.python-2025.12.0/python_files/lib/jedilsp/jedi/inference/gradual/typeshed.py", line 116, in <genexpr>
    func(inference_state, import_names, p, sys_path,)
  File "/usr/local/lib/code-server-4.103.2/lib/vscode/extensions/ms-python.python-2025.12.0/python_files/lib/jedilsp/jedi/inference/imports.py", line 411, in import_module
    file_io_or_ns, is_pkg = inference_state.compiled_subprocess.get_module_info(
  File "/usr/local/lib/code-server-4.103.2/lib/vscode/extensions/ms-python.python-2025.12.0/python_files/lib/jedilsp/jedi/inference/compiled/subprocess/__init__.py", line 188, in wrapper
    result = self._compiled_subprocess.run(
  File "/usr/local/lib/code-server-4.103.2/lib/vscode/extensions/ms-python.python-2025.12.0/python_files/lib/jedilsp/jedi/inference/compiled/subprocess/__init__.py", line 293, in run
    self._send(delete_id, None)
  File "/usr/local/lib/code-server-4.103.2/lib/vscode/extensions/ms-python.python-2025.12.0/python_files/lib/jedilsp/jedi/inference/compiled/subprocess/__init__.py", line 318, in _send
    is_exception, traceback, result = pickle_load(self._get_process().stdout)
  File "/usr/local/lib/code-server-4.103.2/lib/vscode/extensions/ms-python.python-2025.12.0/python_files/lib/jedilsp/jedi/_compatibility.py", line 25, in pickle_load
    return Unpickler(file).load()
_pickle.UnpicklingError: invalid load key, ' '.

2026-07-25 18:27:33.864 [info] [Error - 6:27:33 PM] Request textDocument/hover failed.
2026-07-25 18:27:33.872 [info]   Message: _pickle.UnpicklingError: invalid load key, ' '.
  Code: -32603 
[object Object]
2026-07-25 18:27:34.017 [info] ERROR:pygls.protocol.json_rpc:Failed to handle request 51 textDocument/documentHighlight DocumentHighlightParams(text_document=TextDocumentIdentifier(uri='file:///voc/work/Knowledge_Hands_on/src/pipeline/fake_llm.py'), position=31:4, work_done_token=None, partial_result_token=None)
Traceback (most recent call last):
  File "/usr/local/lib/code-server-4.103.2/lib/vscode/extensions/ms-python.python-2025.12.0/python_files/lib/jedilsp/pygls/protocol/json_rpc.py", line 266, in _handle_request
    self._execute_request(msg_id, handler, params)
  File "/usr/local/lib/code-server-4.103.2/lib/vscode/extensions/ms-python.python-2025.12.0/python_files/lib/jedilsp/pygls/protocol/json_rpc.py", line 188, in _execute_request
    self._send_response(msg_id, handler(params))
  File "/usr/local/lib/code-server-4.103.2/lib/vscode/extensions/ms-python.python-2025.12.0/python_files/lib/jedilsp/jedi_language_server/server.py", line 466, in highlight
    names = jedi_script.get_references(*jedi_lines, scope="file")
  File "/usr/local/lib/code-server-4.103.2/lib/vscode/extensions/ms-python.python-2025.12.0/python_files/lib/jedilsp/jedi/api/helpers.py", line 487, in wrapper
    return func(self, line, column, *args, **kwargs)
  File "/usr/local/lib/code-server-4.103.2/lib/vscode/extensions/ms-python.python-2025.12.0/python_files/lib/jedilsp/jedi/api/__init__.py", line 429, in get_references
    return _references(**kwargs)
  File "/usr/local/lib/code-server-4.103.2/lib/vscode/extensions/ms-python.python-2025.12.0/python_files/lib/jedilsp/jedi/api/__init__.py", line 423, in _references
    names = find_references(self._get_module_context(), tree_name, scope == 'file')
  File "/usr/local/lib/code-server-4.103.2/lib/vscode/extensions/ms-python.python-2025.12.0/python_files/lib/jedilsp/jedi/inference/references.py", line 147, in find_references
    new = _dictionarize(_find_names(module_context, name_leaf))
  File "/usr/local/lib/code-server-4.103.2/lib/vscode/extensions/ms-python.python-2025.12.0/python_files/lib/jedilsp/jedi/inference/references.py", line 74, in _find_names
    found_names = set(name.goto())
  File "/usr/local/lib/code-server-4.103.2/lib/vscode/extensions/ms-python.python-2025.12.0/python_files/lib/jedilsp/jedi/inference/names.py", line 205, in goto
    values = infer_call_of_leaf(context, name, cut_own_trailer=True)
  File "/usr/local/lib/code-server-4.103.2/lib/vscode/extensions/ms-python.python-2025.12.0/python_files/lib/jedilsp/jedi/inference/helpers.py", line 104, in infer_call_of_leaf
    values = context.infer_node(base)
  File "/usr/local/lib/code-server-4.103.2/lib/vscode/extensions/ms-python.python-2025.12.0/python_files/lib/jedilsp/jedi/inference/context.py", line 224, in infer_node
    return infer_node(self, node)
  File "/usr/local/lib/code-server-4.103.2/lib/vscode/extensions/ms-python.python-2025.12.0/python_files/lib/jedilsp/jedi/inference/syntax_tree.py", line 157, in infer_node
    return _infer_node_if_inferred(context, element)
  File "/usr/local/lib/code-server-4.103.2/lib/vscode/extensions/ms-python.python-2025.12.0/python_files/lib/jedilsp/jedi/inference/syntax_tree.py", line 170, in _infer_node_if_inferred
    return _infer_node_cached(context, element)
  File "/usr/local/lib/code-server-4.103.2/lib/vscode/extensions/ms-python.python-2025.12.0/python_files/lib/jedilsp/jedi/inference/cache.py", line 44, in wrapper
    rv = function(obj, *args, **kwargs)
  File "/usr/local/lib/code-server-4.103.2/lib/vscode/extensions/ms-python.python-2025.12.0/python_files/lib/jedilsp/jedi/inference/syntax_tree.py", line 175, in _infer_node_cached
    return _infer_node(context, element)
  File "/usr/local/lib/code-server-4.103.2/lib/vscode/extensions/ms-python.python-2025.12.0/python_files/lib/jedilsp/jedi/debug.py", line 81, in wrapper
    return func(*args, **kwargs)
  File "/usr/local/lib/code-server-4.103.2/lib/vscode/extensions/ms-python.python-2025.12.0/python_files/lib/jedilsp/jedi/inference/syntax_tree.py", line 83, in wrapper
    return func(context, *args, **kwargs)
  File "/usr/local/lib/code-server-4.103.2/lib/vscode/extensions/ms-python.python-2025.12.0/python_files/lib/jedilsp/jedi/inference/syntax_tree.py", line 185, in _infer_node
    return infer_atom(context, element)
  File "/usr/local/lib/code-server-4.103.2/lib/vscode/extensions/ms-python.python-2025.12.0/python_files/lib/jedilsp/jedi/inference/syntax_tree.py", line 305, in infer_atom
    return context.py__getattribute__(atom, position=position)
  File "/usr/local/lib/code-server-4.103.2/lib/vscode/extensions/ms-python.python-2025.12.0/python_files/lib/jedilsp/jedi/inference/context.py", line 77, in py__getattribute__
    values = ValueSet.from_sets(name.infer() for name in names)
  File "/usr/local/lib/code-server-4.103.2/lib/vscode/extensions/ms-python.python-2025.12.0/python_files/lib/jedilsp/jedi/inference/base_value.py", line 430, in from_sets
    for set_ in sets:
  File "/usr/local/lib/code-server-4.103.2/lib/vscode/extensions/ms-python.python-2025.12.0/python_files/lib/jedilsp/jedi/inference/context.py", line 77, in <genexpr>
    values = ValueSet.from_sets(name.infer() for name in names)
  File "/usr/local/lib/code-server-4.103.2/lib/vscode/extensions/ms-python.python-2025.12.0/python_files/lib/jedilsp/jedi/plugins/__init__.py", line 21, in wrapper
    return built_functions[public_name](*args, **kwargs)
  File "/usr/local/lib/code-server-4.103.2/lib/vscode/extensions/ms-python.python-2025.12.0/python_files/lib/jedilsp/jedi/plugins/pytest.py", line 58, in wrapper
    return func(param_name)
  File "/usr/local/lib/code-server-4.103.2/lib/vscode/extensions/ms-python.python-2025.12.0/python_files/lib/jedilsp/jedi/inference/names.py", line 523, in infer
    values = super().infer()
  File "/usr/local/lib/code-server-4.103.2/lib/vscode/extensions/ms-python.python-2025.12.0/python_files/lib/jedilsp/jedi/inference/names.py", line 508, in infer
    values = self.infer_annotation()
  File "/usr/local/lib/code-server-4.103.2/lib/vscode/extensions/ms-python.python-2025.12.0/python_files/lib/jedilsp/jedi/inference/names.py", line 466, in infer_annotation
    values = values.execute_annotation()
  File "/usr/local/lib/code-server-4.103.2/lib/vscode/extensions/ms-python.python-2025.12.0/python_files/lib/jedilsp/jedi/inference/base_value.py", line 460, in mapper
    return self.from_sets(
  File "/usr/local/lib/code-server-4.103.2/lib/vscode/extensions/ms-python.python-2025.12.0/python_files/lib/jedilsp/jedi/inference/base_value.py", line 430, in from_sets
    for set_ in sets:
  File "/usr/local/lib/code-server-4.103.2/lib/vscode/extensions/ms-python.python-2025.12.0/python_files/lib/jedilsp/jedi/inference/base_value.py", line 461, in <genexpr>
    getattr(value, name)(*args, **kwargs)
  File "/usr/local/lib/code-server-4.103.2/lib/vscode/extensions/ms-python.python-2025.12.0/python_files/lib/jedilsp/jedi/inference/base_value.py", line 49, in execute_annotation
    return self.execute_with_values()
  File "/usr/local/lib/code-server-4.103.2/lib/vscode/extensions/ms-python.python-2025.12.0/python_files/lib/jedilsp/jedi/inference/base_value.py", line 46, in execute_with_values
    return self.inference_state.execute(self, arguments)
  File "/usr/local/lib/code-server-4.103.2/lib/vscode/extensions/ms-python.python-2025.12.0/python_files/lib/jedilsp/jedi/plugins/__init__.py", line 21, in wrapper
    return built_functions[public_name](*args, **kwargs)
  File "/usr/local/lib/code-server-4.103.2/lib/vscode/extensions/ms-python.python-2025.12.0/python_files/lib/jedilsp/jedi/plugins/stdlib.py", line 115, in wrapper
    if p is not None and p.is_builtins_module():
  File "/usr/local/lib/code-server-4.103.2/lib/vscode/extensions/ms-python.python-2025.12.0/python_files/lib/jedilsp/jedi/inference/context.py", line 184, in is_builtins_module
    return self._value == self.inference_state.builtins_module
  File "/usr/local/lib/code-server-4.103.2/lib/vscode/extensions/ms-python.python-2025.12.0/python_files/lib/jedilsp/jedi/inference/cache.py", line 44, in wrapper
    rv = function(obj, *args, **kwargs)
  File "/usr/local/lib/code-server-4.103.2/lib/vscode/extensions/ms-python.python-2025.12.0/python_files/lib/jedilsp/jedi/inference/__init__.py", line 129, in builtins_module
    builtins_module, = self.import_module((module_name,), sys_path=[])
  File "/usr/local/lib/code-server-4.103.2/lib/vscode/extensions/ms-python.python-2025.12.0/python_files/lib/jedilsp/jedi/inference/__init__.py", line 112, in import_module
    return imports.import_module_by_names(
  File "/usr/local/lib/code-server-4.103.2/lib/vscode/extensions/ms-python.python-2025.12.0/python_files/lib/jedilsp/jedi/inference/imports.py", line 376, in import_module_by_names
    value_set = ValueSet.from_sets([
  File "/usr/local/lib/code-server-4.103.2/lib/vscode/extensions/ms-python.python-2025.12.0/python_files/lib/jedilsp/jedi/inference/imports.py", line 377, in <listcomp>
    import_module(
  File "/usr/local/lib/code-server-4.103.2/lib/vscode/extensions/ms-python.python-2025.12.0/python_files/lib/jedilsp/jedi/plugins/__init__.py", line 21, in wrapper
    return built_functions[public_name](*args, **kwargs)
  File "/usr/local/lib/code-server-4.103.2/lib/vscode/extensions/ms-python.python-2025.12.0/python_files/lib/jedilsp/jedi/plugins/flask.py", line 20, in wrapper
    return callback(inference_state, import_names, module_context, *args, **kwargs)
  File "/usr/local/lib/code-server-4.103.2/lib/vscode/extensions/ms-python.python-2025.12.0/python_files/lib/jedilsp/jedi/inference/gradual/typeshed.py", line 115, in wrapper
    python_value_set = ValueSet.from_sets(
  File "/usr/local/lib/code-server-4.103.2/lib/vscode/extensions/ms-python.python-2025.12.0/python_files/lib/jedilsp/jedi/inference/base_value.py", line 430, in from_sets
    for set_ in sets:
  File "/usr/local/lib/code-server-4.103.2/lib/vscode/extensions/ms-python.python-2025.12.0/python_files/lib/jedilsp/jedi/inference/gradual/typeshed.py", line 116, in <genexpr>
    func(inference_state, import_names, p, sys_path,)
  File "/usr/local/lib/code-server-4.103.2/lib/vscode/extensions/ms-python.python-2025.12.0/python_files/lib/jedilsp/jedi/inference/imports.py", line 411, in import_module
    file_io_or_ns, is_pkg = inference_state.compiled_subprocess.get_module_info(
  File "/usr/local/lib/code-server-4.103.2/lib/vscode/extensions/ms-python.python-2025.12.0/python_files/lib/jedilsp/jedi/inference/compiled/subprocess/__init__.py", line 188, in wrapper
    result = self._compiled_subprocess.run(
  File "/usr/local/lib/code-server-4.103.2/lib/vscode/extensions/ms-python.python-2025.12.0/python_files/lib/jedilsp/jedi/inference/compiled/subprocess/__init__.py", line 293, in run
    self._send(delete_id, None)
  File "/usr/local/lib/code-server-4.103.2/lib/vscode/extensions/ms-python.python-2025.12.0/python_files/lib/jedilsp/jedi/inference/compiled/subprocess/__init__.py", line 318, in _send
    is_exception, traceback, result = pickle_load(self._get_process().stdout)
  File "/usr/local/lib/code-server-4.103.2/lib/vscode/extensions/ms-python.python-2025.12.0/python_files/lib/jedilsp/jedi/_compatibility.py", line 25, in pickle_load
    return Unpickler(file).load()
_pickle.UnpicklingError: invalid load key, ' '.

2026-07-25 18:27:34.018 [info] [Error - 6:27:34 PM] Request textDocument/documentHighlight failed.
2026-07-25 18:27:34.025 [info]   Message: _pickle.UnpicklingError: invalid load key, ' '.
  Code: -32603 
[object Object]
2026-07-25 18:27:34.338 [info] ERROR:pygls.protocol.json_rpc:Failed to handle request 52 textDocument/codeAction CodeActionParams(text_document=TextDocumentIdentifier(uri='file:///voc/work/Knowledge_Hands_on/src/pipeline/fake_llm.py'), range=31:4-31:13, context=CodeActionContext(diagnostics=[], only=None, trigger_kind=<CodeActionTriggerKind.Automatic: 2>), work_done_token=None, partial_result_token=None)
Traceback (most recent call last):
  File "/usr/local/lib/code-server-4.103.2/lib/vscode/extensions/ms-python.python-2025.12.0/python_files/lib/jedilsp/pygls/protocol/json_rpc.py", line 266, in _handle_request
    self._execute_request(msg_id, handler, params)
  File "/usr/local/lib/code-server-4.103.2/lib/vscode/extensions/ms-python.python-2025.12.0/python_files/lib/jedilsp/pygls/protocol/json_rpc.py", line 188, in _execute_request
    self._send_response(msg_id, handler(params))
  File "/usr/local/lib/code-server-4.103.2/lib/vscode/extensions/ms-python.python-2025.12.0/python_files/lib/jedilsp/jedi_language_server/notebook_utils.py", line 373, in wrapped
    result = f(notebook_server, notebook_params)
  File "/usr/local/lib/code-server-4.103.2/lib/vscode/extensions/ms-python.python-2025.12.0/python_files/lib/jedilsp/jedi_language_server/server.py", line 671, in code_action
    inline_refactoring = jedi_script.inline(*jedi_lines)
  File "/usr/local/lib/code-server-4.103.2/lib/vscode/extensions/ms-python.python-2025.12.0/python_files/lib/jedilsp/jedi/api/__init__.py", line 697, in inline
    names = [d._name for d in self.get_references(line, column, include_builtins=True)]
  File "/usr/local/lib/code-server-4.103.2/lib/vscode/extensions/ms-python.python-2025.12.0/python_files/lib/jedilsp/jedi/api/helpers.py", line 487, in wrapper
    return func(self, line, column, *args, **kwargs)
  File "/usr/local/lib/code-server-4.103.2/lib/vscode/extensions/ms-python.python-2025.12.0/python_files/lib/jedilsp/jedi/api/__init__.py", line 429, in get_references
    return _references(**kwargs)
  File "/usr/local/lib/code-server-4.103.2/lib/vscode/extensions/ms-python.python-2025.12.0/python_files/lib/jedilsp/jedi/api/__init__.py", line 423, in _references
    names = find_references(self._get_module_context(), tree_name, scope == 'file')
  File "/usr/local/lib/code-server-4.103.2/lib/vscode/extensions/ms-python.python-2025.12.0/python_files/lib/jedilsp/jedi/inference/references.py", line 147, in find_references
    new = _dictionarize(_find_names(module_context, name_leaf))
  File "/usr/local/lib/code-server-4.103.2/lib/vscode/extensions/ms-python.python-2025.12.0/python_files/lib/jedilsp/jedi/inference/references.py", line 74, in _find_names
    found_names = set(name.goto())
  File "/usr/local/lib/code-server-4.103.2/lib/vscode/extensions/ms-python.python-2025.12.0/python_files/lib/jedilsp/jedi/inference/names.py", line 205, in goto
    values = infer_call_of_leaf(context, name, cut_own_trailer=True)
  File "/usr/local/lib/code-server-4.103.2/lib/vscode/extensions/ms-python.python-2025.12.0/python_files/lib/jedilsp/jedi/inference/helpers.py", line 104, in infer_call_of_leaf
    values = context.infer_node(base)
  File "/usr/local/lib/code-server-4.103.2/lib/vscode/extensions/ms-python.python-2025.12.0/python_files/lib/jedilsp/jedi/inference/context.py", line 224, in infer_node
    return infer_node(self, node)
  File "/usr/local/lib/code-server-4.103.2/lib/vscode/extensions/ms-python.python-2025.12.0/python_files/lib/jedilsp/jedi/inference/syntax_tree.py", line 157, in infer_node
    return _infer_node_if_inferred(context, element)
  File "/usr/local/lib/code-server-4.103.2/lib/vscode/extensions/ms-python.python-2025.12.0/python_files/lib/jedilsp/jedi/inference/syntax_tree.py", line 170, in _infer_node_if_inferred
    return _infer_node_cached(context, element)
  File "/usr/local/lib/code-server-4.103.2/lib/vscode/extensions/ms-python.python-2025.12.0/python_files/lib/jedilsp/jedi/inference/cache.py", line 44, in wrapper
    rv = function(obj, *args, **kwargs)
  File "/usr/local/lib/code-server-4.103.2/lib/vscode/extensions/ms-python.python-2025.12.0/python_files/lib/jedilsp/jedi/inference/syntax_tree.py", line 175, in _infer_node_cached
    return _infer_node(context, element)
  File "/usr/local/lib/code-server-4.103.2/lib/vscode/extensions/ms-python.python-2025.12.0/python_files/lib/jedilsp/jedi/debug.py", line 81, in wrapper
    return func(*args, **kwargs)
  File "/usr/local/lib/code-server-4.103.2/lib/vscode/extensions/ms-python.python-2025.12.0/python_files/lib/jedilsp/jedi/inference/syntax_tree.py", line 83, in wrapper
    return func(context, *args, **kwargs)
  File "/usr/local/lib/code-server-4.103.2/lib/vscode/extensions/ms-python.python-2025.12.0/python_files/lib/jedilsp/jedi/inference/syntax_tree.py", line 185, in _infer_node
    return infer_atom(context, element)
  File "/usr/local/lib/code-server-4.103.2/lib/vscode/extensions/ms-python.python-2025.12.0/python_files/lib/jedilsp/jedi/inference/syntax_tree.py", line 305, in infer_atom
    return context.py__getattribute__(atom, position=position)
  File "/usr/local/lib/code-server-4.103.2/lib/vscode/extensions/ms-python.python-2025.12.0/python_files/lib/jedilsp/jedi/inference/context.py", line 77, in py__getattribute__
    values = ValueSet.from_sets(name.infer() for name in names)
  File "/usr/local/lib/code-server-4.103.2/lib/vscode/extensions/ms-python.python-2025.12.0/python_files/lib/jedilsp/jedi/inference/base_value.py", line 430, in from_sets
    for set_ in sets:
  File "/usr/local/lib/code-server-4.103.2/lib/vscode/extensions/ms-python.python-2025.12.0/python_files/lib/jedilsp/jedi/inference/context.py", line 77, in <genexpr>
    values = ValueSet.from_sets(name.infer() for name in names)
  File "/usr/local/lib/code-server-4.103.2/lib/vscode/extensions/ms-python.python-2025.12.0/python_files/lib/jedilsp/jedi/plugins/__init__.py", line 21, in wrapper
    return built_functions[public_name](*args, **kwargs)
  File "/usr/local/lib/code-server-4.103.2/lib/vscode/extensions/ms-python.python-2025.12.0/python_files/lib/jedilsp/jedi/plugins/pytest.py", line 58, in wrapper
    return func(param_name)
  File "/usr/local/lib/code-server-4.103.2/lib/vscode/extensions/ms-python.python-2025.12.0/python_files/lib/jedilsp/jedi/inference/names.py", line 523, in infer
    values = super().infer()
  File "/usr/local/lib/code-server-4.103.2/lib/vscode/extensions/ms-python.python-2025.12.0/python_files/lib/jedilsp/jedi/inference/names.py", line 508, in infer
    values = self.infer_annotation()
  File "/usr/local/lib/code-server-4.103.2/lib/vscode/extensions/ms-python.python-2025.12.0/python_files/lib/jedilsp/jedi/inference/names.py", line 466, in infer_annotation
    values = values.execute_annotation()
  File "/usr/local/lib/code-server-4.103.2/lib/vscode/extensions/ms-python.python-2025.12.0/python_files/lib/jedilsp/jedi/inference/base_value.py", line 460, in mapper
    return self.from_sets(
  File "/usr/local/lib/code-server-4.103.2/lib/vscode/extensions/ms-python.python-2025.12.0/python_files/lib/jedilsp/jedi/inference/base_value.py", line 430, in from_sets
    for set_ in sets:
  File "/usr/local/lib/code-server-4.103.2/lib/vscode/extensions/ms-python.python-2025.12.0/python_files/lib/jedilsp/jedi/inference/base_value.py", line 461, in <genexpr>
    getattr(value, name)(*args, **kwargs)
  File "/usr/local/lib/code-server-4.103.2/lib/vscode/extensions/ms-python.python-2025.12.0/python_files/lib/jedilsp/jedi/inference/base_value.py", line 49, in execute_annotation
    return self.execute_with_values()
  File "/usr/local/lib/code-server-4.103.2/lib/vscode/extensions/ms-python.python-2025.12.0/python_files/lib/jedilsp/jedi/inference/base_value.py", line 46, in execute_with_values
    return self.inference_state.execute(self, arguments)
  File "/usr/local/lib/code-server-4.103.2/lib/vscode/extensions/ms-python.python-2025.12.0/python_files/lib/jedilsp/jedi/plugins/__init__.py", line 21, in wrapper
    return built_functions[public_name](*args, **kwargs)
  File "/usr/local/lib/code-server-4.103.2/lib/vscode/extensions/ms-python.python-2025.12.0/python_files/lib/jedilsp/jedi/plugins/stdlib.py", line 115, in wrapper
    if p is not None and p.is_builtins_module():
  File "/usr/local/lib/code-server-4.103.2/lib/vscode/extensions/ms-python.python-2025.12.0/python_files/lib/jedilsp/jedi/inference/context.py", line 184, in is_builtins_module
    return self._value == self.inference_state.builtins_module
  File "/usr/local/lib/code-server-4.103.2/lib/vscode/extensions/ms-python.python-2025.12.0/python_files/lib/jedilsp/jedi/inference/cache.py", line 44, in wrapper
    rv = function(obj, *args, **kwargs)
  File "/usr/local/lib/code-server-4.103.2/lib/vscode/extensions/ms-python.python-2025.12.0/python_files/lib/jedilsp/jedi/inference/__init__.py", line 129, in builtins_module
    builtins_module, = self.import_module((module_name,), sys_path=[])
  File "/usr/local/lib/code-server-4.103.2/lib/vscode/extensions/ms-python.python-2025.12.0/python_files/lib/jedilsp/jedi/inference/__init__.py", line 112, in import_module
    return imports.import_module_by_names(
  File "/usr/local/lib/code-server-4.103.2/lib/vscode/extensions/ms-python.python-2025.12.0/python_files/lib/jedilsp/jedi/inference/imports.py", line 376, in import_module_by_names
    value_set = ValueSet.from_sets([
  File "/usr/local/lib/code-server-4.103.2/lib/vscode/extensions/ms-python.python-2025.12.0/python_files/lib/jedilsp/jedi/inference/imports.py", line 377, in <listcomp>
    import_module(
  File "/usr/local/lib/code-server-4.103.2/lib/vscode/extensions/ms-python.python-2025.12.0/python_files/lib/jedilsp/jedi/plugins/__init__.py", line 21, in wrapper
    return built_functions[public_name](*args, **kwargs)
  File "/usr/local/lib/code-server-4.103.2/lib/vscode/extensions/ms-python.python-2025.12.0/python_files/lib/jedilsp/jedi/plugins/flask.py", line 20, in wrapper
    return callback(inference_state, import_names, module_context, *args, **kwargs)
  File "/usr/local/lib/code-server-4.103.2/lib/vscode/extensions/ms-python.python-2025.12.0/python_files/lib/jedilsp/jedi/inference/gradual/typeshed.py", line 115, in wrapper
    python_value_set = ValueSet.from_sets(
  File "/usr/local/lib/code-server-4.103.2/lib/vscode/extensions/ms-python.python-2025.12.0/python_files/lib/jedilsp/jedi/inference/base_value.py", line 430, in from_sets
    for set_ in sets:
  File "/usr/local/lib/code-server-4.103.2/lib/vscode/extensions/ms-python.python-2025.12.0/python_files/lib/jedilsp/jedi/inference/gradual/typeshed.py", line 116, in <genexpr>
    func(inference_state, import_names, p, sys_path,)
  File "/usr/local/lib/code-server-4.103.2/lib/vscode/extensions/ms-python.python-2025.12.0/python_files/lib/jedilsp/jedi/inference/imports.py", line 411, in import_module
    file_io_or_ns, is_pkg = inference_state.compiled_subprocess.get_module_info(
  File "/usr/local/lib/code-server-4.103.2/lib/vscode/extensions/ms-python.python-2025.12.0/python_files/lib/jedilsp/jedi/inference/compiled/subprocess/__init__.py", line 188, in wrapper
    result = self._compiled_subprocess.run(
  File "/usr/local/lib/code-server-4.103.2/lib/vscode/extensions/ms-python.python-2025.12.0/python_files/lib/jedilsp/jedi/inference/compiled/subprocess/__init__.py", line 293, in run
    self._send(delete_id, None)
  File "/usr/local/lib/code-server-4.103.2/lib/vscode/extensions/ms-python.python-2025.12.0/python_files/lib/jedilsp/jedi/inference/compiled/subprocess/__init__.py", line 318, in _send
    is_exception, traceback, result = pickle_load(self._get_process().stdout)
  File "/usr/local/lib/code-server-4.103.2/lib/vscode/extensions/ms-python.python-2025.12.0/python_files/lib/jedilsp/jedi/_compatibility.py", line 25, in pickle_load
    return Unpickler(file).load()
_pickle.UnpicklingError: invalid load key, ' '.

2026-07-25 18:27:34.339 [info] [Error - 6:27:34 PM] Request textDocument/codeAction failed.
2026-07-25 18:27:34.347 [info]   Message: _pickle.UnpicklingError: invalid load key, ' '.
  Code: -32603 
[object Object]
2026-07-25 18:27:35.554 [info] ERROR:pygls.protocol.json_rpc:Failed to handle request 54 textDocument/documentHighlight DocumentHighlightParams(text_document=TextDocumentIdentifier(uri='file:///voc/work/Knowledge_Hands_on/src/pipeline/fake_llm.py'), position=35:4, work_done_token=None, partial_result_token=None)
Traceback (most recent call last):
  File "/usr/local/lib/code-server-4.103.2/lib/vscode/extensions/ms-python.python-2025.12.0/python_files/lib/jedilsp/pygls/protocol/json_rpc.py", line 266, in _handle_request
    self._execute_request(msg_id, handler, params)
  File "/usr/local/lib/code-server-4.103.2/lib/vscode/extensions/ms-python.python-2025.12.0/python_files/lib/jedilsp/pygls/protocol/json_rpc.py", line 188, in _execute_request
    self._send_response(msg_id, handler(params))
  File "/usr/local/lib/code-server-4.103.2/lib/vscode/extensions/ms-python.python-2025.12.0/python_files/lib/jedilsp/jedi_language_server/server.py", line 466, in highlight
    names = jedi_script.get_references(*jedi_lines, scope="file")
  File "/usr/local/lib/code-server-4.103.2/lib/vscode/extensions/ms-python.python-2025.12.0/python_files/lib/jedilsp/jedi/api/helpers.py", line 487, in wrapper
    return func(self, line, column, *args, **kwargs)
  File "/usr/local/lib/code-server-4.103.2/lib/vscode/extensions/ms-python.python-2025.12.0/python_files/lib/jedilsp/jedi/api/__init__.py", line 429, in get_references
    return _references(**kwargs)
  File "/usr/local/lib/code-server-4.103.2/lib/vscode/extensions/ms-python.python-2025.12.0/python_files/lib/jedilsp/jedi/api/__init__.py", line 423, in _references
    names = find_references(self._get_module_context(), tree_name, scope == 'file')
  File "/usr/local/lib/code-server-4.103.2/lib/vscode/extensions/ms-python.python-2025.12.0/python_files/lib/jedilsp/jedi/inference/references.py", line 147, in find_references
    new = _dictionarize(_find_names(module_context, name_leaf))
  File "/usr/local/lib/code-server-4.103.2/lib/vscode/extensions/ms-python.python-2025.12.0/python_files/lib/jedilsp/jedi/inference/references.py", line 74, in _find_names
    found_names = set(name.goto())
  File "/usr/local/lib/code-server-4.103.2/lib/vscode/extensions/ms-python.python-2025.12.0/python_files/lib/jedilsp/jedi/inference/names.py", line 188, in goto
    for signature in value.get_signatures():
  File "/usr/local/lib/code-server-4.103.2/lib/vscode/extensions/ms-python.python-2025.12.0/python_files/lib/jedilsp/jedi/inference/value/klass.py", line 228, in get_signatures
    metaclasses = self.get_metaclasses()
  File "/usr/local/lib/code-server-4.103.2/lib/vscode/extensions/ms-python.python-2025.12.0/python_files/lib/jedilsp/jedi/inference/cache.py", line 44, in wrapper
    rv = function(obj, *args, **kwargs)
  File "/usr/local/lib/code-server-4.103.2/lib/vscode/extensions/ms-python.python-2025.12.0/python_files/lib/jedilsp/jedi/inference/value/klass.py", line 381, in get_metaclasses
    for value in lazy_base.infer():
  File "/usr/local/lib/code-server-4.103.2/lib/vscode/extensions/ms-python.python-2025.12.0/python_files/lib/jedilsp/jedi/inference/lazy_value.py", line 48, in infer
    return self.context.infer_node(self.data)
  File "/usr/local/lib/code-server-4.103.2/lib/vscode/extensions/ms-python.python-2025.12.0/python_files/lib/jedilsp/jedi/inference/context.py", line 224, in infer_node
    return infer_node(self, node)
  File "/usr/local/lib/code-server-4.103.2/lib/vscode/extensions/ms-python.python-2025.12.0/python_files/lib/jedilsp/jedi/inference/syntax_tree.py", line 157, in infer_node
    return _infer_node_if_inferred(context, element)
  File "/usr/local/lib/code-server-4.103.2/lib/vscode/extensions/ms-python.python-2025.12.0/python_files/lib/jedilsp/jedi/inference/syntax_tree.py", line 170, in _infer_node_if_inferred
    return _infer_node_cached(context, element)
  File "/usr/local/lib/code-server-4.103.2/lib/vscode/extensions/ms-python.python-2025.12.0/python_files/lib/jedilsp/jedi/inference/cache.py", line 44, in wrapper
    rv = function(obj, *args, **kwargs)
  File "/usr/local/lib/code-server-4.103.2/lib/vscode/extensions/ms-python.python-2025.12.0/python_files/lib/jedilsp/jedi/inference/syntax_tree.py", line 175, in _infer_node_cached
    return _infer_node(context, element)
  File "/usr/local/lib/code-server-4.103.2/lib/vscode/extensions/ms-python.python-2025.12.0/python_files/lib/jedilsp/jedi/debug.py", line 81, in wrapper
    return func(*args, **kwargs)
  File "/usr/local/lib/code-server-4.103.2/lib/vscode/extensions/ms-python.python-2025.12.0/python_files/lib/jedilsp/jedi/inference/syntax_tree.py", line 83, in wrapper
    return func(context, *args, **kwargs)
  File "/usr/local/lib/code-server-4.103.2/lib/vscode/extensions/ms-python.python-2025.12.0/python_files/lib/jedilsp/jedi/inference/syntax_tree.py", line 185, in _infer_node
    return infer_atom(context, element)
  File "/usr/local/lib/code-server-4.103.2/lib/vscode/extensions/ms-python.python-2025.12.0/python_files/lib/jedilsp/jedi/inference/syntax_tree.py", line 305, in infer_atom
    return context.py__getattribute__(atom, position=position)
  File "/usr/local/lib/code-server-4.103.2/lib/vscode/extensions/ms-python.python-2025.12.0/python_files/lib/jedilsp/jedi/inference/context.py", line 77, in py__getattribute__
    values = ValueSet.from_sets(name.infer() for name in names)
  File "/usr/local/lib/code-server-4.103.2/lib/vscode/extensions/ms-python.python-2025.12.0/python_files/lib/jedilsp/jedi/inference/base_value.py", line 430, in from_sets
    for set_ in sets:
  File "/usr/local/lib/code-server-4.103.2/lib/vscode/extensions/ms-python.python-2025.12.0/python_files/lib/jedilsp/jedi/inference/context.py", line 77, in <genexpr>
    values = ValueSet.from_sets(name.infer() for name in names)
  File "/usr/local/lib/code-server-4.103.2/lib/vscode/extensions/ms-python.python-2025.12.0/python_files/lib/jedilsp/jedi/inference/names.py", line 281, in infer
    return tree_name_to_values(
  File "/usr/local/lib/code-server-4.103.2/lib/vscode/extensions/ms-python.python-2025.12.0/python_files/lib/jedilsp/jedi/plugins/__init__.py", line 21, in wrapper
    return built_functions[public_name](*args, **kwargs)
  File "/usr/local/lib/code-server-4.103.2/lib/vscode/extensions/ms-python.python-2025.12.0/python_files/lib/jedilsp/jedi/plugins/stdlib.py", line 878, in wrapper
    return func(inference_state, context, tree_name)
  File "/usr/local/lib/code-server-4.103.2/lib/vscode/extensions/ms-python.python-2025.12.0/python_files/lib/jedilsp/jedi/plugins/django.py", line 177, in wrapper
    result = func(inference_state, context, tree_name)
  File "/usr/local/lib/code-server-4.103.2/lib/vscode/extensions/ms-python.python-2025.12.0/python_files/lib/jedilsp/jedi/inference/syntax_tree.py", line 771, in tree_name_to_values
    types = imports.infer_import(context, tree_name)
  File "/usr/local/lib/code-server-4.103.2/lib/vscode/extensions/ms-python.python-2025.12.0/python_files/lib/jedilsp/jedi/inference/cache.py", line 44, in wrapper
    rv = function(obj, *args, **kwargs)
  File "/usr/local/lib/code-server-4.103.2/lib/vscode/extensions/ms-python.python-2025.12.0/python_files/lib/jedilsp/jedi/inference/imports.py", line 53, in infer_import
    _prepare_infer_import(module_context, tree_name)
  File "/usr/local/lib/code-server-4.103.2/lib/vscode/extensions/ms-python.python-2025.12.0/python_files/lib/jedilsp/jedi/inference/imports.py", line 116, in _prepare_infer_import
    return from_import_name, tuple(import_path), import_node.level, importer.follow()
  File "/usr/local/lib/code-server-4.103.2/lib/vscode/extensions/ms-python.python-2025.12.0/python_files/lib/jedilsp/jedi/inference/imports.py", line 296, in follow
    return import_module_by_names(
  File "/usr/local/lib/code-server-4.103.2/lib/vscode/extensions/ms-python.python-2025.12.0/python_files/lib/jedilsp/jedi/inference/imports.py", line 376, in import_module_by_names
    value_set = ValueSet.from_sets([
  File "/usr/local/lib/code-server-4.103.2/lib/vscode/extensions/ms-python.python-2025.12.0/python_files/lib/jedilsp/jedi/inference/imports.py", line 377, in <listcomp>
    import_module(
  File "/usr/local/lib/code-server-4.103.2/lib/vscode/extensions/ms-python.python-2025.12.0/python_files/lib/jedilsp/jedi/plugins/__init__.py", line 21, in wrapper
    return built_functions[public_name](*args, **kwargs)
  File "/usr/local/lib/code-server-4.103.2/lib/vscode/extensions/ms-python.python-2025.12.0/python_files/lib/jedilsp/jedi/plugins/flask.py", line 20, in wrapper
    return callback(inference_state, import_names, module_context, *args, **kwargs)
  File "/usr/local/lib/code-server-4.103.2/lib/vscode/extensions/ms-python.python-2025.12.0/python_files/lib/jedilsp/jedi/inference/gradual/typeshed.py", line 115, in wrapper
    python_value_set = ValueSet.from_sets(
  File "/usr/local/lib/code-server-4.103.2/lib/vscode/extensions/ms-python.python-2025.12.0/python_files/lib/jedilsp/jedi/inference/base_value.py", line 430, in from_sets
    for set_ in sets:
  File "/usr/local/lib/code-server-4.103.2/lib/vscode/extensions/ms-python.python-2025.12.0/python_files/lib/jedilsp/jedi/inference/gradual/typeshed.py", line 116, in <genexpr>
    func(inference_state, import_names, p, sys_path,)
  File "/usr/local/lib/code-server-4.103.2/lib/vscode/extensions/ms-python.python-2025.12.0/python_files/lib/jedilsp/jedi/inference/imports.py", line 411, in import_module
    file_io_or_ns, is_pkg = inference_state.compiled_subprocess.get_module_info(
  File "/usr/local/lib/code-server-4.103.2/lib/vscode/extensions/ms-python.python-2025.12.0/python_files/lib/jedilsp/jedi/inference/compiled/subprocess/__init__.py", line 188, in wrapper
    result = self._compiled_subprocess.run(
  File "/usr/local/lib/code-server-4.103.2/lib/vscode/extensions/ms-python.python-2025.12.0/python_files/lib/jedilsp/jedi/inference/compiled/subprocess/__init__.py", line 293, in run
    self._send(delete_id, None)
  File "/usr/local/lib/code-server-4.103.2/lib/vscode/extensions/ms-python.python-2025.12.0/python_files/lib/jedilsp/jedi/inference/compiled/subprocess/__init__.py", line 318, in _send
    is_exception, traceback, result = pickle_load(self._get_process().stdout)
  File "/usr/local/lib/code-server-4.103.2/lib/vscode/extensions/ms-python.python-2025.12.0/python_files/lib/jedilsp/jedi/_compatibility.py", line 25, in pickle_load
    return Unpickler(file).load()
_pickle.UnpicklingError: invalid load key, ' '.

2026-07-25 18:27:35.554 [info] [Error - 6:27:35 PM] Request textDocument/documentHighlight failed.
2026-07-25 18:27:35.563 [info]   Message: _pickle.UnpicklingError: invalid load key, ' '.
  Code: -32603 
[object Object]
2026-07-25 18:27:36.630 [info] ERROR:pygls.protocol.json_rpc:Failed to handle request 55 textDocument/codeAction CodeActionParams(text_document=TextDocumentIdentifier(uri='file:///voc/work/Knowledge_Hands_on/src/pipeline/fake_llm.py'), range=35:4-38:20, context=CodeActionContext(diagnostics=[], only=None, trigger_kind=<CodeActionTriggerKind.Automatic: 2>), work_done_token=None, partial_result_token=None)
Traceback (most recent call last):
  File "/usr/local/lib/code-server-4.103.2/lib/vscode/extensions/ms-python.python-2025.12.0/python_files/lib/jedilsp/pygls/protocol/json_rpc.py", line 266, in _handle_request
    self._execute_request(msg_id, handler, params)
  File "/usr/local/lib/code-server-4.103.2/lib/vscode/extensions/ms-python.python-2025.12.0/python_files/lib/jedilsp/pygls/protocol/json_rpc.py", line 188, in _execute_request
    self._send_response(msg_id, handler(params))
  File "/usr/local/lib/code-server-4.103.2/lib/vscode/extensions/ms-python.python-2025.12.0/python_files/lib/jedilsp/jedi_language_server/notebook_utils.py", line 373, in wrapped
    result = f(notebook_server, notebook_params)
  File "/usr/local/lib/code-server-4.103.2/lib/vscode/extensions/ms-python.python-2025.12.0/python_files/lib/jedilsp/jedi_language_server/server.py", line 717, in code_action
    extract_function_refactoring = jedi_script.extract_function(
  File "/usr/local/lib/code-server-4.103.2/lib/vscode/extensions/ms-python.python-2025.12.0/python_files/lib/jedilsp/jedi/api/helpers.py", line 487, in wrapper
    return func(self, line, column, *args, **kwargs)
  File "/usr/local/lib/code-server-4.103.2/lib/vscode/extensions/ms-python.python-2025.12.0/python_files/lib/jedilsp/jedi/api/__init__.py", line 675, in extract_function
    return extract_function(
  File "/usr/local/lib/code-server-4.103.2/lib/vscode/extensions/ms-python.python-2025.12.0/python_files/lib/jedilsp/jedi/api/refactoring/extract.py", line 216, in extract_function
    params, return_variables = list(_find_inputs_and_outputs(module_context, context, nodes))
  File "/usr/local/lib/code-server-4.103.2/lib/vscode/extensions/ms-python.python-2025.12.0/python_files/lib/jedilsp/jedi/api/refactoring/extract.py", line 332, in _find_inputs_and_outputs
    name_definitions = context.goto(name, name.start_pos)
  File "/usr/local/lib/code-server-4.103.2/lib/vscode/extensions/ms-python.python-2025.12.0/python_files/lib/jedilsp/jedi/inference/context.py", line 34, in goto
    names = finder.filter_name(filters, name_or_str)
  File "/usr/local/lib/code-server-4.103.2/lib/vscode/extensions/ms-python.python-2025.12.0/python_files/lib/jedilsp/jedi/inference/finder.py", line 35, in filter_name
    for filter in filters:
  File "/usr/local/lib/code-server-4.103.2/lib/vscode/extensions/ms-python.python-2025.12.0/python_files/lib/jedilsp/jedi/inference/context.py", line 496, in get_global_filters
    b = next(base_context.inference_state.builtins_module.get_filters(), None)
  File "/usr/local/lib/code-server-4.103.2/lib/vscode/extensions/ms-python.python-2025.12.0/python_files/lib/jedilsp/jedi/inference/cache.py", line 44, in wrapper
    rv = function(obj, *args, **kwargs)
  File "/usr/local/lib/code-server-4.103.2/lib/vscode/extensions/ms-python.python-2025.12.0/python_files/lib/jedilsp/jedi/inference/__init__.py", line 129, in builtins_module
    builtins_module, = self.import_module((module_name,), sys_path=[])
  File "/usr/local/lib/code-server-4.103.2/lib/vscode/extensions/ms-python.python-2025.12.0/python_files/lib/jedilsp/jedi/inference/__init__.py", line 112, in import_module
    return imports.import_module_by_names(
  File "/usr/local/lib/code-server-4.103.2/lib/vscode/extensions/ms-python.python-2025.12.0/python_files/lib/jedilsp/jedi/inference/imports.py", line 376, in import_module_by_names
    value_set = ValueSet.from_sets([
  File "/usr/local/lib/code-server-4.103.2/lib/vscode/extensions/ms-python.python-2025.12.0/python_files/lib/jedilsp/jedi/inference/imports.py", line 377, in <listcomp>
    import_module(
  File "/usr/local/lib/code-server-4.103.2/lib/vscode/extensions/ms-python.python-2025.12.0/python_files/lib/jedilsp/jedi/plugins/__init__.py", line 21, in wrapper
    return built_functions[public_name](*args, **kwargs)
  File "/usr/local/lib/code-server-4.103.2/lib/vscode/extensions/ms-python.python-2025.12.0/python_files/lib/jedilsp/jedi/plugins/flask.py", line 20, in wrapper
    return callback(inference_state, import_names, module_context, *args, **kwargs)
  File "/usr/local/lib/code-server-4.103.2/lib/vscode/extensions/ms-python.python-2025.12.0/python_files/lib/jedilsp/jedi/inference/gradual/typeshed.py", line 115, in wrapper
    python_value_set = ValueSet.from_sets(
  File "/usr/local/lib/code-server-4.103.2/lib/vscode/extensions/ms-python.python-2025.12.0/python_files/lib/jedilsp/jedi/inference/base_value.py", line 430, in from_sets
    for set_ in sets:
  File "/usr/local/lib/code-server-4.103.2/lib/vscode/extensions/ms-python.python-2025.12.0/python_files/lib/jedilsp/jedi/inference/gradual/typeshed.py", line 116, in <genexpr>
    func(inference_state, import_names, p, sys_path,)
  File "/usr/local/lib/code-server-4.103.2/lib/vscode/extensions/ms-python.python-2025.12.0/python_files/lib/jedilsp/jedi/inference/imports.py", line 411, in import_module
    file_io_or_ns, is_pkg = inference_state.compiled_subprocess.get_module_info(
  File "/usr/local/lib/code-server-4.103.2/lib/vscode/extensions/ms-python.python-2025.12.0/python_files/lib/jedilsp/jedi/inference/compiled/subprocess/__init__.py", line 188, in wrapper
    result = self._compiled_subprocess.run(
  File "/usr/local/lib/code-server-4.103.2/lib/vscode/extensions/ms-python.python-2025.12.0/python_files/lib/jedilsp/jedi/inference/compiled/subprocess/__init__.py", line 293, in run
    self._send(delete_id, None)
  File "/usr/local/lib/code-server-4.103.2/lib/vscode/extensions/ms-python.python-2025.12.0/python_files/lib/jedilsp/jedi/inference/compiled/subprocess/__init__.py", line 318, in _send
    is_exception, traceback, result = pickle_load(self._get_process().stdout)
  File "/usr/local/lib/code-server-4.103.2/lib/vscode/extensions/ms-python.python-2025.12.0/python_files/lib/jedilsp/jedi/_compatibility.py", line 25, in pickle_load
    return Unpickler(file).load()
_pickle.UnpicklingError: invalid load key, ' '.

2026-07-25 18:27:36.631 [info] [Error - 6:27:36 PM] Request textDocument/codeAction failed.
2026-07-25 18:27:36.647 [info]   Message: _pickle.UnpicklingError: invalid load key, ' '.
  Code: -32603 
[object Object]
2026-07-25 18:27:37.284 [info] semantic_tokens_range file:///voc/work/Knowledge_Hands_on/src/pipeline/fake_llm.py 11:0-72:80
2026-07-25 18:27:37.287 [info] ERROR:pygls.protocol.json_rpc:Exception occurred for message "56": _pickle.UnpicklingError: invalid load key, ' '.
NoneType: None

2026-07-25 18:27:37.292 [info] [Error - 6:27:37 PM] Request textDocument/semanticTokens/range failed.
2026-07-25 18:27:37.292 [info]   Message: _pickle.UnpicklingError: invalid load key, ' '.
  Code: -32603 
[object Object]
2026-07-25 18:27:39.753 [info] semantic_tokens_range file:///voc/work/Knowledge_Hands_on/src/pipeline/fake_llm.py 19:0-80:80
2026-07-25 18:27:39.755 [info] ERROR:pygls.protocol.json_rpc:Exception occurred for message "59": _pickle.UnpicklingError: invalid load key, ' '.
NoneType: None

2026-07-25 18:27:39.762 [info] [Error - 6:27:39 PM] Request textDocument/semanticTokens/range failed.
2026-07-25 18:27:39.762 [info]   Message: _pickle.UnpicklingError: invalid load key, ' '.
  Code: -32603 
[object Object]
2026-07-25 18:27:40.299 [info] semantic_tokens_range file:///voc/work/Knowledge_Hands_on/src/pipeline/fake_llm.py 35:0-95:16
2026-07-25 18:27:40.301 [info] ERROR:pygls.protocol.json_rpc:Exception occurred for message "60": _pickle.UnpicklingError: invalid load key, ' '.
NoneType: None

2026-07-25 18:27:40.311 [info] [Error - 6:27:40 PM] Request textDocument/semanticTokens/range failed.
2026-07-25 18:27:40.311 [info]   Message: _pickle.UnpicklingError: invalid load key, ' '.
  Code: -32603 
[object Object]
2026-07-25 18:27:42.334 [info] semantic_tokens_range file:///voc/work/Knowledge_Hands_on/src/pipeline/fake_llm.py 114:0-174:21
2026-07-25 18:27:42.337 [info] ERROR:pygls.protocol.json_rpc:Exception occurred for message "61": _pickle.UnpicklingError: invalid load key, ' '.
NoneType: None

2026-07-25 18:27:42.341 [info] [Error - 6:27:42 PM] Request textDocument/semanticTokens/range failed.
2026-07-25 18:27:42.341 [info]   Message: _pickle.UnpicklingError: invalid load key, ' '.
  Code: -32603 
[object Object]
2026-07-25 18:27:42.820 [info] semantic_tokens_range file:///voc/work/Knowledge_Hands_on/src/pipeline/fake_llm.py 103:0-164:18
2026-07-25 18:27:42.822 [info] ERROR:pygls.protocol.json_rpc:Exception occurred for message "62": _pickle.UnpicklingError: invalid load key, ' '.
NoneType: None

2026-07-25 18:27:42.828 [info] [Error - 6:27:42 PM] Request textDocument/semanticTokens/range failed.
2026-07-25 18:27:42.828 [info]   Message: _pickle.UnpicklingError: invalid load key, ' '.
  Code: -32603 
[object Object]
2026-07-25 18:27:46.840 [info] semantic_tokens_range file:///voc/work/Knowledge_Hands_on/src/pipeline/fake_llm.py 108:0-169:0
2026-07-25 18:27:46.843 [info] ERROR:pygls.protocol.json_rpc:Exception occurred for message "63": _pickle.UnpicklingError: invalid load key, ' '.
NoneType: None

2026-07-25 18:27:46.847 [info] [Error - 6:27:46 PM] Request textDocument/semanticTokens/range failed.
2026-07-25 18:27:46.847 [info]   Message: _pickle.UnpicklingError: invalid load key, ' '.
  Code: -32603 
[object Object]
2026-07-25 18:27:47.621 [info] semantic_tokens_range file:///voc/work/Knowledge_Hands_on/src/pipeline/fake_llm.py 119:0-180:37
2026-07-25 18:27:47.623 [info] ERROR:pygls.protocol.json_rpc:Exception occurred for message "64": _pickle.UnpicklingError: invalid load key, ' '.
NoneType: None

2026-07-25 18:27:47.628 [info] [Error - 6:27:47 PM] Request textDocument/semanticTokens/range failed.
2026-07-25 18:27:47.628 [info]   Message: _pickle.UnpicklingError: invalid load key, ' '.
  Code: -32603 
[object Object]
2026-07-25 18:27:48.715 [info] semantic_tokens_range file:///voc/work/Knowledge_Hands_on/src/pipeline/fake_llm.py 137:0-184:0
2026-07-25 18:27:48.719 [info] ERROR:pygls.protocol.json_rpc:Exception occurred for message "65": _pickle.UnpicklingError: invalid load key, ' '.
NoneType: None

2026-07-25 18:27:48.722 [info] [Error - 6:27:48 PM] Request textDocument/semanticTokens/range failed.
2026-07-25 18:27:48.729 [info]   Message: _pickle.UnpicklingError: invalid load key, ' '.
  Code: -32603 
[object Object]
2026-07-25 18:27:49.322 [info] semantic_tokens_range file:///voc/work/Knowledge_Hands_on/src/pipeline/fake_llm.py 124:0-184:0
2026-07-25 18:27:49.325 [info] ERROR:pygls.protocol.json_rpc:Exception occurred for message "66": _pickle.UnpicklingError: invalid load key, ' '.
NoneType: None

2026-07-25 18:27:49.330 [info] [Error - 6:27:49 PM] Request textDocument/semanticTokens/range failed.
2026-07-25 18:27:49.330 [info]   Message: _pickle.UnpicklingError: invalid load key, ' '.
  Code: -32603 
[object Object]
2026-07-25 18:27:50.536 [info] semantic_tokens_range file:///voc/work/Knowledge_Hands_on/src/pipeline/fake_llm.py 77:0-137:72
2026-07-25 18:27:50.539 [info] ERROR:pygls.protocol.json_rpc:Exception occurred for message "67": _pickle.UnpicklingError: invalid load key, ' '.
NoneType: None

2026-07-25 18:27:50.544 [info] [Error - 6:27:50 PM] Request textDocument/semanticTokens/range failed.
2026-07-25 18:27:50.544 [info]   Message: _pickle.UnpicklingError: invalid load key, ' '.
  Code: -32603 
[object Object]
2026-07-25 18:27:51.918 [info] semantic_tokens_range file:///voc/work/Knowledge_Hands_on/src/pipeline/fake_llm.py 72:0-132:80
2026-07-25 18:27:51.920 [info] ERROR:pygls.protocol.json_rpc:Exception occurred for message "69": _pickle.UnpicklingError: invalid load key, ' '.
NoneType: None

2026-07-25 18:27:51.925 [info] [Error - 6:27:51 PM] Request textDocument/semanticTokens/range failed.
2026-07-25 18:27:51.925 [info]   Message: _pickle.UnpicklingError: invalid load key, ' '.
  Code: -32603 
[object Object]
2026-07-25 18:27:52.589 [info] semantic_tokens_range file:///voc/work/Knowledge_Hands_on/src/pipeline/fake_llm.py 58:0-119:18
2026-07-25 18:27:54.433 [info] semantic_tokens_range file:///voc/work/Knowledge_Hands_on/src/pipeline/fake_llm.py 72:0-132:80
2026-07-25 18:27:54.436 [info] ERROR:pygls.protocol.json_rpc:Exception occurred for message "71": _pickle.UnpicklingError: invalid load key, ' '.
NoneType: None

2026-07-25 18:27:54.441 [info] [Error - 6:27:54 PM] Request textDocument/semanticTokens/range failed.
2026-07-25 18:27:54.441 [info]   Message: _pickle.UnpicklingError: invalid load key, ' '.
  Code: -32603 
[object Object]
2026-07-25 18:27:56.573 [info] semantic_tokens_range file:///voc/work/Knowledge_Hands_on/src/pipeline/fake_llm.py 56:0-116:82
2026-07-25 18:27:59.852 [info] ERROR:pygls.protocol.json_rpc:Failed to handle request 74 textDocument/documentSymbol DocumentSymbolParams(text_document=TextDocumentIdentifier(uri='file:///voc/work/Knowledge_Hands_on/src/pipeline/query_results.py'), work_done_token=None, partial_result_token=None)
Traceback (most recent call last):
  File "/usr/local/lib/code-server-4.103.2/lib/vscode/extensions/ms-python.python-2025.12.0/python_files/lib/jedilsp/pygls/protocol/json_rpc.py", line 266, in _handle_request
    self._execute_request(msg_id, handler, params)
  File "/usr/local/lib/code-server-4.103.2/lib/vscode/extensions/ms-python.python-2025.12.0/python_files/lib/jedilsp/pygls/protocol/json_rpc.py", line 188, in _execute_request
    self._send_response(msg_id, handler(params))
  File "/usr/local/lib/code-server-4.103.2/lib/vscode/extensions/ms-python.python-2025.12.0/python_files/lib/jedilsp/jedi_language_server/server.py", line 546, in document_symbol
    document_symbols = jedi_utils.lsp_document_symbols(names)
  File "/usr/local/lib/code-server-4.103.2/lib/vscode/extensions/ms-python.python-2025.12.0/python_files/lib/jedilsp/jedi_language_server/jedi_utils.py", line 225, in lsp_document_symbols
    symbol_range = _document_symbol_range(name)
  File "/usr/local/lib/code-server-4.103.2/lib/vscode/extensions/ms-python.python-2025.12.0/python_files/lib/jedilsp/jedi_language_server/jedi_utils.py", line 204, in _document_symbol_range
    end = name.get_definition_end_position()
  File "/usr/local/lib/code-server-4.103.2/lib/vscode/extensions/ms-python.python-2025.12.0/python_files/lib/jedilsp/jedi/api/classes.py", line 260, in get_definition_end_position
    if self.type in ("function", "class"):
  File "/usr/local/lib/code-server-4.103.2/lib/vscode/extensions/ms-python.python-2025.12.0/python_files/lib/jedilsp/jedi/api/classes.py", line 190, in type
    for value in self._name.infer():
  File "/usr/local/lib/code-server-4.103.2/lib/vscode/extensions/ms-python.python-2025.12.0/python_files/lib/jedilsp/jedi/inference/names.py", line 281, in infer
    return tree_name_to_values(
  File "/usr/local/lib/code-server-4.103.2/lib/vscode/extensions/ms-python.python-2025.12.0/python_files/lib/jedilsp/jedi/plugins/__init__.py", line 21, in wrapper
    return built_functions[public_name](*args, **kwargs)
  File "/usr/local/lib/code-server-4.103.2/lib/vscode/extensions/ms-python.python-2025.12.0/python_files/lib/jedilsp/jedi/plugins/stdlib.py", line 878, in wrapper
    return func(inference_state, context, tree_name)
  File "/usr/local/lib/code-server-4.103.2/lib/vscode/extensions/ms-python.python-2025.12.0/python_files/lib/jedilsp/jedi/plugins/django.py", line 177, in wrapper
    result = func(inference_state, context, tree_name)
  File "/usr/local/lib/code-server-4.103.2/lib/vscode/extensions/ms-python.python-2025.12.0/python_files/lib/jedilsp/jedi/inference/syntax_tree.py", line 771, in tree_name_to_values
    types = imports.infer_import(context, tree_name)
  File "/usr/local/lib/code-server-4.103.2/lib/vscode/extensions/ms-python.python-2025.12.0/python_files/lib/jedilsp/jedi/inference/cache.py", line 44, in wrapper
    rv = function(obj, *args, **kwargs)
  File "/usr/local/lib/code-server-4.103.2/lib/vscode/extensions/ms-python.python-2025.12.0/python_files/lib/jedilsp/jedi/inference/imports.py", line 53, in infer_import
    _prepare_infer_import(module_context, tree_name)
  File "/usr/local/lib/code-server-4.103.2/lib/vscode/extensions/ms-python.python-2025.12.0/python_files/lib/jedilsp/jedi/inference/imports.py", line 116, in _prepare_infer_import
    return from_import_name, tuple(import_path), import_node.level, importer.follow()
  File "/usr/local/lib/code-server-4.103.2/lib/vscode/extensions/ms-python.python-2025.12.0/python_files/lib/jedilsp/jedi/inference/imports.py", line 296, in follow
    return import_module_by_names(
  File "/usr/local/lib/code-server-4.103.2/lib/vscode/extensions/ms-python.python-2025.12.0/python_files/lib/jedilsp/jedi/inference/imports.py", line 376, in import_module_by_names
    value_set = ValueSet.from_sets([
  File "/usr/local/lib/code-server-4.103.2/lib/vscode/extensions/ms-python.python-2025.12.0/python_files/lib/jedilsp/jedi/inference/imports.py", line 377, in <listcomp>
    import_module(
  File "/usr/local/lib/code-server-4.103.2/lib/vscode/extensions/ms-python.python-2025.12.0/python_files/lib/jedilsp/jedi/plugins/__init__.py", line 21, in wrapper
    return built_functions[public_name](*args, **kwargs)
  File "/usr/local/lib/code-server-4.103.2/lib/vscode/extensions/ms-python.python-2025.12.0/python_files/lib/jedilsp/jedi/plugins/flask.py", line 20, in wrapper
    return callback(inference_state, import_names, module_context, *args, **kwargs)
  File "/usr/local/lib/code-server-4.103.2/lib/vscode/extensions/ms-python.python-2025.12.0/python_files/lib/jedilsp/jedi/inference/gradual/typeshed.py", line 115, in wrapper
    python_value_set = ValueSet.from_sets(
  File "/usr/local/lib/code-server-4.103.2/lib/vscode/extensions/ms-python.python-2025.12.0/python_files/lib/jedilsp/jedi/inference/base_value.py", line 430, in from_sets
    for set_ in sets:
  File "/usr/local/lib/code-server-4.103.2/lib/vscode/extensions/ms-python.python-2025.12.0/python_files/lib/jedilsp/jedi/inference/gradual/typeshed.py", line 116, in <genexpr>
    func(inference_state, import_names, p, sys_path,)
  File "/usr/local/lib/code-server-4.103.2/lib/vscode/extensions/ms-python.python-2025.12.0/python_files/lib/jedilsp/jedi/inference/imports.py", line 411, in import_module
    file_io_or_ns, is_pkg = inference_state.compiled_subprocess.get_module_info(
  File "/usr/local/lib/code-server-4.103.2/lib/vscode/extensions/ms-python.python-2025.12.0/python_files/lib/jedilsp/jedi/inference/compiled/subprocess/__init__.py", line 188, in wrapper
    result = self._compiled_subprocess.run(
  File "/usr/local/lib/code-server-4.103.2/lib/vscode/extensions/ms-python.python-2025.12.0/python_files/lib/jedilsp/jedi/inference/compiled/subprocess/__init__.py", line 293, in run
    self._send(delete_id, None)
  File "/usr/local/lib/code-server-4.103.2/lib/vscode/extensions/ms-python.python-2025.12.0/python_files/lib/jedilsp/jedi/inference/compiled/subprocess/__init__.py", line 318, in _send
    is_exception, traceback, result = pickle_load(self._get_process().stdout)
  File "/usr/local/lib/code-server-4.103.2/lib/vscode/extensions/ms-python.python-2025.12.0/python_files/lib/jedilsp/jedi/_compatibility.py", line 25, in pickle_load
    return Unpickler(file).load()
_pickle.UnpicklingError: invalid load key, ' '.

2026-07-25 18:27:59.853 [info] [Error - 6:27:59 PM] Request textDocument/documentSymbol failed.
2026-07-25 18:27:59.861 [info]   Message: _pickle.UnpicklingError: invalid load key, ' '.
  Code: -32603 
[object Object]
2026-07-25 18:27:59.862 [info] semantic_tokens_full file:///voc/work/Knowledge_Hands_on/src/pipeline/query_results.py 
2026-07-25 18:27:59.868 [info] ERROR:pygls.protocol.json_rpc:Exception occurred for message "75": _pickle.UnpicklingError: invalid load key, ' '.
NoneType: None

2026-07-25 18:27:59.868 [info] [Error - 6:27:59 PM] Request textDocument/semanticTokens/full failed.
2026-07-25 18:27:59.868 [info]   Message: _pickle.UnpicklingError: invalid load key, ' '.
  Code: -32603 
[object Object]
2026-07-25 18:28:00.114 [info] ERROR:pygls.protocol.json_rpc:Failed to handle request 76 textDocument/documentSymbol DocumentSymbolParams(text_document=TextDocumentIdentifier(uri='file:///voc/work/Knowledge_Hands_on/src/pipeline/query_results.py'), work_done_token=None, partial_result_token=None)
Traceback (most recent call last):
  File "/usr/local/lib/code-server-4.103.2/lib/vscode/extensions/ms-python.python-2025.12.0/python_files/lib/jedilsp/pygls/protocol/json_rpc.py", line 266, in _handle_request
    self._execute_request(msg_id, handler, params)
  File "/usr/local/lib/code-server-4.103.2/lib/vscode/extensions/ms-python.python-2025.12.0/python_files/lib/jedilsp/pygls/protocol/json_rpc.py", line 188, in _execute_request
    self._send_response(msg_id, handler(params))
  File "/usr/local/lib/code-server-4.103.2/lib/vscode/extensions/ms-python.python-2025.12.0/python_files/lib/jedilsp/jedi_language_server/server.py", line 546, in document_symbol
    document_symbols = jedi_utils.lsp_document_symbols(names)
  File "/usr/local/lib/code-server-4.103.2/lib/vscode/extensions/ms-python.python-2025.12.0/python_files/lib/jedilsp/jedi_language_server/jedi_utils.py", line 225, in lsp_document_symbols
    symbol_range = _document_symbol_range(name)
  File "/usr/local/lib/code-server-4.103.2/lib/vscode/extensions/ms-python.python-2025.12.0/python_files/lib/jedilsp/jedi_language_server/jedi_utils.py", line 204, in _document_symbol_range
    end = name.get_definition_end_position()
  File "/usr/local/lib/code-server-4.103.2/lib/vscode/extensions/ms-python.python-2025.12.0/python_files/lib/jedilsp/jedi/api/classes.py", line 260, in get_definition_end_position
    if self.type in ("function", "class"):
  File "/usr/local/lib/code-server-4.103.2/lib/vscode/extensions/ms-python.python-2025.12.0/python_files/lib/jedilsp/jedi/api/classes.py", line 190, in type
    for value in self._name.infer():
  File "/usr/local/lib/code-server-4.103.2/lib/vscode/extensions/ms-python.python-2025.12.0/python_files/lib/jedilsp/jedi/inference/names.py", line 281, in infer
    return tree_name_to_values(
  File "/usr/local/lib/code-server-4.103.2/lib/vscode/extensions/ms-python.python-2025.12.0/python_files/lib/jedilsp/jedi/plugins/__init__.py", line 21, in wrapper
    return built_functions[public_name](*args, **kwargs)
  File "/usr/local/lib/code-server-4.103.2/lib/vscode/extensions/ms-python.python-2025.12.0/python_files/lib/jedilsp/jedi/plugins/stdlib.py", line 878, in wrapper
    return func(inference_state, context, tree_name)
  File "/usr/local/lib/code-server-4.103.2/lib/vscode/extensions/ms-python.python-2025.12.0/python_files/lib/jedilsp/jedi/plugins/django.py", line 177, in wrapper
    result = func(inference_state, context, tree_name)
  File "/usr/local/lib/code-server-4.103.2/lib/vscode/extensions/ms-python.python-2025.12.0/python_files/lib/jedilsp/jedi/inference/syntax_tree.py", line 771, in tree_name_to_values
    types = imports.infer_import(context, tree_name)
  File "/usr/local/lib/code-server-4.103.2/lib/vscode/extensions/ms-python.python-2025.12.0/python_files/lib/jedilsp/jedi/inference/cache.py", line 44, in wrapper
    rv = function(obj, *args, **kwargs)
  File "/usr/local/lib/code-server-4.103.2/lib/vscode/extensions/ms-python.python-2025.12.0/python_files/lib/jedilsp/jedi/inference/imports.py", line 53, in infer_import
    _prepare_infer_import(module_context, tree_name)
  File "/usr/local/lib/code-server-4.103.2/lib/vscode/extensions/ms-python.python-2025.12.0/python_files/lib/jedilsp/jedi/inference/imports.py", line 116, in _prepare_infer_import
    return from_import_name, tuple(import_path), import_node.level, importer.follow()
  File "/usr/local/lib/code-server-4.103.2/lib/vscode/extensions/ms-python.python-2025.12.0/python_files/lib/jedilsp/jedi/inference/imports.py", line 296, in follow
    return import_module_by_names(
  File "/usr/local/lib/code-server-4.103.2/lib/vscode/extensions/ms-python.python-2025.12.0/python_files/lib/jedilsp/jedi/inference/imports.py", line 376, in import_module_by_names
    value_set = ValueSet.from_sets([
  File "/usr/local/lib/code-server-4.103.2/lib/vscode/extensions/ms-python.python-2025.12.0/python_files/lib/jedilsp/jedi/inference/imports.py", line 377, in <listcomp>
    import_module(
  File "/usr/local/lib/code-server-4.103.2/lib/vscode/extensions/ms-python.python-2025.12.0/python_files/lib/jedilsp/jedi/plugins/__init__.py", line 21, in wrapper
    return built_functions[public_name](*args, **kwargs)
  File "/usr/local/lib/code-server-4.103.2/lib/vscode/extensions/ms-python.python-2025.12.0/python_files/lib/jedilsp/jedi/plugins/flask.py", line 20, in wrapper
    return callback(inference_state, import_names, module_context, *args, **kwargs)
  File "/usr/local/lib/code-server-4.103.2/lib/vscode/extensions/ms-python.python-2025.12.0/python_files/lib/jedilsp/jedi/inference/gradual/typeshed.py", line 115, in wrapper
    python_value_set = ValueSet.from_sets(
  File "/usr/local/lib/code-server-4.103.2/lib/vscode/extensions/ms-python.python-2025.12.0/python_files/lib/jedilsp/jedi/inference/base_value.py", line 430, in from_sets
    for set_ in sets:
  File "/usr/local/lib/code-server-4.103.2/lib/vscode/extensions/ms-python.python-2025.12.0/python_files/lib/jedilsp/jedi/inference/gradual/typeshed.py", line 116, in <genexpr>
    func(inference_state, import_names, p, sys_path,)
  File "/usr/local/lib/code-server-4.103.2/lib/vscode/extensions/ms-python.python-2025.12.0/python_files/lib/jedilsp/jedi/inference/imports.py", line 411, in import_module
    file_io_or_ns, is_pkg = inference_state.compiled_subprocess.get_module_info(
  File "/usr/local/lib/code-server-4.103.2/lib/vscode/extensions/ms-python.python-2025.12.0/python_files/lib/jedilsp/jedi/inference/compiled/subprocess/__init__.py", line 188, in wrapper
    result = self._compiled_subprocess.run(
  File "/usr/local/lib/code-server-4.103.2/lib/vscode/extensions/ms-python.python-2025.12.0/python_files/lib/jedilsp/jedi/inference/compiled/subprocess/__init__.py", line 293, in run
    self._send(delete_id, None)
  File "/usr/local/lib/code-server-4.103.2/lib/vscode/extensions/ms-python.python-2025.12.0/python_files/lib/jedilsp/jedi/inference/compiled/subprocess/__init__.py", line 318, in _send
    is_exception, traceback, result = pickle_load(self._get_process().stdout)
  File "/usr/local/lib/code-server-4.103.2/lib/vscode/extensions/ms-python.python-2025.12.0/python_files/lib/jedilsp/jedi/_compatibility.py", line 25, in pickle_load
    return Unpickler(file).load()
_pickle.UnpicklingError: invalid load key, ' '.

2026-07-25 18:28:00.115 [info] [Error - 6:28:00 PM] Request textDocument/documentSymbol failed.
2026-07-25 18:28:00.121 [info]   Message: _pickle.UnpicklingError: invalid load key, ' '.
  Code: -32603 
[object Object]
2026-07-25 18:28:00.165 [info] semantic_tokens_range file:///voc/work/Knowledge_Hands_on/src/pipeline/query_results.py 0:0-40:53
2026-07-25 18:28:00.167 [info] ERROR:pygls.protocol.json_rpc:Exception occurred for message "77": _pickle.UnpicklingError: invalid load key, ' '.
NoneType: None

2026-07-25 18:28:00.172 [info] [Error - 6:28:00 PM] Request textDocument/semanticTokens/range failed.
2026-07-25 18:28:00.172 [info]   Message: _pickle.UnpicklingError: invalid load key, ' '.
  Code: -32603 
[object Object]
2026-07-25 18:28:01.294 [info] semantic_tokens_range file:///voc/work/Knowledge_Hands_on/src/pipeline/query_results.py 0:0-49:0
2026-07-25 18:28:01.297 [info] ERROR:pygls.protocol.json_rpc:Exception occurred for message "78": _pickle.UnpicklingError: invalid load key, ' '.
NoneType: None

2026-07-25 18:28:01.302 [info] [Error - 6:28:01 PM] Request textDocument/semanticTokens/range failed.
2026-07-25 18:28:01.302 [info]   Message: _pickle.UnpicklingError: invalid load key, ' '.
  Code: -32603 
[object Object]
2026-07-25 18:28:05.992 [info] ERROR:pygls.protocol.json_rpc:Failed to handle request 80 textDocument/documentSymbol DocumentSymbolParams(text_document=TextDocumentIdentifier(uri='file:///voc/work/Knowledge_Hands_on/src/pipeline/store.py'), work_done_token=None, partial_result_token=None)
Traceback (most recent call last):
  File "/usr/local/lib/code-server-4.103.2/lib/vscode/extensions/ms-python.python-2025.12.0/python_files/lib/jedilsp/pygls/protocol/json_rpc.py", line 266, in _handle_request
    self._execute_request(msg_id, handler, params)
  File "/usr/local/lib/code-server-4.103.2/lib/vscode/extensions/ms-python.python-2025.12.0/python_files/lib/jedilsp/pygls/protocol/json_rpc.py", line 188, in _execute_request
    self._send_response(msg_id, handler(params))
  File "/usr/local/lib/code-server-4.103.2/lib/vscode/extensions/ms-python.python-2025.12.0/python_files/lib/jedilsp/jedi_language_server/server.py", line 546, in document_symbol
    document_symbols = jedi_utils.lsp_document_symbols(names)
  File "/usr/local/lib/code-server-4.103.2/lib/vscode/extensions/ms-python.python-2025.12.0/python_files/lib/jedilsp/jedi_language_server/jedi_utils.py", line 225, in lsp_document_symbols
    symbol_range = _document_symbol_range(name)
  File "/usr/local/lib/code-server-4.103.2/lib/vscode/extensions/ms-python.python-2025.12.0/python_files/lib/jedilsp/jedi_language_server/jedi_utils.py", line 204, in _document_symbol_range
    end = name.get_definition_end_position()
  File "/usr/local/lib/code-server-4.103.2/lib/vscode/extensions/ms-python.python-2025.12.0/python_files/lib/jedilsp/jedi/api/classes.py", line 260, in get_definition_end_position
    if self.type in ("function", "class"):
  File "/usr/local/lib/code-server-4.103.2/lib/vscode/extensions/ms-python.python-2025.12.0/python_files/lib/jedilsp/jedi/api/classes.py", line 190, in type
    for value in self._name.infer():
  File "/usr/local/lib/code-server-4.103.2/lib/vscode/extensions/ms-python.python-2025.12.0/python_files/lib/jedilsp/jedi/inference/names.py", line 281, in infer
    return tree_name_to_values(
  File "/usr/local/lib/code-server-4.103.2/lib/vscode/extensions/ms-python.python-2025.12.0/python_files/lib/jedilsp/jedi/plugins/__init__.py", line 21, in wrapper
    return built_functions[public_name](*args, **kwargs)
  File "/usr/local/lib/code-server-4.103.2/lib/vscode/extensions/ms-python.python-2025.12.0/python_files/lib/jedilsp/jedi/plugins/stdlib.py", line 878, in wrapper
    return func(inference_state, context, tree_name)
  File "/usr/local/lib/code-server-4.103.2/lib/vscode/extensions/ms-python.python-2025.12.0/python_files/lib/jedilsp/jedi/plugins/django.py", line 177, in wrapper
    result = func(inference_state, context, tree_name)
  File "/usr/local/lib/code-server-4.103.2/lib/vscode/extensions/ms-python.python-2025.12.0/python_files/lib/jedilsp/jedi/inference/syntax_tree.py", line 771, in tree_name_to_values
    types = imports.infer_import(context, tree_name)
  File "/usr/local/lib/code-server-4.103.2/lib/vscode/extensions/ms-python.python-2025.12.0/python_files/lib/jedilsp/jedi/inference/cache.py", line 44, in wrapper
    rv = function(obj, *args, **kwargs)
  File "/usr/local/lib/code-server-4.103.2/lib/vscode/extensions/ms-python.python-2025.12.0/python_files/lib/jedilsp/jedi/inference/imports.py", line 53, in infer_import
    _prepare_infer_import(module_context, tree_name)
  File "/usr/local/lib/code-server-4.103.2/lib/vscode/extensions/ms-python.python-2025.12.0/python_files/lib/jedilsp/jedi/inference/imports.py", line 116, in _prepare_infer_import
    return from_import_name, tuple(import_path), import_node.level, importer.follow()
  File "/usr/local/lib/code-server-4.103.2/lib/vscode/extensions/ms-python.python-2025.12.0/python_files/lib/jedilsp/jedi/inference/imports.py", line 296, in follow
    return import_module_by_names(
  File "/usr/local/lib/code-server-4.103.2/lib/vscode/extensions/ms-python.python-2025.12.0/python_files/lib/jedilsp/jedi/inference/imports.py", line 376, in import_module_by_names
    value_set = ValueSet.from_sets([
  File "/usr/local/lib/code-server-4.103.2/lib/vscode/extensions/ms-python.python-2025.12.0/python_files/lib/jedilsp/jedi/inference/imports.py", line 377, in <listcomp>
    import_module(
  File "/usr/local/lib/code-server-4.103.2/lib/vscode/extensions/ms-python.python-2025.12.0/python_files/lib/jedilsp/jedi/plugins/__init__.py", line 21, in wrapper
    return built_functions[public_name](*args, **kwargs)
  File "/usr/local/lib/code-server-4.103.2/lib/vscode/extensions/ms-python.python-2025.12.0/python_files/lib/jedilsp/jedi/plugins/flask.py", line 20, in wrapper
    return callback(inference_state, import_names, module_context, *args, **kwargs)
  File "/usr/local/lib/code-server-4.103.2/lib/vscode/extensions/ms-python.python-2025.12.0/python_files/lib/jedilsp/jedi/inference/gradual/typeshed.py", line 115, in wrapper
    python_value_set = ValueSet.from_sets(
  File "/usr/local/lib/code-server-4.103.2/lib/vscode/extensions/ms-python.python-2025.12.0/python_files/lib/jedilsp/jedi/inference/base_value.py", line 430, in from_sets
    for set_ in sets:
  File "/usr/local/lib/code-server-4.103.2/lib/vscode/extensions/ms-python.python-2025.12.0/python_files/lib/jedilsp/jedi/inference/gradual/typeshed.py", line 116, in <genexpr>
    func(inference_state, import_names, p, sys_path,)
  File "/usr/local/lib/code-server-4.103.2/lib/vscode/extensions/ms-python.python-2025.12.0/python_files/lib/jedilsp/jedi/inference/imports.py", line 411, in import_module
    file_io_or_ns, is_pkg = inference_state.compiled_subprocess.get_module_info(
  File "/usr/local/lib/code-server-4.103.2/lib/vscode/extensions/ms-python.python-2025.12.0/python_files/lib/jedilsp/jedi/inference/compiled/subprocess/__init__.py", line 188, in wrapper
    result = self._compiled_subprocess.run(
  File "/usr/local/lib/code-server-4.103.2/lib/vscode/extensions/ms-python.python-2025.12.0/python_files/lib/jedilsp/jedi/inference/compiled/subprocess/__init__.py", line 293, in run
    self._send(delete_id, None)
  File "/usr/local/lib/code-server-4.103.2/lib/vscode/extensions/ms-python.python-2025.12.0/python_files/lib/jedilsp/jedi/inference/compiled/subprocess/__init__.py", line 318, in _send
    is_exception, traceback, result = pickle_load(self._get_process().stdout)
  File "/usr/local/lib/code-server-4.103.2/lib/vscode/extensions/ms-python.python-2025.12.0/python_files/lib/jedilsp/jedi/_compatibility.py", line 25, in pickle_load
    return Unpickler(file).load()
_pickle.UnpicklingError: invalid load key, ' '.

2026-07-25 18:28:05.992 [info] [Error - 6:28:05 PM] Request textDocument/documentSymbol failed.
2026-07-25 18:28:05.999 [info]   Message: _pickle.UnpicklingError: invalid load key, ' '.
  Code: -32603 
[object Object]
2026-07-25 18:28:05.999 [info] ERROR:pygls.protocol.json_rpc:Exception occurred for message "81": _pickle.UnpicklingError: invalid load key, ' '.
NoneType: None

2026-07-25 18:28:05.999 [info] semantic_tokens_full file:///voc/work/Knowledge_Hands_on/src/pipeline/store.py 
2026-07-25 18:28:05.999 [info] [Error - 6:28:05 PM] Request textDocument/semanticTokens/full failed.
2026-07-25 18:28:05.999 [info]   Message: _pickle.UnpicklingError: invalid load key, ' '.
  Code: -32603 
[object Object]
2026-07-25 18:28:06.247 [info] ERROR:pygls.protocol.json_rpc:Failed to handle request 82 textDocument/documentSymbol DocumentSymbolParams(text_document=TextDocumentIdentifier(uri='file:///voc/work/Knowledge_Hands_on/src/pipeline/store.py'), work_done_token=None, partial_result_token=None)
Traceback (most recent call last):
  File "/usr/local/lib/code-server-4.103.2/lib/vscode/extensions/ms-python.python-2025.12.0/python_files/lib/jedilsp/pygls/protocol/json_rpc.py", line 266, in _handle_request
    self._execute_request(msg_id, handler, params)
  File "/usr/local/lib/code-server-4.103.2/lib/vscode/extensions/ms-python.python-2025.12.0/python_files/lib/jedilsp/pygls/protocol/json_rpc.py", line 188, in _execute_request
    self._send_response(msg_id, handler(params))
  File "/usr/local/lib/code-server-4.103.2/lib/vscode/extensions/ms-python.python-2025.12.0/python_files/lib/jedilsp/jedi_language_server/server.py", line 546, in document_symbol
    document_symbols = jedi_utils.lsp_document_symbols(names)
  File "/usr/local/lib/code-server-4.103.2/lib/vscode/extensions/ms-python.python-2025.12.0/python_files/lib/jedilsp/jedi_language_server/jedi_utils.py", line 225, in lsp_document_symbols
    symbol_range = _document_symbol_range(name)
  File "/usr/local/lib/code-server-4.103.2/lib/vscode/extensions/ms-python.python-2025.12.0/python_files/lib/jedilsp/jedi_language_server/jedi_utils.py", line 204, in _document_symbol_range
    end = name.get_definition_end_position()
  File "/usr/local/lib/code-server-4.103.2/lib/vscode/extensions/ms-python.python-2025.12.0/python_files/lib/jedilsp/jedi/api/classes.py", line 260, in get_definition_end_position
    if self.type in ("function", "class"):
  File "/usr/local/lib/code-server-4.103.2/lib/vscode/extensions/ms-python.python-2025.12.0/python_files/lib/jedilsp/jedi/api/classes.py", line 190, in type
    for value in self._name.infer():
  File "/usr/local/lib/code-server-4.103.2/lib/vscode/extensions/ms-python.python-2025.12.0/python_files/lib/jedilsp/jedi/inference/names.py", line 281, in infer
    return tree_name_to_values(
  File "/usr/local/lib/code-server-4.103.2/lib/vscode/extensions/ms-python.python-2025.12.0/python_files/lib/jedilsp/jedi/plugins/__init__.py", line 21, in wrapper
    return built_functions[public_name](*args, **kwargs)
  File "/usr/local/lib/code-server-4.103.2/lib/vscode/extensions/ms-python.python-2025.12.0/python_files/lib/jedilsp/jedi/plugins/stdlib.py", line 878, in wrapper
    return func(inference_state, context, tree_name)
  File "/usr/local/lib/code-server-4.103.2/lib/vscode/extensions/ms-python.python-2025.12.0/python_files/lib/jedilsp/jedi/plugins/django.py", line 177, in wrapper
    result = func(inference_state, context, tree_name)
  File "/usr/local/lib/code-server-4.103.2/lib/vscode/extensions/ms-python.python-2025.12.0/python_files/lib/jedilsp/jedi/inference/syntax_tree.py", line 771, in tree_name_to_values
    types = imports.infer_import(context, tree_name)
  File "/usr/local/lib/code-server-4.103.2/lib/vscode/extensions/ms-python.python-2025.12.0/python_files/lib/jedilsp/jedi/inference/cache.py", line 44, in wrapper
    rv = function(obj, *args, **kwargs)
  File "/usr/local/lib/code-server-4.103.2/lib/vscode/extensions/ms-python.python-2025.12.0/python_files/lib/jedilsp/jedi/inference/imports.py", line 53, in infer_import
    _prepare_infer_import(module_context, tree_name)
  File "/usr/local/lib/code-server-4.103.2/lib/vscode/extensions/ms-python.python-2025.12.0/python_files/lib/jedilsp/jedi/inference/imports.py", line 116, in _prepare_infer_import
    return from_import_name, tuple(import_path), import_node.level, importer.follow()
  File "/usr/local/lib/code-server-4.103.2/lib/vscode/extensions/ms-python.python-2025.12.0/python_files/lib/jedilsp/jedi/inference/imports.py", line 296, in follow
    return import_module_by_names(
  File "/usr/local/lib/code-server-4.103.2/lib/vscode/extensions/ms-python.python-2025.12.0/python_files/lib/jedilsp/jedi/inference/imports.py", line 376, in import_module_by_names
    value_set = ValueSet.from_sets([
  File "/usr/local/lib/code-server-4.103.2/lib/vscode/extensions/ms-python.python-2025.12.0/python_files/lib/jedilsp/jedi/inference/imports.py", line 377, in <listcomp>
    import_module(
  File "/usr/local/lib/code-server-4.103.2/lib/vscode/extensions/ms-python.python-2025.12.0/python_files/lib/jedilsp/jedi/plugins/__init__.py", line 21, in wrapper
    return built_functions[public_name](*args, **kwargs)
  File "/usr/local/lib/code-server-4.103.2/lib/vscode/extensions/ms-python.python-2025.12.0/python_files/lib/jedilsp/jedi/plugins/flask.py", line 20, in wrapper
    return callback(inference_state, import_names, module_context, *args, **kwargs)
  File "/usr/local/lib/code-server-4.103.2/lib/vscode/extensions/ms-python.python-2025.12.0/python_files/lib/jedilsp/jedi/inference/gradual/typeshed.py", line 115, in wrapper
    python_value_set = ValueSet.from_sets(
  File "/usr/local/lib/code-server-4.103.2/lib/vscode/extensions/ms-python.python-2025.12.0/python_files/lib/jedilsp/jedi/inference/base_value.py", line 430, in from_sets
    for set_ in sets:
  File "/usr/local/lib/code-server-4.103.2/lib/vscode/extensions/ms-python.python-2025.12.0/python_files/lib/jedilsp/jedi/inference/gradual/typeshed.py", line 116, in <genexpr>
    func(inference_state, import_names, p, sys_path,)
  File "/usr/local/lib/code-server-4.103.2/lib/vscode/extensions/ms-python.python-2025.12.0/python_files/lib/jedilsp/jedi/inference/imports.py", line 411, in import_module
    file_io_or_ns, is_pkg = inference_state.compiled_subprocess.get_module_info(
  File "/usr/local/lib/code-server-4.103.2/lib/vscode/extensions/ms-python.python-2025.12.0/python_files/lib/jedilsp/jedi/inference/compiled/subprocess/__init__.py", line 188, in wrapper
    result = self._compiled_subprocess.run(
  File "/usr/local/lib/code-server-4.103.2/lib/vscode/extensions/ms-python.python-2025.12.0/python_files/lib/jedilsp/jedi/inference/compiled/subprocess/__init__.py", line 293, in run
    self._send(delete_id, None)
  File "/usr/local/lib/code-server-4.103.2/lib/vscode/extensions/ms-python.python-2025.12.0/python_files/lib/jedilsp/jedi/inference/compiled/subprocess/__init__.py", line 318, in _send
    is_exception, traceback, result = pickle_load(self._get_process().stdout)
  File "/usr/local/lib/code-server-4.103.2/lib/vscode/extensions/ms-python.python-2025.12.0/python_files/lib/jedilsp/jedi/_compatibility.py", line 25, in pickle_load
    return Unpickler(file).load()
_pickle.UnpicklingError: invalid load key, ' '.

2026-07-25 18:28:06.248 [info] [Error - 6:28:06 PM] Request textDocument/documentSymbol failed.
2026-07-25 18:28:06.256 [info]   Message: _pickle.UnpicklingError: invalid load key, ' '.
  Code: -32603 
[object Object]
2026-07-25 18:28:06.257 [info] semantic_tokens_range file:///voc/work/Knowledge_Hands_on/src/pipeline/store.py 0:0-40:0
2026-07-25 18:28:06.264 [info] ERROR:pygls.protocol.json_rpc:Exception occurred for message "83": _pickle.UnpicklingError: invalid load key, ' '.
NoneType: None

2026-07-25 18:28:06.264 [info] [Error - 6:28:06 PM] Request textDocument/semanticTokens/range failed.
2026-07-25 18:28:06.264 [info]   Message: _pickle.UnpicklingError: invalid load key, ' '.
  Code: -32603 
[object Object]
2026-07-25 18:28:08.873 [info] ERROR:pygls.protocol.json_rpc:Failed to handle request 85 textDocument/documentSymbol DocumentSymbolParams(text_document=TextDocumentIdentifier(uri='file:///voc/work/Knowledge_Hands_on/src/pipeline/logging_config.py'), work_done_token=None, partial_result_token=None)
Traceback (most recent call last):
  File "/usr/local/lib/code-server-4.103.2/lib/vscode/extensions/ms-python.python-2025.12.0/python_files/lib/jedilsp/pygls/protocol/json_rpc.py", line 266, in _handle_request
    self._execute_request(msg_id, handler, params)
  File "/usr/local/lib/code-server-4.103.2/lib/vscode/extensions/ms-python.python-2025.12.0/python_files/lib/jedilsp/pygls/protocol/json_rpc.py", line 188, in _execute_request
    self._send_response(msg_id, handler(params))
  File "/usr/local/lib/code-server-4.103.2/lib/vscode/extensions/ms-python.python-2025.12.0/python_files/lib/jedilsp/jedi_language_server/server.py", line 546, in document_symbol
    document_symbols = jedi_utils.lsp_document_symbols(names)
  File "/usr/local/lib/code-server-4.103.2/lib/vscode/extensions/ms-python.python-2025.12.0/python_files/lib/jedilsp/jedi_language_server/jedi_utils.py", line 225, in lsp_document_symbols
    symbol_range = _document_symbol_range(name)
  File "/usr/local/lib/code-server-4.103.2/lib/vscode/extensions/ms-python.python-2025.12.0/python_files/lib/jedilsp/jedi_language_server/jedi_utils.py", line 204, in _document_symbol_range
    end = name.get_definition_end_position()
  File "/usr/local/lib/code-server-4.103.2/lib/vscode/extensions/ms-python.python-2025.12.0/python_files/lib/jedilsp/jedi/api/classes.py", line 260, in get_definition_end_position
    if self.type in ("function", "class"):
  File "/usr/local/lib/code-server-4.103.2/lib/vscode/extensions/ms-python.python-2025.12.0/python_files/lib/jedilsp/jedi/api/classes.py", line 190, in type
    for value in self._name.infer():
  File "/usr/local/lib/code-server-4.103.2/lib/vscode/extensions/ms-python.python-2025.12.0/python_files/lib/jedilsp/jedi/inference/names.py", line 281, in infer
    return tree_name_to_values(
  File "/usr/local/lib/code-server-4.103.2/lib/vscode/extensions/ms-python.python-2025.12.0/python_files/lib/jedilsp/jedi/plugins/__init__.py", line 21, in wrapper
    return built_functions[public_name](*args, **kwargs)
  File "/usr/local/lib/code-server-4.103.2/lib/vscode/extensions/ms-python.python-2025.12.0/python_files/lib/jedilsp/jedi/plugins/stdlib.py", line 878, in wrapper
    return func(inference_state, context, tree_name)
  File "/usr/local/lib/code-server-4.103.2/lib/vscode/extensions/ms-python.python-2025.12.0/python_files/lib/jedilsp/jedi/plugins/django.py", line 177, in wrapper
    result = func(inference_state, context, tree_name)
  File "/usr/local/lib/code-server-4.103.2/lib/vscode/extensions/ms-python.python-2025.12.0/python_files/lib/jedilsp/jedi/inference/syntax_tree.py", line 771, in tree_name_to_values
    types = imports.infer_import(context, tree_name)
  File "/usr/local/lib/code-server-4.103.2/lib/vscode/extensions/ms-python.python-2025.12.0/python_files/lib/jedilsp/jedi/inference/cache.py", line 44, in wrapper
    rv = function(obj, *args, **kwargs)
  File "/usr/local/lib/code-server-4.103.2/lib/vscode/extensions/ms-python.python-2025.12.0/python_files/lib/jedilsp/jedi/inference/imports.py", line 53, in infer_import
    _prepare_infer_import(module_context, tree_name)
  File "/usr/local/lib/code-server-4.103.2/lib/vscode/extensions/ms-python.python-2025.12.0/python_files/lib/jedilsp/jedi/inference/imports.py", line 116, in _prepare_infer_import
    return from_import_name, tuple(import_path), import_node.level, importer.follow()
  File "/usr/local/lib/code-server-4.103.2/lib/vscode/extensions/ms-python.python-2025.12.0/python_files/lib/jedilsp/jedi/inference/imports.py", line 296, in follow
    return import_module_by_names(
  File "/usr/local/lib/code-server-4.103.2/lib/vscode/extensions/ms-python.python-2025.12.0/python_files/lib/jedilsp/jedi/inference/imports.py", line 376, in import_module_by_names
    value_set = ValueSet.from_sets([
  File "/usr/local/lib/code-server-4.103.2/lib/vscode/extensions/ms-python.python-2025.12.0/python_files/lib/jedilsp/jedi/inference/imports.py", line 377, in <listcomp>
    import_module(
  File "/usr/local/lib/code-server-4.103.2/lib/vscode/extensions/ms-python.python-2025.12.0/python_files/lib/jedilsp/jedi/plugins/__init__.py", line 21, in wrapper
    return built_functions[public_name](*args, **kwargs)
  File "/usr/local/lib/code-server-4.103.2/lib/vscode/extensions/ms-python.python-2025.12.0/python_files/lib/jedilsp/jedi/plugins/flask.py", line 20, in wrapper
    return callback(inference_state, import_names, module_context, *args, **kwargs)
  File "/usr/local/lib/code-server-4.103.2/lib/vscode/extensions/ms-python.python-2025.12.0/python_files/lib/jedilsp/jedi/inference/gradual/typeshed.py", line 115, in wrapper
    python_value_set = ValueSet.from_sets(
  File "/usr/local/lib/code-server-4.103.2/lib/vscode/extensions/ms-python.python-2025.12.0/python_files/lib/jedilsp/jedi/inference/base_value.py", line 430, in from_sets
    for set_ in sets:
  File "/usr/local/lib/code-server-4.103.2/lib/vscode/extensions/ms-python.python-2025.12.0/python_files/lib/jedilsp/jedi/inference/gradual/typeshed.py", line 116, in <genexpr>
    func(inference_state, import_names, p, sys_path,)
  File "/usr/local/lib/code-server-4.103.2/lib/vscode/extensions/ms-python.python-2025.12.0/python_files/lib/jedilsp/jedi/inference/imports.py", line 411, in import_module
    file_io_or_ns, is_pkg = inference_state.compiled_subprocess.get_module_info(
  File "/usr/local/lib/code-server-4.103.2/lib/vscode/extensions/ms-python.python-2025.12.0/python_files/lib/jedilsp/jedi/inference/compiled/subprocess/__init__.py", line 188, in wrapper
    result = self._compiled_subprocess.run(
  File "/usr/local/lib/code-server-4.103.2/lib/vscode/extensions/ms-python.python-2025.12.0/python_files/lib/jedilsp/jedi/inference/compiled/subprocess/__init__.py", line 293, in run
    self._send(delete_id, None)
  File "/usr/local/lib/code-server-4.103.2/lib/vscode/extensions/ms-python.python-2025.12.0/python_files/lib/jedilsp/jedi/inference/compiled/subprocess/__init__.py", line 318, in _send
    is_exception, traceback, result = pickle_load(self._get_process().stdout)
  File "/usr/local/lib/code-server-4.103.2/lib/vscode/extensions/ms-python.python-2025.12.0/python_files/lib/jedilsp/jedi/_compatibility.py", line 25, in pickle_load
    return Unpickler(file).load()
_pickle.UnpicklingError: invalid load key, ' '.

2026-07-25 18:28:08.873 [info] [Error - 6:28:08 PM] Request textDocument/documentSymbol failed.
2026-07-25 18:28:08.880 [info]   Message: _pickle.UnpicklingError: invalid load key, ' '.
  Code: -32603 
[object Object]
2026-07-25 18:28:08.881 [info] ERROR:pygls.protocol.json_rpc:Exception occurred for message "86": _pickle.UnpicklingError: invalid load key, ' '.
NoneType: None

2026-07-25 18:28:08.881 [info] semantic_tokens_full file:///voc/work/Knowledge_Hands_on/src/pipeline/logging_config.py 
2026-07-25 18:28:08.881 [info] [Error - 6:28:08 PM] Request textDocument/semanticTokens/full failed.
2026-07-25 18:28:08.881 [info]   Message: _pickle.UnpicklingError: invalid load key, ' '.
  Code: -32603 
[object Object]
2026-07-25 18:28:09.126 [info] ERROR:pygls.protocol.json_rpc:Failed to handle request 87 textDocument/documentSymbol DocumentSymbolParams(text_document=TextDocumentIdentifier(uri='file:///voc/work/Knowledge_Hands_on/src/pipeline/logging_config.py'), work_done_token=None, partial_result_token=None)
Traceback (most recent call last):
  File "/usr/local/lib/code-server-4.103.2/lib/vscode/extensions/ms-python.python-2025.12.0/python_files/lib/jedilsp/pygls/protocol/json_rpc.py", line 266, in _handle_request
    self._execute_request(msg_id, handler, params)
  File "/usr/local/lib/code-server-4.103.2/lib/vscode/extensions/ms-python.python-2025.12.0/python_files/lib/jedilsp/pygls/protocol/json_rpc.py", line 188, in _execute_request
    self._send_response(msg_id, handler(params))
  File "/usr/local/lib/code-server-4.103.2/lib/vscode/extensions/ms-python.python-2025.12.0/python_files/lib/jedilsp/jedi_language_server/server.py", line 546, in document_symbol
    document_symbols = jedi_utils.lsp_document_symbols(names)
  File "/usr/local/lib/code-server-4.103.2/lib/vscode/extensions/ms-python.python-2025.12.0/python_files/lib/jedilsp/jedi_language_server/jedi_utils.py", line 225, in lsp_document_symbols
    symbol_range = _document_symbol_range(name)
  File "/usr/local/lib/code-server-4.103.2/lib/vscode/extensions/ms-python.python-2025.12.0/python_files/lib/jedilsp/jedi_language_server/jedi_utils.py", line 204, in _document_symbol_range
    end = name.get_definition_end_position()
  File "/usr/local/lib/code-server-4.103.2/lib/vscode/extensions/ms-python.python-2025.12.0/python_files/lib/jedilsp/jedi/api/classes.py", line 260, in get_definition_end_position
    if self.type in ("function", "class"):
  File "/usr/local/lib/code-server-4.103.2/lib/vscode/extensions/ms-python.python-2025.12.0/python_files/lib/jedilsp/jedi/api/classes.py", line 190, in type
    for value in self._name.infer():
  File "/usr/local/lib/code-server-4.103.2/lib/vscode/extensions/ms-python.python-2025.12.0/python_files/lib/jedilsp/jedi/inference/names.py", line 281, in infer
    return tree_name_to_values(
  File "/usr/local/lib/code-server-4.103.2/lib/vscode/extensions/ms-python.python-2025.12.0/python_files/lib/jedilsp/jedi/plugins/__init__.py", line 21, in wrapper
    return built_functions[public_name](*args, **kwargs)
  File "/usr/local/lib/code-server-4.103.2/lib/vscode/extensions/ms-python.python-2025.12.0/python_files/lib/jedilsp/jedi/plugins/stdlib.py", line 878, in wrapper
    return func(inference_state, context, tree_name)
  File "/usr/local/lib/code-server-4.103.2/lib/vscode/extensions/ms-python.python-2025.12.0/python_files/lib/jedilsp/jedi/plugins/django.py", line 177, in wrapper
    result = func(inference_state, context, tree_name)
  File "/usr/local/lib/code-server-4.103.2/lib/vscode/extensions/ms-python.python-2025.12.0/python_files/lib/jedilsp/jedi/inference/syntax_tree.py", line 771, in tree_name_to_values
    types = imports.infer_import(context, tree_name)
  File "/usr/local/lib/code-server-4.103.2/lib/vscode/extensions/ms-python.python-2025.12.0/python_files/lib/jedilsp/jedi/inference/cache.py", line 44, in wrapper
    rv = function(obj, *args, **kwargs)
  File "/usr/local/lib/code-server-4.103.2/lib/vscode/extensions/ms-python.python-2025.12.0/python_files/lib/jedilsp/jedi/inference/imports.py", line 53, in infer_import
    _prepare_infer_import(module_context, tree_name)
  File "/usr/local/lib/code-server-4.103.2/lib/vscode/extensions/ms-python.python-2025.12.0/python_files/lib/jedilsp/jedi/inference/imports.py", line 116, in _prepare_infer_import
    return from_import_name, tuple(import_path), import_node.level, importer.follow()
  File "/usr/local/lib/code-server-4.103.2/lib/vscode/extensions/ms-python.python-2025.12.0/python_files/lib/jedilsp/jedi/inference/imports.py", line 296, in follow
    return import_module_by_names(
  File "/usr/local/lib/code-server-4.103.2/lib/vscode/extensions/ms-python.python-2025.12.0/python_files/lib/jedilsp/jedi/inference/imports.py", line 376, in import_module_by_names
    value_set = ValueSet.from_sets([
  File "/usr/local/lib/code-server-4.103.2/lib/vscode/extensions/ms-python.python-2025.12.0/python_files/lib/jedilsp/jedi/inference/imports.py", line 377, in <listcomp>
    import_module(
  File "/usr/local/lib/code-server-4.103.2/lib/vscode/extensions/ms-python.python-2025.12.0/python_files/lib/jedilsp/jedi/plugins/__init__.py", line 21, in wrapper
    return built_functions[public_name](*args, **kwargs)
  File "/usr/local/lib/code-server-4.103.2/lib/vscode/extensions/ms-python.python-2025.12.0/python_files/lib/jedilsp/jedi/plugins/flask.py", line 20, in wrapper
    return callback(inference_state, import_names, module_context, *args, **kwargs)
  File "/usr/local/lib/code-server-4.103.2/lib/vscode/extensions/ms-python.python-2025.12.0/python_files/lib/jedilsp/jedi/inference/gradual/typeshed.py", line 115, in wrapper
    python_value_set = ValueSet.from_sets(
  File "/usr/local/lib/code-server-4.103.2/lib/vscode/extensions/ms-python.python-2025.12.0/python_files/lib/jedilsp/jedi/inference/base_value.py", line 430, in from_sets
    for set_ in sets:
  File "/usr/local/lib/code-server-4.103.2/lib/vscode/extensions/ms-python.python-2025.12.0/python_files/lib/jedilsp/jedi/inference/gradual/typeshed.py", line 116, in <genexpr>
    func(inference_state, import_names, p, sys_path,)
  File "/usr/local/lib/code-server-4.103.2/lib/vscode/extensions/ms-python.python-2025.12.0/python_files/lib/jedilsp/jedi/inference/imports.py", line 411, in import_module
    file_io_or_ns, is_pkg = inference_state.compiled_subprocess.get_module_info(
  File "/usr/local/lib/code-server-4.103.2/lib/vscode/extensions/ms-python.python-2025.12.0/python_files/lib/jedilsp/jedi/inference/compiled/subprocess/__init__.py", line 188, in wrapper
    result = self._compiled_subprocess.run(
  File "/usr/local/lib/code-server-4.103.2/lib/vscode/extensions/ms-python.python-2025.12.0/python_files/lib/jedilsp/jedi/inference/compiled/subprocess/__init__.py", line 293, in run
    self._send(delete_id, None)
  File "/usr/local/lib/code-server-4.103.2/lib/vscode/extensions/ms-python.python-2025.12.0/python_files/lib/jedilsp/jedi/inference/compiled/subprocess/__init__.py", line 318, in _send
    is_exception, traceback, result = pickle_load(self._get_process().stdout)
  File "/usr/local/lib/code-server-4.103.2/lib/vscode/extensions/ms-python.python-2025.12.0/python_files/lib/jedilsp/jedi/_compatibility.py", line 25, in pickle_load
    return Unpickler(file).load()
_pickle.UnpicklingError: invalid load key, ' '.

2026-07-25 18:28:09.126 [info] [Error - 6:28:09 PM] Request textDocument/documentSymbol failed.
2026-07-25 18:28:09.133 [info]   Message: _pickle.UnpicklingError: invalid load key, ' '.
  Code: -32603 
[object Object]
2026-07-25 18:28:09.136 [info] semantic_tokens_range file:///voc/work/Knowledge_Hands_on/src/pipeline/logging_config.py 0:0-40:38
2026-07-25 18:28:09.147 [info] ERROR:pygls.protocol.json_rpc:Exception occurred for message "88": _pickle.UnpicklingError: invalid load key, ' '.
NoneType: None

2026-07-25 18:28:09.147 [info] [Error - 6:28:09 PM] Request textDocument/semanticTokens/range failed.
2026-07-25 18:28:09.147 [info]   Message: _pickle.UnpicklingError: invalid load key, ' '.
  Code: -32603 
[object Object]
2026-07-25 18:28:10.081 [info] semantic_tokens_range file:///voc/work/Knowledge_Hands_on/src/pipeline/logging_config.py 6:0-44:0
2026-07-25 18:28:10.083 [info] ERROR:pygls.protocol.json_rpc:Exception occurred for message "89": _pickle.UnpicklingError: invalid load key, ' '.
NoneType: None

2026-07-25 18:28:10.089 [info] [Error - 6:28:10 PM] Request textDocument/semanticTokens/range failed.
2026-07-25 18:28:10.089 [info]   Message: _pickle.UnpicklingError: invalid load key, ' '.
  Code: -32603 
[object Object]
2026-07-25 18:28:11.307 [info] semantic_tokens_full file:///voc/work/Knowledge_Hands_on/src/pipeline/settings.py 
2026-07-25 18:28:11.309 [info] ERROR:pygls.protocol.json_rpc:Exception occurred for message "91": _pickle.UnpicklingError: invalid load key, ' '.
NoneType: None

2026-07-25 18:28:11.314 [info] [Error - 6:28:11 PM] Request textDocument/semanticTokens/full failed.
2026-07-25 18:28:11.314 [info]   Message: _pickle.UnpicklingError: invalid load key, ' '.
  Code: -32603 
[object Object]
2026-07-25 18:28:11.316 [info] ERROR:pygls.protocol.json_rpc:Failed to handle request 92 textDocument/documentSymbol DocumentSymbolParams(text_document=TextDocumentIdentifier(uri='file:///voc/work/Knowledge_Hands_on/src/pipeline/settings.py'), work_done_token=None, partial_result_token=None)
Traceback (most recent call last):
  File "/usr/local/lib/code-server-4.103.2/lib/vscode/extensions/ms-python.python-2025.12.0/python_files/lib/jedilsp/pygls/protocol/json_rpc.py", line 266, in _handle_request
    self._execute_request(msg_id, handler, params)
  File "/usr/local/lib/code-server-4.103.2/lib/vscode/extensions/ms-python.python-2025.12.0/python_files/lib/jedilsp/pygls/protocol/json_rpc.py", line 188, in _execute_request
    self._send_response(msg_id, handler(params))
  File "/usr/local/lib/code-server-4.103.2/lib/vscode/extensions/ms-python.python-2025.12.0/python_files/lib/jedilsp/jedi_language_server/server.py", line 546, in document_symbol
    document_symbols = jedi_utils.lsp_document_symbols(names)
  File "/usr/local/lib/code-server-4.103.2/lib/vscode/extensions/ms-python.python-2025.12.0/python_files/lib/jedilsp/jedi_language_server/jedi_utils.py", line 225, in lsp_document_symbols
    symbol_range = _document_symbol_range(name)
  File "/usr/local/lib/code-server-4.103.2/lib/vscode/extensions/ms-python.python-2025.12.0/python_files/lib/jedilsp/jedi_language_server/jedi_utils.py", line 204, in _document_symbol_range
    end = name.get_definition_end_position()
  File "/usr/local/lib/code-server-4.103.2/lib/vscode/extensions/ms-python.python-2025.12.0/python_files/lib/jedilsp/jedi/api/classes.py", line 260, in get_definition_end_position
    if self.type in ("function", "class"):
  File "/usr/local/lib/code-server-4.103.2/lib/vscode/extensions/ms-python.python-2025.12.0/python_files/lib/jedilsp/jedi/api/classes.py", line 190, in type
    for value in self._name.infer():
  File "/usr/local/lib/code-server-4.103.2/lib/vscode/extensions/ms-python.python-2025.12.0/python_files/lib/jedilsp/jedi/inference/names.py", line 281, in infer
    return tree_name_to_values(
  File "/usr/local/lib/code-server-4.103.2/lib/vscode/extensions/ms-python.python-2025.12.0/python_files/lib/jedilsp/jedi/plugins/__init__.py", line 21, in wrapper
    return built_functions[public_name](*args, **kwargs)
  File "/usr/local/lib/code-server-4.103.2/lib/vscode/extensions/ms-python.python-2025.12.0/python_files/lib/jedilsp/jedi/plugins/stdlib.py", line 878, in wrapper
    return func(inference_state, context, tree_name)
  File "/usr/local/lib/code-server-4.103.2/lib/vscode/extensions/ms-python.python-2025.12.0/python_files/lib/jedilsp/jedi/plugins/django.py", line 177, in wrapper
    result = func(inference_state, context, tree_name)
  File "/usr/local/lib/code-server-4.103.2/lib/vscode/extensions/ms-python.python-2025.12.0/python_files/lib/jedilsp/jedi/inference/syntax_tree.py", line 771, in tree_name_to_values
    types = imports.infer_import(context, tree_name)
  File "/usr/local/lib/code-server-4.103.2/lib/vscode/extensions/ms-python.python-2025.12.0/python_files/lib/jedilsp/jedi/inference/cache.py", line 44, in wrapper
    rv = function(obj, *args, **kwargs)
  File "/usr/local/lib/code-server-4.103.2/lib/vscode/extensions/ms-python.python-2025.12.0/python_files/lib/jedilsp/jedi/inference/imports.py", line 53, in infer_import
    _prepare_infer_import(module_context, tree_name)
  File "/usr/local/lib/code-server-4.103.2/lib/vscode/extensions/ms-python.python-2025.12.0/python_files/lib/jedilsp/jedi/inference/imports.py", line 116, in _prepare_infer_import
    return from_import_name, tuple(import_path), import_node.level, importer.follow()
  File "/usr/local/lib/code-server-4.103.2/lib/vscode/extensions/ms-python.python-2025.12.0/python_files/lib/jedilsp/jedi/inference/imports.py", line 296, in follow
    return import_module_by_names(
  File "/usr/local/lib/code-server-4.103.2/lib/vscode/extensions/ms-python.python-2025.12.0/python_files/lib/jedilsp/jedi/inference/imports.py", line 376, in import_module_by_names
    value_set = ValueSet.from_sets([
  File "/usr/local/lib/code-server-4.103.2/lib/vscode/extensions/ms-python.python-2025.12.0/python_files/lib/jedilsp/jedi/inference/imports.py", line 377, in <listcomp>
    import_module(
  File "/usr/local/lib/code-server-4.103.2/lib/vscode/extensions/ms-python.python-2025.12.0/python_files/lib/jedilsp/jedi/plugins/__init__.py", line 21, in wrapper
    return built_functions[public_name](*args, **kwargs)
  File "/usr/local/lib/code-server-4.103.2/lib/vscode/extensions/ms-python.python-2025.12.0/python_files/lib/jedilsp/jedi/plugins/flask.py", line 20, in wrapper
    return callback(inference_state, import_names, module_context, *args, **kwargs)
  File "/usr/local/lib/code-server-4.103.2/lib/vscode/extensions/ms-python.python-2025.12.0/python_files/lib/jedilsp/jedi/inference/gradual/typeshed.py", line 115, in wrapper
    python_value_set = ValueSet.from_sets(
  File "/usr/local/lib/code-server-4.103.2/lib/vscode/extensions/ms-python.python-2025.12.0/python_files/lib/jedilsp/jedi/inference/base_value.py", line 430, in from_sets
    for set_ in sets:
  File "/usr/local/lib/code-server-4.103.2/lib/vscode/extensions/ms-python.python-2025.12.0/python_files/lib/jedilsp/jedi/inference/gradual/typeshed.py", line 116, in <genexpr>
    func(inference_state, import_names, p, sys_path,)
  File "/usr/local/lib/code-server-4.103.2/lib/vscode/extensions/ms-python.python-2025.12.0/python_files/lib/jedilsp/jedi/inference/imports.py", line 411, in import_module
    file_io_or_ns, is_pkg = inference_state.compiled_subprocess.get_module_info(
  File "/usr/local/lib/code-server-4.103.2/lib/vscode/extensions/ms-python.python-2025.12.0/python_files/lib/jedilsp/jedi/inference/compiled/subprocess/__init__.py", line 188, in wrapper
    result = self._compiled_subprocess.run(
  File "/usr/local/lib/code-server-4.103.2/lib/vscode/extensions/ms-python.python-2025.12.0/python_files/lib/jedilsp/jedi/inference/compiled/subprocess/__init__.py", line 293, in run
    self._send(delete_id, None)
  File "/usr/local/lib/code-server-4.103.2/lib/vscode/extensions/ms-python.python-2025.12.0/python_files/lib/jedilsp/jedi/inference/compiled/subprocess/__init__.py", line 318, in _send
    is_exception, traceback, result = pickle_load(self._get_process().stdout)
  File "/usr/local/lib/code-server-4.103.2/lib/vscode/extensions/ms-python.python-2025.12.0/python_files/lib/jedilsp/jedi/_compatibility.py", line 25, in pickle_load
    return Unpickler(file).load()
_pickle.UnpicklingError: invalid load key, ' '.

2026-07-25 18:28:11.323 [info] [Error - 6:28:11 PM] Request textDocument/documentSymbol failed.
2026-07-25 18:28:11.323 [info]   Message: _pickle.UnpicklingError: invalid load key, ' '.
  Code: -32603 
[object Object]
2026-07-25 18:28:11.365 [info] semantic_tokens_range file:///voc/work/Knowledge_Hands_on/src/pipeline/settings.py 0:0-35:0
2026-07-25 18:28:11.366 [info] ERROR:pygls.protocol.json_rpc:Exception occurred for message "93": _pickle.UnpicklingError: invalid load key, ' '.
NoneType: None

2026-07-25 18:28:11.373 [info] [Error - 6:28:11 PM] Request textDocument/semanticTokens/range failed.
2026-07-25 18:28:11.373 [info]   Message: _pickle.UnpicklingError: invalid load key, ' '.
  Code: -32603 
[object Object]
2026-07-25 18:28:12.712 [info] semantic_tokens_range file:///voc/work/Knowledge_Hands_on/src/pipeline/settings.py 11:0-35:0
2026-07-25 18:28:12.714 [info] ERROR:pygls.protocol.json_rpc:Exception occurred for message "94": _pickle.UnpicklingError: invalid load key, ' '.
NoneType: None

2026-07-25 18:28:12.719 [info] [Error - 6:28:12 PM] Request textDocument/semanticTokens/range failed.
2026-07-25 18:28:12.719 [info]   Message: _pickle.UnpicklingError: invalid load key, ' '.
  Code: -32603 
[object Object]
2026-07-25 18:28:13.377 [info] semantic_tokens_range file:///voc/work/Knowledge_Hands_on/src/pipeline/settings.py 0:0-35:0
2026-07-25 18:28:13.379 [info] ERROR:pygls.protocol.json_rpc:Exception occurred for message "95": _pickle.UnpicklingError: invalid load key, ' '.
NoneType: None

2026-07-25 18:28:13.386 [info] [Error - 6:28:13 PM] Request textDocument/semanticTokens/range failed.
2026-07-25 18:28:13.386 [info]   Message: _pickle.UnpicklingError: invalid load key, ' '.
  Code: -32603 
[object Object]
2026-07-25 18:28:14.166 [info] semantic_tokens_range file:///voc/work/Knowledge_Hands_on/src/pipeline/logging_config.py 6:0-44:0
2026-07-25 18:28:14.168 [info] ERROR:pygls.protocol.json_rpc:Exception occurred for message "97": _pickle.UnpicklingError: invalid load key, ' '.
NoneType: None

2026-07-25 18:28:14.174 [info] [Error - 6:28:14 PM] Request textDocument/semanticTokens/range failed.
2026-07-25 18:28:14.174 [info]   Message: _pickle.UnpicklingError: invalid load key, ' '.
  Code: -32603 
[object Object]
2026-07-25 18:28:14.192 [info] semantic_tokens_full file:///voc/work/Knowledge_Hands_on/src/pipeline/logging_config.py 
2026-07-25 18:28:14.196 [info] ERROR:pygls.protocol.json_rpc:Exception occurred for message "98": _pickle.UnpicklingError: invalid load key, ' '.
NoneType: None

2026-07-25 18:28:14.200 [info] ERROR:pygls.protocol.json_rpc:Failed to handle request 99 textDocument/documentSymbol DocumentSymbolParams(text_document=TextDocumentIdentifier(uri='file:///voc/work/Knowledge_Hands_on/src/pipeline/logging_config.py'), work_done_token=None, partial_result_token=None)
Traceback (most recent call last):
  File "/usr/local/lib/code-server-4.103.2/lib/vscode/extensions/ms-python.python-2025.12.0/python_files/lib/jedilsp/pygls/protocol/json_rpc.py", line 266, in _handle_request
    self._execute_request(msg_id, handler, params)
  File "/usr/local/lib/code-server-4.103.2/lib/vscode/extensions/ms-python.python-2025.12.0/python_files/lib/jedilsp/pygls/protocol/json_rpc.py", line 188, in _execute_request
    self._send_response(msg_id, handler(params))
  File "/usr/local/lib/code-server-4.103.2/lib/vscode/extensions/ms-python.python-2025.12.0/python_files/lib/jedilsp/jedi_language_server/server.py", line 546, in document_symbol
    document_symbols = jedi_utils.lsp_document_symbols(names)
  File "/usr/local/lib/code-server-4.103.2/lib/vscode/extensions/ms-python.python-2025.12.0/python_files/lib/jedilsp/jedi_language_server/jedi_utils.py", line 225, in lsp_document_symbols
    symbol_range = _document_symbol_range(name)
  File "/usr/local/lib/code-server-4.103.2/lib/vscode/extensions/ms-python.python-2025.12.0/python_files/lib/jedilsp/jedi_language_server/jedi_utils.py", line 204, in _document_symbol_range
    end = name.get_definition_end_position()
  File "/usr/local/lib/code-server-4.103.2/lib/vscode/extensions/ms-python.python-2025.12.0/python_files/lib/jedilsp/jedi/api/classes.py", line 260, in get_definition_end_position
    if self.type in ("function", "class"):
  File "/usr/local/lib/code-server-4.103.2/lib/vscode/extensions/ms-python.python-2025.12.0/python_files/lib/jedilsp/jedi/api/classes.py", line 190, in type
    for value in self._name.infer():
  File "/usr/local/lib/code-server-4.103.2/lib/vscode/extensions/ms-python.python-2025.12.0/python_files/lib/jedilsp/jedi/inference/names.py", line 281, in infer
    return tree_name_to_values(
  File "/usr/local/lib/code-server-4.103.2/lib/vscode/extensions/ms-python.python-2025.12.0/python_files/lib/jedilsp/jedi/plugins/__init__.py", line 21, in wrapper
    return built_functions[public_name](*args, **kwargs)
  File "/usr/local/lib/code-server-4.103.2/lib/vscode/extensions/ms-python.python-2025.12.0/python_files/lib/jedilsp/jedi/plugins/stdlib.py", line 878, in wrapper
    return func(inference_state, context, tree_name)
  File "/usr/local/lib/code-server-4.103.2/lib/vscode/extensions/ms-python.python-2025.12.0/python_files/lib/jedilsp/jedi/plugins/django.py", line 177, in wrapper
    result = func(inference_state, context, tree_name)
  File "/usr/local/lib/code-server-4.103.2/lib/vscode/extensions/ms-python.python-2025.12.0/python_files/lib/jedilsp/jedi/inference/syntax_tree.py", line 771, in tree_name_to_values
    types = imports.infer_import(context, tree_name)
  File "/usr/local/lib/code-server-4.103.2/lib/vscode/extensions/ms-python.python-2025.12.0/python_files/lib/jedilsp/jedi/inference/cache.py", line 44, in wrapper
    rv = function(obj, *args, **kwargs)
  File "/usr/local/lib/code-server-4.103.2/lib/vscode/extensions/ms-python.python-2025.12.0/python_files/lib/jedilsp/jedi/inference/imports.py", line 53, in infer_import
    _prepare_infer_import(module_context, tree_name)
  File "/usr/local/lib/code-server-4.103.2/lib/vscode/extensions/ms-python.python-2025.12.0/python_files/lib/jedilsp/jedi/inference/imports.py", line 116, in _prepare_infer_import
    return from_import_name, tuple(import_path), import_node.level, importer.follow()
  File "/usr/local/lib/code-server-4.103.2/lib/vscode/extensions/ms-python.python-2025.12.0/python_files/lib/jedilsp/jedi/inference/imports.py", line 296, in follow
    return import_module_by_names(
  File "/usr/local/lib/code-server-4.103.2/lib/vscode/extensions/ms-python.python-2025.12.0/python_files/lib/jedilsp/jedi/inference/imports.py", line 376, in import_module_by_names
    value_set = ValueSet.from_sets([
  File "/usr/local/lib/code-server-4.103.2/lib/vscode/extensions/ms-python.python-2025.12.0/python_files/lib/jedilsp/jedi/inference/imports.py", line 377, in <listcomp>
    import_module(
  File "/usr/local/lib/code-server-4.103.2/lib/vscode/extensions/ms-python.python-2025.12.0/python_files/lib/jedilsp/jedi/plugins/__init__.py", line 21, in wrapper
    return built_functions[public_name](*args, **kwargs)
  File "/usr/local/lib/code-server-4.103.2/lib/vscode/extensions/ms-python.python-2025.12.0/python_files/lib/jedilsp/jedi/plugins/flask.py", line 20, in wrapper
    return callback(inference_state, import_names, module_context, *args, **kwargs)
  File "/usr/local/lib/code-server-4.103.2/lib/vscode/extensions/ms-python.python-2025.12.0/python_files/lib/jedilsp/jedi/inference/gradual/typeshed.py", line 115, in wrapper
    python_value_set = ValueSet.from_sets(
  File "/usr/local/lib/code-server-4.103.2/lib/vscode/extensions/ms-python.python-2025.12.0/python_files/lib/jedilsp/jedi/inference/base_value.py", line 430, in from_sets
    for set_ in sets:
  File "/usr/local/lib/code-server-4.103.2/lib/vscode/extensions/ms-python.python-2025.12.0/python_files/lib/jedilsp/jedi/inference/gradual/typeshed.py", line 116, in <genexpr>
    func(inference_state, import_names, p, sys_path,)
  File "/usr/local/lib/code-server-4.103.2/lib/vscode/extensions/ms-python.python-2025.12.0/python_files/lib/jedilsp/jedi/inference/imports.py", line 411, in import_module
    file_io_or_ns, is_pkg = inference_state.compiled_subprocess.get_module_info(
  File "/usr/local/lib/code-server-4.103.2/lib/vscode/extensions/ms-python.python-2025.12.0/python_files/lib/jedilsp/jedi/inference/compiled/subprocess/__init__.py", line 188, in wrapper
    result = self._compiled_subprocess.run(
  File "/usr/local/lib/code-server-4.103.2/lib/vscode/extensions/ms-python.python-2025.12.0/python_files/lib/jedilsp/jedi/inference/compiled/subprocess/__init__.py", line 293, in run
    self._send(delete_id, None)
  File "/usr/local/lib/code-server-4.103.2/lib/vscode/extensions/ms-python.python-2025.12.0/python_files/lib/jedilsp/jedi/inference/compiled/subprocess/__init__.py", line 318, in _send
    is_exception, traceback, result = pickle_load(self._get_process().stdout)
  File "/usr/local/lib/code-server-4.103.2/lib/vscode/extensions/ms-python.python-2025.12.0/python_files/lib/jedilsp/jedi/_compatibility.py", line 25, in pickle_load
    return Unpickler(file).load()
_pickle.UnpicklingError: invalid load key, ' '.

2026-07-25 18:28:14.200 [info] [Error - 6:28:14 PM] Request textDocument/semanticTokens/full failed.
2026-07-25 18:28:14.214 [info]   Message: _pickle.UnpicklingError: invalid load key, ' '.
  Code: -32603 
[object Object]
2026-07-25 18:28:14.214 [info] [Error - 6:28:14 PM] Request textDocument/documentSymbol failed.
2026-07-25 18:28:14.214 [info]   Message: _pickle.UnpicklingError: invalid load key, ' '.
  Code: -32603 
[object Object]
2026-07-25 18:28:16.520 [info] ERROR:pygls.protocol.json_rpc:Failed to handle request 101 textDocument/documentSymbol DocumentSymbolParams(text_document=TextDocumentIdentifier(uri='file:///voc/work/Knowledge_Hands_on/src/pipeline/settings.py'), work_done_token=None, partial_result_token=None)
Traceback (most recent call last):
  File "/usr/local/lib/code-server-4.103.2/lib/vscode/extensions/ms-python.python-2025.12.0/python_files/lib/jedilsp/pygls/protocol/json_rpc.py", line 266, in _handle_request
    self._execute_request(msg_id, handler, params)
  File "/usr/local/lib/code-server-4.103.2/lib/vscode/extensions/ms-python.python-2025.12.0/python_files/lib/jedilsp/pygls/protocol/json_rpc.py", line 188, in _execute_request
    self._send_response(msg_id, handler(params))
  File "/usr/local/lib/code-server-4.103.2/lib/vscode/extensions/ms-python.python-2025.12.0/python_files/lib/jedilsp/jedi_language_server/server.py", line 546, in document_symbol
    document_symbols = jedi_utils.lsp_document_symbols(names)
  File "/usr/local/lib/code-server-4.103.2/lib/vscode/extensions/ms-python.python-2025.12.0/python_files/lib/jedilsp/jedi_language_server/jedi_utils.py", line 225, in lsp_document_symbols
    symbol_range = _document_symbol_range(name)
  File "/usr/local/lib/code-server-4.103.2/lib/vscode/extensions/ms-python.python-2025.12.0/python_files/lib/jedilsp/jedi_language_server/jedi_utils.py", line 204, in _document_symbol_range
    end = name.get_definition_end_position()
  File "/usr/local/lib/code-server-4.103.2/lib/vscode/extensions/ms-python.python-2025.12.0/python_files/lib/jedilsp/jedi/api/classes.py", line 260, in get_definition_end_position
    if self.type in ("function", "class"):
  File "/usr/local/lib/code-server-4.103.2/lib/vscode/extensions/ms-python.python-2025.12.0/python_files/lib/jedilsp/jedi/api/classes.py", line 190, in type
    for value in self._name.infer():
  File "/usr/local/lib/code-server-4.103.2/lib/vscode/extensions/ms-python.python-2025.12.0/python_files/lib/jedilsp/jedi/inference/names.py", line 281, in infer
    return tree_name_to_values(
  File "/usr/local/lib/code-server-4.103.2/lib/vscode/extensions/ms-python.python-2025.12.0/python_files/lib/jedilsp/jedi/plugins/__init__.py", line 21, in wrapper
    return built_functions[public_name](*args, **kwargs)
  File "/usr/local/lib/code-server-4.103.2/lib/vscode/extensions/ms-python.python-2025.12.0/python_files/lib/jedilsp/jedi/plugins/stdlib.py", line 878, in wrapper
    return func(inference_state, context, tree_name)
  File "/usr/local/lib/code-server-4.103.2/lib/vscode/extensions/ms-python.python-2025.12.0/python_files/lib/jedilsp/jedi/plugins/django.py", line 177, in wrapper
    result = func(inference_state, context, tree_name)
  File "/usr/local/lib/code-server-4.103.2/lib/vscode/extensions/ms-python.python-2025.12.0/python_files/lib/jedilsp/jedi/inference/syntax_tree.py", line 771, in tree_name_to_values
    types = imports.infer_import(context, tree_name)
  File "/usr/local/lib/code-server-4.103.2/lib/vscode/extensions/ms-python.python-2025.12.0/python_files/lib/jedilsp/jedi/inference/cache.py", line 44, in wrapper
    rv = function(obj, *args, **kwargs)
  File "/usr/local/lib/code-server-4.103.2/lib/vscode/extensions/ms-python.python-2025.12.0/python_files/lib/jedilsp/jedi/inference/imports.py", line 53, in infer_import
    _prepare_infer_import(module_context, tree_name)
  File "/usr/local/lib/code-server-4.103.2/lib/vscode/extensions/ms-python.python-2025.12.0/python_files/lib/jedilsp/jedi/inference/imports.py", line 116, in _prepare_infer_import
    return from_import_name, tuple(import_path), import_node.level, importer.follow()
  File "/usr/local/lib/code-server-4.103.2/lib/vscode/extensions/ms-python.python-2025.12.0/python_files/lib/jedilsp/jedi/inference/imports.py", line 296, in follow
    return import_module_by_names(
  File "/usr/local/lib/code-server-4.103.2/lib/vscode/extensions/ms-python.python-2025.12.0/python_files/lib/jedilsp/jedi/inference/imports.py", line 376, in import_module_by_names
    value_set = ValueSet.from_sets([
  File "/usr/local/lib/code-server-4.103.2/lib/vscode/extensions/ms-python.python-2025.12.0/python_files/lib/jedilsp/jedi/inference/imports.py", line 377, in <listcomp>
    import_module(
  File "/usr/local/lib/code-server-4.103.2/lib/vscode/extensions/ms-python.python-2025.12.0/python_files/lib/jedilsp/jedi/plugins/__init__.py", line 21, in wrapper
    return built_functions[public_name](*args, **kwargs)
  File "/usr/local/lib/code-server-4.103.2/lib/vscode/extensions/ms-python.python-2025.12.0/python_files/lib/jedilsp/jedi/plugins/flask.py", line 20, in wrapper
    return callback(inference_state, import_names, module_context, *args, **kwargs)
  File "/usr/local/lib/code-server-4.103.2/lib/vscode/extensions/ms-python.python-2025.12.0/python_files/lib/jedilsp/jedi/inference/gradual/typeshed.py", line 115, in wrapper
    python_value_set = ValueSet.from_sets(
  File "/usr/local/lib/code-server-4.103.2/lib/vscode/extensions/ms-python.python-2025.12.0/python_files/lib/jedilsp/jedi/inference/base_value.py", line 430, in from_sets
    for set_ in sets:
  File "/usr/local/lib/code-server-4.103.2/lib/vscode/extensions/ms-python.python-2025.12.0/python_files/lib/jedilsp/jedi/inference/gradual/typeshed.py", line 116, in <genexpr>
    func(inference_state, import_names, p, sys_path,)
  File "/usr/local/lib/code-server-4.103.2/lib/vscode/extensions/ms-python.python-2025.12.0/python_files/lib/jedilsp/jedi/inference/imports.py", line 411, in import_module
    file_io_or_ns, is_pkg = inference_state.compiled_subprocess.get_module_info(
  File "/usr/local/lib/code-server-4.103.2/lib/vscode/extensions/ms-python.python-2025.12.0/python_files/lib/jedilsp/jedi/inference/compiled/subprocess/__init__.py", line 188, in wrapper
    result = self._compiled_subprocess.run(
  File "/usr/local/lib/code-server-4.103.2/lib/vscode/extensions/ms-python.python-2025.12.0/python_files/lib/jedilsp/jedi/inference/compiled/subprocess/__init__.py", line 293, in run
    self._send(delete_id, None)
  File "/usr/local/lib/code-server-4.103.2/lib/vscode/extensions/ms-python.python-2025.12.0/python_files/lib/jedilsp/jedi/inference/compiled/subprocess/__init__.py", line 318, in _send
    is_exception, traceback, result = pickle_load(self._get_process().stdout)
  File "/usr/local/lib/code-server-4.103.2/lib/vscode/extensions/ms-python.python-2025.12.0/python_files/lib/jedilsp/jedi/_compatibility.py", line 25, in pickle_load
    return Unpickler(file).load()
_pickle.UnpicklingError: invalid load key, ' '.

2026-07-25 18:28:16.521 [info] [Error - 6:28:16 PM] Request textDocument/documentSymbol failed.
2026-07-25 18:28:16.527 [info]   Message: _pickle.UnpicklingError: invalid load key, ' '.
  Code: -32603 
[object Object]
2026-07-25 18:28:16.527 [info] ERROR:pygls.protocol.json_rpc:Exception occurred for message "102": _pickle.UnpicklingError: invalid load key, ' '.
NoneType: None

2026-07-25 18:28:16.527 [info] semantic_tokens_full file:///voc/work/Knowledge_Hands_on/src/pipeline/settings.py 
2026-07-25 18:28:16.527 [info] [Error - 6:28:16 PM] Request textDocument/semanticTokens/full failed.
2026-07-25 18:28:16.527 [info]   Message: _pickle.UnpicklingError: invalid load key, ' '.
  Code: -32603 
[object Object]
2026-07-25 18:28:16.780 [info] ERROR:pygls.protocol.json_rpc:Failed to handle request 103 textDocument/documentSymbol DocumentSymbolParams(text_document=TextDocumentIdentifier(uri='file:///voc/work/Knowledge_Hands_on/src/pipeline/settings.py'), work_done_token=None, partial_result_token=None)
Traceback (most recent call last):
  File "/usr/local/lib/code-server-4.103.2/lib/vscode/extensions/ms-python.python-2025.12.0/python_files/lib/jedilsp/pygls/protocol/json_rpc.py", line 266, in _handle_request
    self._execute_request(msg_id, handler, params)
  File "/usr/local/lib/code-server-4.103.2/lib/vscode/extensions/ms-python.python-2025.12.0/python_files/lib/jedilsp/pygls/protocol/json_rpc.py", line 188, in _execute_request
    self._send_response(msg_id, handler(params))
  File "/usr/local/lib/code-server-4.103.2/lib/vscode/extensions/ms-python.python-2025.12.0/python_files/lib/jedilsp/jedi_language_server/server.py", line 546, in document_symbol
    document_symbols = jedi_utils.lsp_document_symbols(names)
  File "/usr/local/lib/code-server-4.103.2/lib/vscode/extensions/ms-python.python-2025.12.0/python_files/lib/jedilsp/jedi_language_server/jedi_utils.py", line 225, in lsp_document_symbols
    symbol_range = _document_symbol_range(name)
  File "/usr/local/lib/code-server-4.103.2/lib/vscode/extensions/ms-python.python-2025.12.0/python_files/lib/jedilsp/jedi_language_server/jedi_utils.py", line 204, in _document_symbol_range
    end = name.get_definition_end_position()
  File "/usr/local/lib/code-server-4.103.2/lib/vscode/extensions/ms-python.python-2025.12.0/python_files/lib/jedilsp/jedi/api/classes.py", line 260, in get_definition_end_position
    if self.type in ("function", "class"):
  File "/usr/local/lib/code-server-4.103.2/lib/vscode/extensions/ms-python.python-2025.12.0/python_files/lib/jedilsp/jedi/api/classes.py", line 190, in type
    for value in self._name.infer():
  File "/usr/local/lib/code-server-4.103.2/lib/vscode/extensions/ms-python.python-2025.12.0/python_files/lib/jedilsp/jedi/inference/names.py", line 281, in infer
    return tree_name_to_values(
  File "/usr/local/lib/code-server-4.103.2/lib/vscode/extensions/ms-python.python-2025.12.0/python_files/lib/jedilsp/jedi/plugins/__init__.py", line 21, in wrapper
    return built_functions[public_name](*args, **kwargs)
  File "/usr/local/lib/code-server-4.103.2/lib/vscode/extensions/ms-python.python-2025.12.0/python_files/lib/jedilsp/jedi/plugins/stdlib.py", line 878, in wrapper
    return func(inference_state, context, tree_name)
  File "/usr/local/lib/code-server-4.103.2/lib/vscode/extensions/ms-python.python-2025.12.0/python_files/lib/jedilsp/jedi/plugins/django.py", line 177, in wrapper
    result = func(inference_state, context, tree_name)
  File "/usr/local/lib/code-server-4.103.2/lib/vscode/extensions/ms-python.python-2025.12.0/python_files/lib/jedilsp/jedi/inference/syntax_tree.py", line 771, in tree_name_to_values
    types = imports.infer_import(context, tree_name)
  File "/usr/local/lib/code-server-4.103.2/lib/vscode/extensions/ms-python.python-2025.12.0/python_files/lib/jedilsp/jedi/inference/cache.py", line 44, in wrapper
    rv = function(obj, *args, **kwargs)
  File "/usr/local/lib/code-server-4.103.2/lib/vscode/extensions/ms-python.python-2025.12.0/python_files/lib/jedilsp/jedi/inference/imports.py", line 53, in infer_import
    _prepare_infer_import(module_context, tree_name)
  File "/usr/local/lib/code-server-4.103.2/lib/vscode/extensions/ms-python.python-2025.12.0/python_files/lib/jedilsp/jedi/inference/imports.py", line 116, in _prepare_infer_import
    return from_import_name, tuple(import_path), import_node.level, importer.follow()
  File "/usr/local/lib/code-server-4.103.2/lib/vscode/extensions/ms-python.python-2025.12.0/python_files/lib/jedilsp/jedi/inference/imports.py", line 296, in follow
    return import_module_by_names(
  File "/usr/local/lib/code-server-4.103.2/lib/vscode/extensions/ms-python.python-2025.12.0/python_files/lib/jedilsp/jedi/inference/imports.py", line 376, in import_module_by_names
    value_set = ValueSet.from_sets([
  File "/usr/local/lib/code-server-4.103.2/lib/vscode/extensions/ms-python.python-2025.12.0/python_files/lib/jedilsp/jedi/inference/imports.py", line 377, in <listcomp>
    import_module(
  File "/usr/local/lib/code-server-4.103.2/lib/vscode/extensions/ms-python.python-2025.12.0/python_files/lib/jedilsp/jedi/plugins/__init__.py", line 21, in wrapper
    return built_functions[public_name](*args, **kwargs)
  File "/usr/local/lib/code-server-4.103.2/lib/vscode/extensions/ms-python.python-2025.12.0/python_files/lib/jedilsp/jedi/plugins/flask.py", line 20, in wrapper
    return callback(inference_state, import_names, module_context, *args, **kwargs)
  File "/usr/local/lib/code-server-4.103.2/lib/vscode/extensions/ms-python.python-2025.12.0/python_files/lib/jedilsp/jedi/inference/gradual/typeshed.py", line 115, in wrapper
    python_value_set = ValueSet.from_sets(
  File "/usr/local/lib/code-server-4.103.2/lib/vscode/extensions/ms-python.python-2025.12.0/python_files/lib/jedilsp/jedi/inference/base_value.py", line 430, in from_sets
    for set_ in sets:
  File "/usr/local/lib/code-server-4.103.2/lib/vscode/extensions/ms-python.python-2025.12.0/python_files/lib/jedilsp/jedi/inference/gradual/typeshed.py", line 116, in <genexpr>
    func(inference_state, import_names, p, sys_path,)
  File "/usr/local/lib/code-server-4.103.2/lib/vscode/extensions/ms-python.python-2025.12.0/python_files/lib/jedilsp/jedi/inference/imports.py", line 411, in import_module
    file_io_or_ns, is_pkg = inference_state.compiled_subprocess.get_module_info(
  File "/usr/local/lib/code-server-4.103.2/lib/vscode/extensions/ms-python.python-2025.12.0/python_files/lib/jedilsp/jedi/inference/compiled/subprocess/__init__.py", line 188, in wrapper
    result = self._compiled_subprocess.run(
  File "/usr/local/lib/code-server-4.103.2/lib/vscode/extensions/ms-python.python-2025.12.0/python_files/lib/jedilsp/jedi/inference/compiled/subprocess/__init__.py", line 293, in run
    self._send(delete_id, None)
  File "/usr/local/lib/code-server-4.103.2/lib/vscode/extensions/ms-python.python-2025.12.0/python_files/lib/jedilsp/jedi/inference/compiled/subprocess/__init__.py", line 318, in _send
    is_exception, traceback, result = pickle_load(self._get_process().stdout)
  File "/usr/local/lib/code-server-4.103.2/lib/vscode/extensions/ms-python.python-2025.12.0/python_files/lib/jedilsp/jedi/_compatibility.py", line 25, in pickle_load
    return Unpickler(file).load()
_pickle.UnpicklingError: invalid load key, ' '.

2026-07-25 18:28:16.780 [info] [Error - 6:28:16 PM] Request textDocument/documentSymbol failed.
2026-07-25 18:28:16.786 [info]   Message: _pickle.UnpicklingError: invalid load key, ' '.
  Code: -32603 
[object Object]
2026-07-25 18:28:16.788 [info] semantic_tokens_range file:///voc/work/Knowledge_Hands_on/src/pipeline/settings.py 0:0-35:0
2026-07-25 18:28:16.794 [info] ERROR:pygls.protocol.json_rpc:Exception occurred for message "104": _pickle.UnpicklingError: invalid load key, ' '.
NoneType: None

2026-07-25 18:28:16.794 [info] [Error - 6:28:16 PM] Request textDocument/semanticTokens/range failed.
2026-07-25 18:28:16.794 [info]   Message: _pickle.UnpicklingError: invalid load key, ' '.
  Code: -32603 
[object Object]
2026-07-25 18:30:09.732 [info] ERROR:pygls.protocol.json_rpc:Failed to handle request 105 textDocument/completion CompletionParams(text_document=TextDocumentIdentifier(uri='file:///voc/work/Knowledge_Hands_on/src/pipeline/settings.py'), position=0:2, context=CompletionContext(trigger_kind=<CompletionTriggerKind.Invoked: 1>, trigger_character=None), work_done_token=None, partial_result_token=None)
Traceback (most recent call last):
  File "/usr/local/lib/code-server-4.103.2/lib/vscode/extensions/ms-python.python-2025.12.0/python_files/lib/jedilsp/pygls/protocol/json_rpc.py", line 266, in _handle_request
    self._execute_request(msg_id, handler, params)
  File "/usr/local/lib/code-server-4.103.2/lib/vscode/extensions/ms-python.python-2025.12.0/python_files/lib/jedilsp/pygls/protocol/json_rpc.py", line 188, in _execute_request
    self._send_response(msg_id, handler(params))
  File "/usr/local/lib/code-server-4.103.2/lib/vscode/extensions/ms-python.python-2025.12.0/python_files/lib/jedilsp/jedi_language_server/notebook_utils.py", line 373, in wrapped
    result = f(notebook_server, notebook_params)
  File "/usr/local/lib/code-server-4.103.2/lib/vscode/extensions/ms-python.python-2025.12.0/python_files/lib/jedilsp/jedi_language_server/server.py", line 284, in completion
    completions_jedi_raw = jedi_script.complete(*jedi_lines)
  File "/usr/local/lib/code-server-4.103.2/lib/vscode/extensions/ms-python.python-2025.12.0/python_files/lib/jedilsp/jedi/api/helpers.py", line 487, in wrapper
    return func(self, line, column, *args, **kwargs)
  File "/usr/local/lib/code-server-4.103.2/lib/vscode/extensions/ms-python.python-2025.12.0/python_files/lib/jedilsp/jedi/api/__init__.py", line 215, in complete
    return completion.complete()
  File "/usr/local/lib/code-server-4.103.2/lib/vscode/extensions/ms-python.python-2025.12.0/python_files/lib/jedilsp/jedi/api/completion.py", line 178, in complete
    cached_name, completion_names = self._complete_python(leaf)
  File "/usr/local/lib/code-server-4.103.2/lib/vscode/extensions/ms-python.python-2025.12.0/python_files/lib/jedilsp/jedi/api/completion.py", line 327, in _complete_python
    completion_names += self._complete_global_scope()
  File "/usr/local/lib/code-server-4.103.2/lib/vscode/extensions/ms-python.python-2025.12.0/python_files/lib/jedilsp/jedi/api/completion.py", line 392, in _complete_global_scope
    for filter in filters:
  File "/usr/local/lib/code-server-4.103.2/lib/vscode/extensions/ms-python.python-2025.12.0/python_files/lib/jedilsp/jedi/inference/context.py", line 496, in get_global_filters
    b = next(base_context.inference_state.builtins_module.get_filters(), None)
  File "/usr/local/lib/code-server-4.103.2/lib/vscode/extensions/ms-python.python-2025.12.0/python_files/lib/jedilsp/jedi/inference/cache.py", line 44, in wrapper
    rv = function(obj, *args, **kwargs)
  File "/usr/local/lib/code-server-4.103.2/lib/vscode/extensions/ms-python.python-2025.12.0/python_files/lib/jedilsp/jedi/inference/__init__.py", line 129, in builtins_module
    builtins_module, = self.import_module((module_name,), sys_path=[])
  File "/usr/local/lib/code-server-4.103.2/lib/vscode/extensions/ms-python.python-2025.12.0/python_files/lib/jedilsp/jedi/inference/__init__.py", line 112, in import_module
    return imports.import_module_by_names(
  File "/usr/local/lib/code-server-4.103.2/lib/vscode/extensions/ms-python.python-2025.12.0/python_files/lib/jedilsp/jedi/inference/imports.py", line 376, in import_module_by_names
    value_set = ValueSet.from_sets([
  File "/usr/local/lib/code-server-4.103.2/lib/vscode/extensions/ms-python.python-2025.12.0/python_files/lib/jedilsp/jedi/inference/imports.py", line 377, in <listcomp>
    import_module(
  File "/usr/local/lib/code-server-4.103.2/lib/vscode/extensions/ms-python.python-2025.12.0/python_files/lib/jedilsp/jedi/plugins/__init__.py", line 21, in wrapper
    return built_functions[public_name](*args, **kwargs)
  File "/usr/local/lib/code-server-4.103.2/lib/vscode/extensions/ms-python.python-2025.12.0/python_files/lib/jedilsp/jedi/plugins/flask.py", line 20, in wrapper
    return callback(inference_state, import_names, module_context, *args, **kwargs)
  File "/usr/local/lib/code-server-4.103.2/lib/vscode/extensions/ms-python.python-2025.12.0/python_files/lib/jedilsp/jedi/inference/gradual/typeshed.py", line 115, in wrapper
    python_value_set = ValueSet.from_sets(
  File "/usr/local/lib/code-server-4.103.2/lib/vscode/extensions/ms-python.python-2025.12.0/python_files/lib/jedilsp/jedi/inference/base_value.py", line 430, in from_sets
    for set_ in sets:
  File "/usr/local/lib/code-server-4.103.2/lib/vscode/extensions/ms-python.python-2025.12.0/python_files/lib/jedilsp/jedi/inference/gradual/typeshed.py", line 116, in <genexpr>
    func(inference_state, import_names, p, sys_path,)
  File "/usr/local/lib/code-server-4.103.2/lib/vscode/extensions/ms-python.python-2025.12.0/python_files/lib/jedilsp/jedi/inference/imports.py", line 411, in import_module
    file_io_or_ns, is_pkg = inference_state.compiled_subprocess.get_module_info(
  File "/usr/local/lib/code-server-4.103.2/lib/vscode/extensions/ms-python.python-2025.12.0/python_files/lib/jedilsp/jedi/inference/compiled/subprocess/__init__.py", line 188, in wrapper
    result = self._compiled_subprocess.run(
  File "/usr/local/lib/code-server-4.103.2/lib/vscode/extensions/ms-python.python-2025.12.0/python_files/lib/jedilsp/jedi/inference/compiled/subprocess/__init__.py", line 293, in run
    self._send(delete_id, None)
  File "/usr/local/lib/code-server-4.103.2/lib/vscode/extensions/ms-python.python-2025.12.0/python_files/lib/jedilsp/jedi/inference/compiled/subprocess/__init__.py", line 318, in _send
    is_exception, traceback, result = pickle_load(self._get_process().stdout)
  File "/usr/local/lib/code-server-4.103.2/lib/vscode/extensions/ms-python.python-2025.12.0/python_files/lib/jedilsp/jedi/_compatibility.py", line 25, in pickle_load
    return Unpickler(file).load()
_pickle.UnpicklingError: invalid load key, ' '.

2026-07-25 18:30:09.733 [info] [Error - 6:30:09 PM] Request textDocument/completion failed.
2026-07-25 18:30:09.740 [info]   Message: _pickle.UnpicklingError: invalid load key, ' '.
  Code: -32603 
[object Object]
2026-07-25 18:30:09.967 [info] ERROR:pygls.protocol.json_rpc:Failed to handle request 106 textDocument/codeAction CodeActionParams(text_document=TextDocumentIdentifier(uri='file:///voc/work/Knowledge_Hands_on/src/pipeline/settings.py'), range=0:2-0:2, context=CodeActionContext(diagnostics=[], only=None, trigger_kind=<CodeActionTriggerKind.Automatic: 2>), work_done_token=None, partial_result_token=None)
Traceback (most recent call last):
  File "/usr/local/lib/code-server-4.103.2/lib/vscode/extensions/ms-python.python-2025.12.0/python_files/lib/jedilsp/pygls/protocol/json_rpc.py", line 266, in _handle_request
    self._execute_request(msg_id, handler, params)
  File "/usr/local/lib/code-server-4.103.2/lib/vscode/extensions/ms-python.python-2025.12.0/python_files/lib/jedilsp/pygls/protocol/json_rpc.py", line 188, in _execute_request
    self._send_response(msg_id, handler(params))
  File "/usr/local/lib/code-server-4.103.2/lib/vscode/extensions/ms-python.python-2025.12.0/python_files/lib/jedilsp/jedi_language_server/notebook_utils.py", line 373, in wrapped
    result = f(notebook_server, notebook_params)
  File "/usr/local/lib/code-server-4.103.2/lib/vscode/extensions/ms-python.python-2025.12.0/python_files/lib/jedilsp/jedi_language_server/server.py", line 671, in code_action
    inline_refactoring = jedi_script.inline(*jedi_lines)
  File "/usr/local/lib/code-server-4.103.2/lib/vscode/extensions/ms-python.python-2025.12.0/python_files/lib/jedilsp/jedi/api/__init__.py", line 697, in inline
    names = [d._name for d in self.get_references(line, column, include_builtins=True)]
  File "/usr/local/lib/code-server-4.103.2/lib/vscode/extensions/ms-python.python-2025.12.0/python_files/lib/jedilsp/jedi/api/helpers.py", line 487, in wrapper
    return func(self, line, column, *args, **kwargs)
  File "/usr/local/lib/code-server-4.103.2/lib/vscode/extensions/ms-python.python-2025.12.0/python_files/lib/jedilsp/jedi/api/__init__.py", line 429, in get_references
    return _references(**kwargs)
  File "/usr/local/lib/code-server-4.103.2/lib/vscode/extensions/ms-python.python-2025.12.0/python_files/lib/jedilsp/jedi/api/__init__.py", line 423, in _references
    names = find_references(self._get_module_context(), tree_name, scope == 'file')
  File "/usr/local/lib/code-server-4.103.2/lib/vscode/extensions/ms-python.python-2025.12.0/python_files/lib/jedilsp/jedi/inference/references.py", line 122, in find_references
    found_names = _find_defining_names(module_context, tree_name)
  File "/usr/local/lib/code-server-4.103.2/lib/vscode/extensions/ms-python.python-2025.12.0/python_files/lib/jedilsp/jedi/inference/references.py", line 53, in _find_defining_names
    found_names = _find_names(module_context, tree_name)
  File "/usr/local/lib/code-server-4.103.2/lib/vscode/extensions/ms-python.python-2025.12.0/python_files/lib/jedilsp/jedi/inference/references.py", line 74, in _find_names
    found_names = set(name.goto())
  File "/usr/local/lib/code-server-4.103.2/lib/vscode/extensions/ms-python.python-2025.12.0/python_files/lib/jedilsp/jedi/inference/names.py", line 213, in goto
    return context.goto(name, position=stmt.start_pos)
  File "/usr/local/lib/code-server-4.103.2/lib/vscode/extensions/ms-python.python-2025.12.0/python_files/lib/jedilsp/jedi/inference/context.py", line 34, in goto
    names = finder.filter_name(filters, name_or_str)
  File "/usr/local/lib/code-server-4.103.2/lib/vscode/extensions/ms-python.python-2025.12.0/python_files/lib/jedilsp/jedi/inference/finder.py", line 35, in filter_name
    for filter in filters:
  File "/usr/local/lib/code-server-4.103.2/lib/vscode/extensions/ms-python.python-2025.12.0/python_files/lib/jedilsp/jedi/inference/context.py", line 496, in get_global_filters
    b = next(base_context.inference_state.builtins_module.get_filters(), None)
  File "/usr/local/lib/code-server-4.103.2/lib/vscode/extensions/ms-python.python-2025.12.0/python_files/lib/jedilsp/jedi/inference/cache.py", line 44, in wrapper
    rv = function(obj, *args, **kwargs)
  File "/usr/local/lib/code-server-4.103.2/lib/vscode/extensions/ms-python.python-2025.12.0/python_files/lib/jedilsp/jedi/inference/__init__.py", line 129, in builtins_module
    builtins_module, = self.import_module((module_name,), sys_path=[])
  File "/usr/local/lib/code-server-4.103.2/lib/vscode/extensions/ms-python.python-2025.12.0/python_files/lib/jedilsp/jedi/inference/__init__.py", line 112, in import_module
    return imports.import_module_by_names(
  File "/usr/local/lib/code-server-4.103.2/lib/vscode/extensions/ms-python.python-2025.12.0/python_files/lib/jedilsp/jedi/inference/imports.py", line 376, in import_module_by_names
    value_set = ValueSet.from_sets([
  File "/usr/local/lib/code-server-4.103.2/lib/vscode/extensions/ms-python.python-2025.12.0/python_files/lib/jedilsp/jedi/inference/imports.py", line 377, in <listcomp>
    import_module(
  File "/usr/local/lib/code-server-4.103.2/lib/vscode/extensions/ms-python.python-2025.12.0/python_files/lib/jedilsp/jedi/plugins/__init__.py", line 21, in wrapper
    return built_functions[public_name](*args, **kwargs)
  File "/usr/local/lib/code-server-4.103.2/lib/vscode/extensions/ms-python.python-2025.12.0/python_files/lib/jedilsp/jedi/plugins/flask.py", line 20, in wrapper
    return callback(inference_state, import_names, module_context, *args, **kwargs)
  File "/usr/local/lib/code-server-4.103.2/lib/vscode/extensions/ms-python.python-2025.12.0/python_files/lib/jedilsp/jedi/inference/gradual/typeshed.py", line 115, in wrapper
    python_value_set = ValueSet.from_sets(
  File "/usr/local/lib/code-server-4.103.2/lib/vscode/extensions/ms-python.python-2025.12.0/python_files/lib/jedilsp/jedi/inference/base_value.py", line 430, in from_sets
    for set_ in sets:
  File "/usr/local/lib/code-server-4.103.2/lib/vscode/extensions/ms-python.python-2025.12.0/python_files/lib/jedilsp/jedi/inference/gradual/typeshed.py", line 116, in <genexpr>
    func(inference_state, import_names, p, sys_path,)
  File "/usr/local/lib/code-server-4.103.2/lib/vscode/extensions/ms-python.python-2025.12.0/python_files/lib/jedilsp/jedi/inference/imports.py", line 411, in import_module
    file_io_or_ns, is_pkg = inference_state.compiled_subprocess.get_module_info(
  File "/usr/local/lib/code-server-4.103.2/lib/vscode/extensions/ms-python.python-2025.12.0/python_files/lib/jedilsp/jedi/inference/compiled/subprocess/__init__.py", line 188, in wrapper
    result = self._compiled_subprocess.run(
  File "/usr/local/lib/code-server-4.103.2/lib/vscode/extensions/ms-python.python-2025.12.0/python_files/lib/jedilsp/jedi/inference/compiled/subprocess/__init__.py", line 293, in run
    self._send(delete_id, None)
  File "/usr/local/lib/code-server-4.103.2/lib/vscode/extensions/ms-python.python-2025.12.0/python_files/lib/jedilsp/jedi/inference/compiled/subprocess/__init__.py", line 318, in _send
    is_exception, traceback, result = pickle_load(self._get_process().stdout)
  File "/usr/local/lib/code-server-4.103.2/lib/vscode/extensions/ms-python.python-2025.12.0/python_files/lib/jedilsp/jedi/_compatibility.py", line 25, in pickle_load
    return Unpickler(file).load()
_pickle.UnpicklingError: invalid load key, ' '.

2026-07-25 18:30:09.967 [info] [Error - 6:30:09 PM] Request textDocument/codeAction failed.
2026-07-25 18:30:09.975 [info]   Message: _pickle.UnpicklingError: invalid load key, ' '.
  Code: -32603 
[object Object]
2026-07-25 18:30:09.984 [info] semantic_tokens_full file:///voc/work/Knowledge_Hands_on/src/pipeline/settings.py 
2026-07-25 18:30:09.985 [info] ERROR:pygls.protocol.json_rpc:Exception occurred for message "107": _pickle.UnpicklingError: invalid load key, ' '.
NoneType: None

2026-07-25 18:30:09.985 [info] [Error - 6:30:09 PM] Request textDocument/semanticTokens/full failed.
2026-07-25 18:30:09.985 [info]   Message: _pickle.UnpicklingError: invalid load key, ' '.
  Code: -32603 
[object Object]
2026-07-25 18:30:10.065 [info] ERROR:pygls.protocol.json_rpc:Failed to handle request 108 textDocument/documentSymbol DocumentSymbolParams(text_document=TextDocumentIdentifier(uri='file:///voc/work/Knowledge_Hands_on/src/pipeline/settings.py'), work_done_token=None, partial_result_token=None)
Traceback (most recent call last):
  File "/usr/local/lib/code-server-4.103.2/lib/vscode/extensions/ms-python.python-2025.12.0/python_files/lib/jedilsp/pygls/protocol/json_rpc.py", line 266, in _handle_request
    self._execute_request(msg_id, handler, params)
  File "/usr/local/lib/code-server-4.103.2/lib/vscode/extensions/ms-python.python-2025.12.0/python_files/lib/jedilsp/pygls/protocol/json_rpc.py", line 188, in _execute_request
    self._send_response(msg_id, handler(params))
  File "/usr/local/lib/code-server-4.103.2/lib/vscode/extensions/ms-python.python-2025.12.0/python_files/lib/jedilsp/jedi_language_server/server.py", line 546, in document_symbol
    document_symbols = jedi_utils.lsp_document_symbols(names)
  File "/usr/local/lib/code-server-4.103.2/lib/vscode/extensions/ms-python.python-2025.12.0/python_files/lib/jedilsp/jedi_language_server/jedi_utils.py", line 225, in lsp_document_symbols
    symbol_range = _document_symbol_range(name)
  File "/usr/local/lib/code-server-4.103.2/lib/vscode/extensions/ms-python.python-2025.12.0/python_files/lib/jedilsp/jedi_language_server/jedi_utils.py", line 204, in _document_symbol_range
    end = name.get_definition_end_position()
  File "/usr/local/lib/code-server-4.103.2/lib/vscode/extensions/ms-python.python-2025.12.0/python_files/lib/jedilsp/jedi/api/classes.py", line 260, in get_definition_end_position
    if self.type in ("function", "class"):
  File "/usr/local/lib/code-server-4.103.2/lib/vscode/extensions/ms-python.python-2025.12.0/python_files/lib/jedilsp/jedi/api/classes.py", line 190, in type
    for value in self._name.infer():
  File "/usr/local/lib/code-server-4.103.2/lib/vscode/extensions/ms-python.python-2025.12.0/python_files/lib/jedilsp/jedi/inference/names.py", line 281, in infer
    return tree_name_to_values(
  File "/usr/local/lib/code-server-4.103.2/lib/vscode/extensions/ms-python.python-2025.12.0/python_files/lib/jedilsp/jedi/plugins/__init__.py", line 21, in wrapper
    return built_functions[public_name](*args, **kwargs)
  File "/usr/local/lib/code-server-4.103.2/lib/vscode/extensions/ms-python.python-2025.12.0/python_files/lib/jedilsp/jedi/plugins/stdlib.py", line 878, in wrapper
    return func(inference_state, context, tree_name)
  File "/usr/local/lib/code-server-4.103.2/lib/vscode/extensions/ms-python.python-2025.12.0/python_files/lib/jedilsp/jedi/plugins/django.py", line 177, in wrapper
    result = func(inference_state, context, tree_name)
  File "/usr/local/lib/code-server-4.103.2/lib/vscode/extensions/ms-python.python-2025.12.0/python_files/lib/jedilsp/jedi/inference/syntax_tree.py", line 771, in tree_name_to_values
    types = imports.infer_import(context, tree_name)
  File "/usr/local/lib/code-server-4.103.2/lib/vscode/extensions/ms-python.python-2025.12.0/python_files/lib/jedilsp/jedi/inference/cache.py", line 44, in wrapper
    rv = function(obj, *args, **kwargs)
  File "/usr/local/lib/code-server-4.103.2/lib/vscode/extensions/ms-python.python-2025.12.0/python_files/lib/jedilsp/jedi/inference/imports.py", line 53, in infer_import
    _prepare_infer_import(module_context, tree_name)
  File "/usr/local/lib/code-server-4.103.2/lib/vscode/extensions/ms-python.python-2025.12.0/python_files/lib/jedilsp/jedi/inference/imports.py", line 116, in _prepare_infer_import
    return from_import_name, tuple(import_path), import_node.level, importer.follow()
  File "/usr/local/lib/code-server-4.103.2/lib/vscode/extensions/ms-python.python-2025.12.0/python_files/lib/jedilsp/jedi/inference/imports.py", line 296, in follow
    return import_module_by_names(
  File "/usr/local/lib/code-server-4.103.2/lib/vscode/extensions/ms-python.python-2025.12.0/python_files/lib/jedilsp/jedi/inference/imports.py", line 376, in import_module_by_names
    value_set = ValueSet.from_sets([
  File "/usr/local/lib/code-server-4.103.2/lib/vscode/extensions/ms-python.python-2025.12.0/python_files/lib/jedilsp/jedi/inference/imports.py", line 377, in <listcomp>
    import_module(
  File "/usr/local/lib/code-server-4.103.2/lib/vscode/extensions/ms-python.python-2025.12.0/python_files/lib/jedilsp/jedi/plugins/__init__.py", line 21, in wrapper
    return built_functions[public_name](*args, **kwargs)
  File "/usr/local/lib/code-server-4.103.2/lib/vscode/extensions/ms-python.python-2025.12.0/python_files/lib/jedilsp/jedi/plugins/flask.py", line 20, in wrapper
    return callback(inference_state, import_names, module_context, *args, **kwargs)
  File "/usr/local/lib/code-server-4.103.2/lib/vscode/extensions/ms-python.python-2025.12.0/python_files/lib/jedilsp/jedi/inference/gradual/typeshed.py", line 115, in wrapper
    python_value_set = ValueSet.from_sets(
  File "/usr/local/lib/code-server-4.103.2/lib/vscode/extensions/ms-python.python-2025.12.0/python_files/lib/jedilsp/jedi/inference/base_value.py", line 430, in from_sets
    for set_ in sets:
  File "/usr/local/lib/code-server-4.103.2/lib/vscode/extensions/ms-python.python-2025.12.0/python_files/lib/jedilsp/jedi/inference/gradual/typeshed.py", line 116, in <genexpr>
    func(inference_state, import_names, p, sys_path,)
  File "/usr/local/lib/code-server-4.103.2/lib/vscode/extensions/ms-python.python-2025.12.0/python_files/lib/jedilsp/jedi/inference/imports.py", line 411, in import_module
    file_io_or_ns, is_pkg = inference_state.compiled_subprocess.get_module_info(
  File "/usr/local/lib/code-server-4.103.2/lib/vscode/extensions/ms-python.python-2025.12.0/python_files/lib/jedilsp/jedi/inference/compiled/subprocess/__init__.py", line 188, in wrapper
    result = self._compiled_subprocess.run(
  File "/usr/local/lib/code-server-4.103.2/lib/vscode/extensions/ms-python.python-2025.12.0/python_files/lib/jedilsp/jedi/inference/compiled/subprocess/__init__.py", line 293, in run
    self._send(delete_id, None)
  File "/usr/local/lib/code-server-4.103.2/lib/vscode/extensions/ms-python.python-2025.12.0/python_files/lib/jedilsp/jedi/inference/compiled/subprocess/__init__.py", line 318, in _send
    is_exception, traceback, result = pickle_load(self._get_process().stdout)
  File "/usr/local/lib/code-server-4.103.2/lib/vscode/extensions/ms-python.python-2025.12.0/python_files/lib/jedilsp/jedi/_compatibility.py", line 25, in pickle_load
    return Unpickler(file).load()
_pickle.UnpicklingError: invalid load key, ' '.

2026-07-25 18:30:10.065 [info] [Error - 6:30:10 PM] Request textDocument/documentSymbol failed.
2026-07-25 18:30:10.072 [info]   Message: _pickle.UnpicklingError: invalid load key, ' '.
  Code: -32603 
[object Object]
2026-07-25 18:30:10.076 [info] ERROR:pygls.protocol.json_rpc:Failed to handle request 109 textDocument/documentSymbol DocumentSymbolParams(text_document=TextDocumentIdentifier(uri='file:///voc/work/Knowledge_Hands_on/src/pipeline/settings.py'), work_done_token=None, partial_result_token=None)
Traceback (most recent call last):
  File "/usr/local/lib/code-server-4.103.2/lib/vscode/extensions/ms-python.python-2025.12.0/python_files/lib/jedilsp/pygls/protocol/json_rpc.py", line 266, in _handle_request
    self._execute_request(msg_id, handler, params)
  File "/usr/local/lib/code-server-4.103.2/lib/vscode/extensions/ms-python.python-2025.12.0/python_files/lib/jedilsp/pygls/protocol/json_rpc.py", line 188, in _execute_request
    self._send_response(msg_id, handler(params))
  File "/usr/local/lib/code-server-4.103.2/lib/vscode/extensions/ms-python.python-2025.12.0/python_files/lib/jedilsp/jedi_language_server/server.py", line 546, in document_symbol
    document_symbols = jedi_utils.lsp_document_symbols(names)
  File "/usr/local/lib/code-server-4.103.2/lib/vscode/extensions/ms-python.python-2025.12.0/python_files/lib/jedilsp/jedi_language_server/jedi_utils.py", line 225, in lsp_document_symbols
    symbol_range = _document_symbol_range(name)
  File "/usr/local/lib/code-server-4.103.2/lib/vscode/extensions/ms-python.python-2025.12.0/python_files/lib/jedilsp/jedi_language_server/jedi_utils.py", line 204, in _document_symbol_range
    end = name.get_definition_end_position()
  File "/usr/local/lib/code-server-4.103.2/lib/vscode/extensions/ms-python.python-2025.12.0/python_files/lib/jedilsp/jedi/api/classes.py", line 260, in get_definition_end_position
    if self.type in ("function", "class"):
  File "/usr/local/lib/code-server-4.103.2/lib/vscode/extensions/ms-python.python-2025.12.0/python_files/lib/jedilsp/jedi/api/classes.py", line 190, in type
    for value in self._name.infer():
  File "/usr/local/lib/code-server-4.103.2/lib/vscode/extensions/ms-python.python-2025.12.0/python_files/lib/jedilsp/jedi/inference/names.py", line 281, in infer
    return tree_name_to_values(
  File "/usr/local/lib/code-server-4.103.2/lib/vscode/extensions/ms-python.python-2025.12.0/python_files/lib/jedilsp/jedi/plugins/__init__.py", line 21, in wrapper
    return built_functions[public_name](*args, **kwargs)
  File "/usr/local/lib/code-server-4.103.2/lib/vscode/extensions/ms-python.python-2025.12.0/python_files/lib/jedilsp/jedi/plugins/stdlib.py", line 878, in wrapper
    return func(inference_state, context, tree_name)
  File "/usr/local/lib/code-server-4.103.2/lib/vscode/extensions/ms-python.python-2025.12.0/python_files/lib/jedilsp/jedi/plugins/django.py", line 177, in wrapper
    result = func(inference_state, context, tree_name)
  File "/usr/local/lib/code-server-4.103.2/lib/vscode/extensions/ms-python.python-2025.12.0/python_files/lib/jedilsp/jedi/inference/syntax_tree.py", line 771, in tree_name_to_values
    types = imports.infer_import(context, tree_name)
  File "/usr/local/lib/code-server-4.103.2/lib/vscode/extensions/ms-python.python-2025.12.0/python_files/lib/jedilsp/jedi/inference/cache.py", line 44, in wrapper
    rv = function(obj, *args, **kwargs)
  File "/usr/local/lib/code-server-4.103.2/lib/vscode/extensions/ms-python.python-2025.12.0/python_files/lib/jedilsp/jedi/inference/imports.py", line 53, in infer_import
    _prepare_infer_import(module_context, tree_name)
  File "/usr/local/lib/code-server-4.103.2/lib/vscode/extensions/ms-python.python-2025.12.0/python_files/lib/jedilsp/jedi/inference/imports.py", line 116, in _prepare_infer_import
    return from_import_name, tuple(import_path), import_node.level, importer.follow()
  File "/usr/local/lib/code-server-4.103.2/lib/vscode/extensions/ms-python.python-2025.12.0/python_files/lib/jedilsp/jedi/inference/imports.py", line 296, in follow
    return import_module_by_names(
  File "/usr/local/lib/code-server-4.103.2/lib/vscode/extensions/ms-python.python-2025.12.0/python_files/lib/jedilsp/jedi/inference/imports.py", line 376, in import_module_by_names
    value_set = ValueSet.from_sets([
  File "/usr/local/lib/code-server-4.103.2/lib/vscode/extensions/ms-python.python-2025.12.0/python_files/lib/jedilsp/jedi/inference/imports.py", line 377, in <listcomp>
    import_module(
  File "/usr/local/lib/code-server-4.103.2/lib/vscode/extensions/ms-python.python-2025.12.0/python_files/lib/jedilsp/jedi/plugins/__init__.py", line 21, in wrapper
    return built_functions[public_name](*args, **kwargs)
  File "/usr/local/lib/code-server-4.103.2/lib/vscode/extensions/ms-python.python-2025.12.0/python_files/lib/jedilsp/jedi/plugins/flask.py", line 20, in wrapper
    return callback(inference_state, import_names, module_context, *args, **kwargs)
  File "/usr/local/lib/code-server-4.103.2/lib/vscode/extensions/ms-python.python-2025.12.0/python_files/lib/jedilsp/jedi/inference/gradual/typeshed.py", line 115, in wrapper
    python_value_set = ValueSet.from_sets(
  File "/usr/local/lib/code-server-4.103.2/lib/vscode/extensions/ms-python.python-2025.12.0/python_files/lib/jedilsp/jedi/inference/base_value.py", line 430, in from_sets
    for set_ in sets:
  File "/usr/local/lib/code-server-4.103.2/lib/vscode/extensions/ms-python.python-2025.12.0/python_files/lib/jedilsp/jedi/inference/gradual/typeshed.py", line 116, in <genexpr>
    func(inference_state, import_names, p, sys_path,)
  File "/usr/local/lib/code-server-4.103.2/lib/vscode/extensions/ms-python.python-2025.12.0/python_files/lib/jedilsp/jedi/inference/imports.py", line 411, in import_module
    file_io_or_ns, is_pkg = inference_state.compiled_subprocess.get_module_info(
  File "/usr/local/lib/code-server-4.103.2/lib/vscode/extensions/ms-python.python-2025.12.0/python_files/lib/jedilsp/jedi/inference/compiled/subprocess/__init__.py", line 188, in wrapper
    result = self._compiled_subprocess.run(
  File "/usr/local/lib/code-server-4.103.2/lib/vscode/extensions/ms-python.python-2025.12.0/python_files/lib/jedilsp/jedi/inference/compiled/subprocess/__init__.py", line 293, in run
    self._send(delete_id, None)
  File "/usr/local/lib/code-server-4.103.2/lib/vscode/extensions/ms-python.python-2025.12.0/python_files/lib/jedilsp/jedi/inference/compiled/subprocess/__init__.py", line 318, in _send
    is_exception, traceback, result = pickle_load(self._get_process().stdout)
  File "/usr/local/lib/code-server-4.103.2/lib/vscode/extensions/ms-python.python-2025.12.0/python_files/lib/jedilsp/jedi/_compatibility.py", line 25, in pickle_load
    return Unpickler(file).load()
_pickle.UnpicklingError: invalid load key, ' '.

2026-07-25 18:30:10.079 [info] [Error - 6:30:10 PM] Request textDocument/documentSymbol failed.
2026-07-25 18:30:10.079 [info]   Message: _pickle.UnpicklingError: invalid load key, ' '.
  Code: -32603 
[object Object]
2026-07-25 18:30:10.086 [info] semantic_tokens_range file:///voc/work/Knowledge_Hands_on/src/pipeline/settings.py 0:0-35:0
2026-07-25 18:30:10.087 [info] ERROR:pygls.protocol.json_rpc:Exception occurred for message "110": _pickle.UnpicklingError: invalid load key, ' '.
NoneType: None

2026-07-25 18:30:10.088 [info] [Error - 6:30:10 PM] Request textDocument/semanticTokens/range failed.
2026-07-25 18:30:10.088 [info]   Message: _pickle.UnpicklingError: invalid load key, ' '.
  Code: -32603 
[object Object]
2026-07-25 18:30:11.259 [info] ERROR:pygls.protocol.json_rpc:Failed to handle request 111 textDocument/codeAction CodeActionParams(text_document=TextDocumentIdentifier(uri='file:///voc/work/Knowledge_Hands_on/src/pipeline/settings.py'), range=0:2-0:2, context=CodeActionContext(diagnostics=[Diagnostic(range=0:2-5:3, message='SyntaxError: invalid syntax (settings.py, line 1)', severity=<DiagnosticSeverity.Error: 1>, code=None, code_description=None, source='compile', tags=None, related_information=None, data=None)], only=None, trigger_kind=<CodeActionTriggerKind.Automatic: 2>), work_done_token=None, partial_result_token=None)
Traceback (most recent call last):
  File "/usr/local/lib/code-server-4.103.2/lib/vscode/extensions/ms-python.python-2025.12.0/python_files/lib/jedilsp/pygls/protocol/json_rpc.py", line 266, in _handle_request
    self._execute_request(msg_id, handler, params)
  File "/usr/local/lib/code-server-4.103.2/lib/vscode/extensions/ms-python.python-2025.12.0/python_files/lib/jedilsp/pygls/protocol/json_rpc.py", line 188, in _execute_request
    self._send_response(msg_id, handler(params))
  File "/usr/local/lib/code-server-4.103.2/lib/vscode/extensions/ms-python.python-2025.12.0/python_files/lib/jedilsp/jedi_language_server/notebook_utils.py", line 373, in wrapped
    result = f(notebook_server, notebook_params)
  File "/usr/local/lib/code-server-4.103.2/lib/vscode/extensions/ms-python.python-2025.12.0/python_files/lib/jedilsp/jedi_language_server/server.py", line 671, in code_action
    inline_refactoring = jedi_script.inline(*jedi_lines)
  File "/usr/local/lib/code-server-4.103.2/lib/vscode/extensions/ms-python.python-2025.12.0/python_files/lib/jedilsp/jedi/api/__init__.py", line 697, in inline
    names = [d._name for d in self.get_references(line, column, include_builtins=True)]
  File "/usr/local/lib/code-server-4.103.2/lib/vscode/extensions/ms-python.python-2025.12.0/python_files/lib/jedilsp/jedi/api/helpers.py", line 487, in wrapper
    return func(self, line, column, *args, **kwargs)
  File "/usr/local/lib/code-server-4.103.2/lib/vscode/extensions/ms-python.python-2025.12.0/python_files/lib/jedilsp/jedi/api/__init__.py", line 429, in get_references
    return _references(**kwargs)
  File "/usr/local/lib/code-server-4.103.2/lib/vscode/extensions/ms-python.python-2025.12.0/python_files/lib/jedilsp/jedi/api/__init__.py", line 423, in _references
    names = find_references(self._get_module_context(), tree_name, scope == 'file')
  File "/usr/local/lib/code-server-4.103.2/lib/vscode/extensions/ms-python.python-2025.12.0/python_files/lib/jedilsp/jedi/inference/references.py", line 122, in find_references
    found_names = _find_defining_names(module_context, tree_name)
  File "/usr/local/lib/code-server-4.103.2/lib/vscode/extensions/ms-python.python-2025.12.0/python_files/lib/jedilsp/jedi/inference/references.py", line 53, in _find_defining_names
    found_names = _find_names(module_context, tree_name)
  File "/usr/local/lib/code-server-4.103.2/lib/vscode/extensions/ms-python.python-2025.12.0/python_files/lib/jedilsp/jedi/inference/references.py", line 74, in _find_names
    found_names = set(name.goto())
  File "/usr/local/lib/code-server-4.103.2/lib/vscode/extensions/ms-python.python-2025.12.0/python_files/lib/jedilsp/jedi/inference/names.py", line 213, in goto
    return context.goto(name, position=stmt.start_pos)
  File "/usr/local/lib/code-server-4.103.2/lib/vscode/extensions/ms-python.python-2025.12.0/python_files/lib/jedilsp/jedi/inference/context.py", line 34, in goto
    names = finder.filter_name(filters, name_or_str)
  File "/usr/local/lib/code-server-4.103.2/lib/vscode/extensions/ms-python.python-2025.12.0/python_files/lib/jedilsp/jedi/inference/finder.py", line 35, in filter_name
    for filter in filters:
  File "/usr/local/lib/code-server-4.103.2/lib/vscode/extensions/ms-python.python-2025.12.0/python_files/lib/jedilsp/jedi/inference/context.py", line 496, in get_global_filters
    b = next(base_context.inference_state.builtins_module.get_filters(), None)
  File "/usr/local/lib/code-server-4.103.2/lib/vscode/extensions/ms-python.python-2025.12.0/python_files/lib/jedilsp/jedi/inference/cache.py", line 44, in wrapper
    rv = function(obj, *args, **kwargs)
  File "/usr/local/lib/code-server-4.103.2/lib/vscode/extensions/ms-python.python-2025.12.0/python_files/lib/jedilsp/jedi/inference/__init__.py", line 129, in builtins_module
    builtins_module, = self.import_module((module_name,), sys_path=[])
  File "/usr/local/lib/code-server-4.103.2/lib/vscode/extensions/ms-python.python-2025.12.0/python_files/lib/jedilsp/jedi/inference/__init__.py", line 112, in import_module
    return imports.import_module_by_names(
  File "/usr/local/lib/code-server-4.103.2/lib/vscode/extensions/ms-python.python-2025.12.0/python_files/lib/jedilsp/jedi/inference/imports.py", line 376, in import_module_by_names
    value_set = ValueSet.from_sets([
  File "/usr/local/lib/code-server-4.103.2/lib/vscode/extensions/ms-python.python-2025.12.0/python_files/lib/jedilsp/jedi/inference/imports.py", line 377, in <listcomp>
    import_module(
  File "/usr/local/lib/code-server-4.103.2/lib/vscode/extensions/ms-python.python-2025.12.0/python_files/lib/jedilsp/jedi/plugins/__init__.py", line 21, in wrapper
    return built_functions[public_name](*args, **kwargs)
  File "/usr/local/lib/code-server-4.103.2/lib/vscode/extensions/ms-python.python-2025.12.0/python_files/lib/jedilsp/jedi/plugins/flask.py", line 20, in wrapper
    return callback(inference_state, import_names, module_context, *args, **kwargs)
  File "/usr/local/lib/code-server-4.103.2/lib/vscode/extensions/ms-python.python-2025.12.0/python_files/lib/jedilsp/jedi/inference/gradual/typeshed.py", line 115, in wrapper
    python_value_set = ValueSet.from_sets(
  File "/usr/local/lib/code-server-4.103.2/lib/vscode/extensions/ms-python.python-2025.12.0/python_files/lib/jedilsp/jedi/inference/base_value.py", line 430, in from_sets
    for set_ in sets:
  File "/usr/local/lib/code-server-4.103.2/lib/vscode/extensions/ms-python.python-2025.12.0/python_files/lib/jedilsp/jedi/inference/gradual/typeshed.py", line 116, in <genexpr>
    func(inference_state, import_names, p, sys_path,)
  File "/usr/local/lib/code-server-4.103.2/lib/vscode/extensions/ms-python.python-2025.12.0/python_files/lib/jedilsp/jedi/inference/imports.py", line 411, in import_module
    file_io_or_ns, is_pkg = inference_state.compiled_subprocess.get_module_info(
  File "/usr/local/lib/code-server-4.103.2/lib/vscode/extensions/ms-python.python-2025.12.0/python_files/lib/jedilsp/jedi/inference/compiled/subprocess/__init__.py", line 188, in wrapper
    result = self._compiled_subprocess.run(
  File "/usr/local/lib/code-server-4.103.2/lib/vscode/extensions/ms-python.python-2025.12.0/python_files/lib/jedilsp/jedi/inference/compiled/subprocess/__init__.py", line 296, in run
    return self._send(inference_state_id, function, args, kwargs)
  File "/usr/local/lib/code-server-4.103.2/lib/vscode/extensions/ms-python.python-2025.12.0/python_files/lib/jedilsp/jedi/inference/compiled/subprocess/__init__.py", line 318, in _send
    is_exception, traceback, result = pickle_load(self._get_process().stdout)
  File "/usr/local/lib/code-server-4.103.2/lib/vscode/extensions/ms-python.python-2025.12.0/python_files/lib/jedilsp/jedi/_compatibility.py", line 25, in pickle_load
    return Unpickler(file).load()
_pickle.UnpicklingError: invalid load key, ' '.

2026-07-25 18:30:11.260 [info] [Error - 6:30:11 PM] Request textDocument/codeAction failed.
2026-07-25 18:30:11.266 [info]   Message: _pickle.UnpicklingError: invalid load key, ' '.
  Code: -32603 
[object Object]
2026-07-25 18:30:11.676 [info] ERROR:pygls.protocol.json_rpc:Failed to handle request 112 textDocument/completion CompletionParams(text_document=TextDocumentIdentifier(uri='file:///voc/work/Knowledge_Hands_on/src/pipeline/settings.py'), position=0:1, context=CompletionContext(trigger_kind=<CompletionTriggerKind.Invoked: 1>, trigger_character=None), work_done_token=None, partial_result_token=None)
Traceback (most recent call last):
  File "/usr/local/lib/code-server-4.103.2/lib/vscode/extensions/ms-python.python-2025.12.0/python_files/lib/jedilsp/pygls/protocol/json_rpc.py", line 266, in _handle_request
    self._execute_request(msg_id, handler, params)
  File "/usr/local/lib/code-server-4.103.2/lib/vscode/extensions/ms-python.python-2025.12.0/python_files/lib/jedilsp/pygls/protocol/json_rpc.py", line 188, in _execute_request
    self._send_response(msg_id, handler(params))
  File "/usr/local/lib/code-server-4.103.2/lib/vscode/extensions/ms-python.python-2025.12.0/python_files/lib/jedilsp/jedi_language_server/notebook_utils.py", line 373, in wrapped
    result = f(notebook_server, notebook_params)
  File "/usr/local/lib/code-server-4.103.2/lib/vscode/extensions/ms-python.python-2025.12.0/python_files/lib/jedilsp/jedi_language_server/server.py", line 284, in completion
    completions_jedi_raw = jedi_script.complete(*jedi_lines)
  File "/usr/local/lib/code-server-4.103.2/lib/vscode/extensions/ms-python.python-2025.12.0/python_files/lib/jedilsp/jedi/api/helpers.py", line 487, in wrapper
    return func(self, line, column, *args, **kwargs)
  File "/usr/local/lib/code-server-4.103.2/lib/vscode/extensions/ms-python.python-2025.12.0/python_files/lib/jedilsp/jedi/api/__init__.py", line 215, in complete
    return completion.complete()
  File "/usr/local/lib/code-server-4.103.2/lib/vscode/extensions/ms-python.python-2025.12.0/python_files/lib/jedilsp/jedi/api/completion.py", line 178, in complete
    cached_name, completion_names = self._complete_python(leaf)
  File "/usr/local/lib/code-server-4.103.2/lib/vscode/extensions/ms-python.python-2025.12.0/python_files/lib/jedilsp/jedi/api/completion.py", line 327, in _complete_python
    completion_names += self._complete_global_scope()
  File "/usr/local/lib/code-server-4.103.2/lib/vscode/extensions/ms-python.python-2025.12.0/python_files/lib/jedilsp/jedi/api/completion.py", line 392, in _complete_global_scope
    for filter in filters:
  File "/usr/local/lib/code-server-4.103.2/lib/vscode/extensions/ms-python.python-2025.12.0/python_files/lib/jedilsp/jedi/inference/context.py", line 496, in get_global_filters
    b = next(base_context.inference_state.builtins_module.get_filters(), None)
  File "/usr/local/lib/code-server-4.103.2/lib/vscode/extensions/ms-python.python-2025.12.0/python_files/lib/jedilsp/jedi/inference/cache.py", line 44, in wrapper
    rv = function(obj, *args, **kwargs)
  File "/usr/local/lib/code-server-4.103.2/lib/vscode/extensions/ms-python.python-2025.12.0/python_files/lib/jedilsp/jedi/inference/__init__.py", line 129, in builtins_module
    builtins_module, = self.import_module((module_name,), sys_path=[])
  File "/usr/local/lib/code-server-4.103.2/lib/vscode/extensions/ms-python.python-2025.12.0/python_files/lib/jedilsp/jedi/inference/__init__.py", line 112, in import_module
    return imports.import_module_by_names(
  File "/usr/local/lib/code-server-4.103.2/lib/vscode/extensions/ms-python.python-2025.12.0/python_files/lib/jedilsp/jedi/inference/imports.py", line 376, in import_module_by_names
    value_set = ValueSet.from_sets([
  File "/usr/local/lib/code-server-4.103.2/lib/vscode/extensions/ms-python.python-2025.12.0/python_files/lib/jedilsp/jedi/inference/imports.py", line 377, in <listcomp>
    import_module(
  File "/usr/local/lib/code-server-4.103.2/lib/vscode/extensions/ms-python.python-2025.12.0/python_files/lib/jedilsp/jedi/plugins/__init__.py", line 21, in wrapper
    return built_functions[public_name](*args, **kwargs)
  File "/usr/local/lib/code-server-4.103.2/lib/vscode/extensions/ms-python.python-2025.12.0/python_files/lib/jedilsp/jedi/plugins/flask.py", line 20, in wrapper
    return callback(inference_state, import_names, module_context, *args, **kwargs)
  File "/usr/local/lib/code-server-4.103.2/lib/vscode/extensions/ms-python.python-2025.12.0/python_files/lib/jedilsp/jedi/inference/gradual/typeshed.py", line 115, in wrapper
    python_value_set = ValueSet.from_sets(
  File "/usr/local/lib/code-server-4.103.2/lib/vscode/extensions/ms-python.python-2025.12.0/python_files/lib/jedilsp/jedi/inference/base_value.py", line 430, in from_sets
    for set_ in sets:
  File "/usr/local/lib/code-server-4.103.2/lib/vscode/extensions/ms-python.python-2025.12.0/python_files/lib/jedilsp/jedi/inference/gradual/typeshed.py", line 116, in <genexpr>
    func(inference_state, import_names, p, sys_path,)
  File "/usr/local/lib/code-server-4.103.2/lib/vscode/extensions/ms-python.python-2025.12.0/python_files/lib/jedilsp/jedi/inference/imports.py", line 411, in import_module
    file_io_or_ns, is_pkg = inference_state.compiled_subprocess.get_module_info(
  File "/usr/local/lib/code-server-4.103.2/lib/vscode/extensions/ms-python.python-2025.12.0/python_files/lib/jedilsp/jedi/inference/compiled/subprocess/__init__.py", line 188, in wrapper
    result = self._compiled_subprocess.run(
  File "/usr/local/lib/code-server-4.103.2/lib/vscode/extensions/ms-python.python-2025.12.0/python_files/lib/jedilsp/jedi/inference/compiled/subprocess/__init__.py", line 296, in run
    return self._send(inference_state_id, function, args, kwargs)
  File "/usr/local/lib/code-server-4.103.2/lib/vscode/extensions/ms-python.python-2025.12.0/python_files/lib/jedilsp/jedi/inference/compiled/subprocess/__init__.py", line 318, in _send
    is_exception, traceback, result = pickle_load(self._get_process().stdout)
  File "/usr/local/lib/code-server-4.103.2/lib/vscode/extensions/ms-python.python-2025.12.0/python_files/lib/jedilsp/jedi/_compatibility.py", line 25, in pickle_load
    return Unpickler(file).load()
_pickle.UnpicklingError: invalid load key, ' '.

2026-07-25 18:30:11.677 [info] [Error - 6:30:11 PM] Request textDocument/completion failed.
2026-07-25 18:30:11.683 [info]   Message: _pickle.UnpicklingError: invalid load key, ' '.
  Code: -32603 
[object Object]
2026-07-25 18:30:11.941 [info] semantic_tokens_full file:///voc/work/Knowledge_Hands_on/src/pipeline/settings.py 
2026-07-25 18:30:11.943 [info] ERROR:pygls.protocol.json_rpc:Exception occurred for message "113": _pickle.UnpicklingError: invalid load key, ' '.
NoneType: None

2026-07-25 18:30:11.948 [info] [Error - 6:30:11 PM] Request textDocument/semanticTokens/full failed.
2026-07-25 18:30:11.948 [info]   Message: _pickle.UnpicklingError: invalid load key, ' '.
  Code: -32603 
[object Object]
2026-07-25 18:30:12.153 [info] ERROR:pygls.protocol.json_rpc:Failed to handle request 115 textDocument/documentSymbol DocumentSymbolParams(text_document=TextDocumentIdentifier(uri='file:///voc/work/Knowledge_Hands_on/src/pipeline/settings.py'), work_done_token=None, partial_result_token=None)
Traceback (most recent call last):
  File "/usr/local/lib/code-server-4.103.2/lib/vscode/extensions/ms-python.python-2025.12.0/python_files/lib/jedilsp/pygls/protocol/json_rpc.py", line 266, in _handle_request
    self._execute_request(msg_id, handler, params)
  File "/usr/local/lib/code-server-4.103.2/lib/vscode/extensions/ms-python.python-2025.12.0/python_files/lib/jedilsp/pygls/protocol/json_rpc.py", line 188, in _execute_request
    self._send_response(msg_id, handler(params))
  File "/usr/local/lib/code-server-4.103.2/lib/vscode/extensions/ms-python.python-2025.12.0/python_files/lib/jedilsp/jedi_language_server/server.py", line 546, in document_symbol
    document_symbols = jedi_utils.lsp_document_symbols(names)
  File "/usr/local/lib/code-server-4.103.2/lib/vscode/extensions/ms-python.python-2025.12.0/python_files/lib/jedilsp/jedi_language_server/jedi_utils.py", line 225, in lsp_document_symbols
    symbol_range = _document_symbol_range(name)
  File "/usr/local/lib/code-server-4.103.2/lib/vscode/extensions/ms-python.python-2025.12.0/python_files/lib/jedilsp/jedi_language_server/jedi_utils.py", line 204, in _document_symbol_range
    end = name.get_definition_end_position()
  File "/usr/local/lib/code-server-4.103.2/lib/vscode/extensions/ms-python.python-2025.12.0/python_files/lib/jedilsp/jedi/api/classes.py", line 260, in get_definition_end_position
    if self.type in ("function", "class"):
  File "/usr/local/lib/code-server-4.103.2/lib/vscode/extensions/ms-python.python-2025.12.0/python_files/lib/jedilsp/jedi/api/classes.py", line 190, in type
    for value in self._name.infer():
  File "/usr/local/lib/code-server-4.103.2/lib/vscode/extensions/ms-python.python-2025.12.0/python_files/lib/jedilsp/jedi/inference/names.py", line 281, in infer
    return tree_name_to_values(
  File "/usr/local/lib/code-server-4.103.2/lib/vscode/extensions/ms-python.python-2025.12.0/python_files/lib/jedilsp/jedi/plugins/__init__.py", line 21, in wrapper
    return built_functions[public_name](*args, **kwargs)
  File "/usr/local/lib/code-server-4.103.2/lib/vscode/extensions/ms-python.python-2025.12.0/python_files/lib/jedilsp/jedi/plugins/stdlib.py", line 878, in wrapper
    return func(inference_state, context, tree_name)
  File "/usr/local/lib/code-server-4.103.2/lib/vscode/extensions/ms-python.python-2025.12.0/python_files/lib/jedilsp/jedi/plugins/django.py", line 177, in wrapper
    result = func(inference_state, context, tree_name)
  File "/usr/local/lib/code-server-4.103.2/lib/vscode/extensions/ms-python.python-2025.12.0/python_files/lib/jedilsp/jedi/inference/syntax_tree.py", line 771, in tree_name_to_values
    types = imports.infer_import(context, tree_name)
  File "/usr/local/lib/code-server-4.103.2/lib/vscode/extensions/ms-python.python-2025.12.0/python_files/lib/jedilsp/jedi/inference/cache.py", line 44, in wrapper
    rv = function(obj, *args, **kwargs)
  File "/usr/local/lib/code-server-4.103.2/lib/vscode/extensions/ms-python.python-2025.12.0/python_files/lib/jedilsp/jedi/inference/imports.py", line 53, in infer_import
    _prepare_infer_import(module_context, tree_name)
  File "/usr/local/lib/code-server-4.103.2/lib/vscode/extensions/ms-python.python-2025.12.0/python_files/lib/jedilsp/jedi/inference/imports.py", line 116, in _prepare_infer_import
    return from_import_name, tuple(import_path), import_node.level, importer.follow()
  File "/usr/local/lib/code-server-4.103.2/lib/vscode/extensions/ms-python.python-2025.12.0/python_files/lib/jedilsp/jedi/inference/imports.py", line 296, in follow
    return import_module_by_names(
  File "/usr/local/lib/code-server-4.103.2/lib/vscode/extensions/ms-python.python-2025.12.0/python_files/lib/jedilsp/jedi/inference/imports.py", line 376, in import_module_by_names
    value_set = ValueSet.from_sets([
  File "/usr/local/lib/code-server-4.103.2/lib/vscode/extensions/ms-python.python-2025.12.0/python_files/lib/jedilsp/jedi/inference/imports.py", line 377, in <listcomp>
    import_module(
  File "/usr/local/lib/code-server-4.103.2/lib/vscode/extensions/ms-python.python-2025.12.0/python_files/lib/jedilsp/jedi/plugins/__init__.py", line 21, in wrapper
    return built_functions[public_name](*args, **kwargs)
  File "/usr/local/lib/code-server-4.103.2/lib/vscode/extensions/ms-python.python-2025.12.0/python_files/lib/jedilsp/jedi/plugins/flask.py", line 20, in wrapper
    return callback(inference_state, import_names, module_context, *args, **kwargs)
  File "/usr/local/lib/code-server-4.103.2/lib/vscode/extensions/ms-python.python-2025.12.0/python_files/lib/jedilsp/jedi/inference/gradual/typeshed.py", line 115, in wrapper
    python_value_set = ValueSet.from_sets(
  File "/usr/local/lib/code-server-4.103.2/lib/vscode/extensions/ms-python.python-2025.12.0/python_files/lib/jedilsp/jedi/inference/base_value.py", line 430, in from_sets
    for set_ in sets:
  File "/usr/local/lib/code-server-4.103.2/lib/vscode/extensions/ms-python.python-2025.12.0/python_files/lib/jedilsp/jedi/inference/gradual/typeshed.py", line 116, in <genexpr>
    func(inference_state, import_names, p, sys_path,)
  File "/usr/local/lib/code-server-4.103.2/lib/vscode/extensions/ms-python.python-2025.12.0/python_files/lib/jedilsp/jedi/inference/imports.py", line 411, in import_module
    file_io_or_ns, is_pkg = inference_state.compiled_subprocess.get_module_info(
  File "/usr/local/lib/code-server-4.103.2/lib/vscode/extensions/ms-python.python-2025.12.0/python_files/lib/jedilsp/jedi/inference/compiled/subprocess/__init__.py", line 188, in wrapper
    result = self._compiled_subprocess.run(
  File "/usr/local/lib/code-server-4.103.2/lib/vscode/extensions/ms-python.python-2025.12.0/python_files/lib/jedilsp/jedi/inference/compiled/subprocess/__init__.py", line 293, in run
    self._send(delete_id, None)
  File "/usr/local/lib/code-server-4.103.2/lib/vscode/extensions/ms-python.python-2025.12.0/python_files/lib/jedilsp/jedi/inference/compiled/subprocess/__init__.py", line 318, in _send
    is_exception, traceback, result = pickle_load(self._get_process().stdout)
  File "/usr/local/lib/code-server-4.103.2/lib/vscode/extensions/ms-python.python-2025.12.0/python_files/lib/jedilsp/jedi/_compatibility.py", line 25, in pickle_load
    return Unpickler(file).load()
_pickle.UnpicklingError: invalid load key, ' '.

2026-07-25 18:30:12.153 [info] [Error - 6:30:12 PM] Request textDocument/documentSymbol failed.
2026-07-25 18:30:12.169 [info]   Message: _pickle.UnpicklingError: invalid load key, ' '.
  Code: -32603 
[object Object]
2026-07-25 18:30:12.169 [info] ERROR:pygls.protocol.json_rpc:Failed to handle request 116 textDocument/documentSymbol DocumentSymbolParams(text_document=TextDocumentIdentifier(uri='file:///voc/work/Knowledge_Hands_on/src/pipeline/settings.py'), work_done_token=None, partial_result_token=None)
Traceback (most recent call last):
  File "/usr/local/lib/code-server-4.103.2/lib/vscode/extensions/ms-python.python-2025.12.0/python_files/lib/jedilsp/pygls/protocol/json_rpc.py", line 266, in _handle_request
    self._execute_request(msg_id, handler, params)
  File "/usr/local/lib/code-server-4.103.2/lib/vscode/extensions/ms-python.python-2025.12.0/python_files/lib/jedilsp/pygls/protocol/json_rpc.py", line 188, in _execute_request
    self._send_response(msg_id, handler(params))
  File "/usr/local/lib/code-server-4.103.2/lib/vscode/extensions/ms-python.python-2025.12.0/python_files/lib/jedilsp/jedi_language_server/server.py", line 546, in document_symbol
    document_symbols = jedi_utils.lsp_document_symbols(names)
  File "/usr/local/lib/code-server-4.103.2/lib/vscode/extensions/ms-python.python-2025.12.0/python_files/lib/jedilsp/jedi_language_server/jedi_utils.py", line 225, in lsp_document_symbols
    symbol_range = _document_symbol_range(name)
  File "/usr/local/lib/code-server-4.103.2/lib/vscode/extensions/ms-python.python-2025.12.0/python_files/lib/jedilsp/jedi_language_server/jedi_utils.py", line 204, in _document_symbol_range
    end = name.get_definition_end_position()
  File "/usr/local/lib/code-server-4.103.2/lib/vscode/extensions/ms-python.python-2025.12.0/python_files/lib/jedilsp/jedi/api/classes.py", line 260, in get_definition_end_position
    if self.type in ("function", "class"):
  File "/usr/local/lib/code-server-4.103.2/lib/vscode/extensions/ms-python.python-2025.12.0/python_files/lib/jedilsp/jedi/api/classes.py", line 190, in type
    for value in self._name.infer():
  File "/usr/local/lib/code-server-4.103.2/lib/vscode/extensions/ms-python.python-2025.12.0/python_files/lib/jedilsp/jedi/inference/names.py", line 281, in infer
    return tree_name_to_values(
  File "/usr/local/lib/code-server-4.103.2/lib/vscode/extensions/ms-python.python-2025.12.0/python_files/lib/jedilsp/jedi/plugins/__init__.py", line 21, in wrapper
    return built_functions[public_name](*args, **kwargs)
  File "/usr/local/lib/code-server-4.103.2/lib/vscode/extensions/ms-python.python-2025.12.0/python_files/lib/jedilsp/jedi/plugins/stdlib.py", line 878, in wrapper
    return func(inference_state, context, tree_name)
  File "/usr/local/lib/code-server-4.103.2/lib/vscode/extensions/ms-python.python-2025.12.0/python_files/lib/jedilsp/jedi/plugins/django.py", line 177, in wrapper
    result = func(inference_state, context, tree_name)
  File "/usr/local/lib/code-server-4.103.2/lib/vscode/extensions/ms-python.python-2025.12.0/python_files/lib/jedilsp/jedi/inference/syntax_tree.py", line 771, in tree_name_to_values
    types = imports.infer_import(context, tree_name)
  File "/usr/local/lib/code-server-4.103.2/lib/vscode/extensions/ms-python.python-2025.12.0/python_files/lib/jedilsp/jedi/inference/cache.py", line 44, in wrapper
    rv = function(obj, *args, **kwargs)
  File "/usr/local/lib/code-server-4.103.2/lib/vscode/extensions/ms-python.python-2025.12.0/python_files/lib/jedilsp/jedi/inference/imports.py", line 53, in infer_import
    _prepare_infer_import(module_context, tree_name)
  File "/usr/local/lib/code-server-4.103.2/lib/vscode/extensions/ms-python.python-2025.12.0/python_files/lib/jedilsp/jedi/inference/imports.py", line 116, in _prepare_infer_import
    return from_import_name, tuple(import_path), import_node.level, importer.follow()
  File "/usr/local/lib/code-server-4.103.2/lib/vscode/extensions/ms-python.python-2025.12.0/python_files/lib/jedilsp/jedi/inference/imports.py", line 296, in follow
    return import_module_by_names(
  File "/usr/local/lib/code-server-4.103.2/lib/vscode/extensions/ms-python.python-2025.12.0/python_files/lib/jedilsp/jedi/inference/imports.py", line 376, in import_module_by_names
    value_set = ValueSet.from_sets([
  File "/usr/local/lib/code-server-4.103.2/lib/vscode/extensions/ms-python.python-2025.12.0/python_files/lib/jedilsp/jedi/inference/imports.py", line 377, in <listcomp>
    import_module(
  File "/usr/local/lib/code-server-4.103.2/lib/vscode/extensions/ms-python.python-2025.12.0/python_files/lib/jedilsp/jedi/plugins/__init__.py", line 21, in wrapper
    return built_functions[public_name](*args, **kwargs)
  File "/usr/local/lib/code-server-4.103.2/lib/vscode/extensions/ms-python.python-2025.12.0/python_files/lib/jedilsp/jedi/plugins/flask.py", line 20, in wrapper
    return callback(inference_state, import_names, module_context, *args, **kwargs)
  File "/usr/local/lib/code-server-4.103.2/lib/vscode/extensions/ms-python.python-2025.12.0/python_files/lib/jedilsp/jedi/inference/gradual/typeshed.py", line 115, in wrapper
    python_value_set = ValueSet.from_sets(
  File "/usr/local/lib/code-server-4.103.2/lib/vscode/extensions/ms-python.python-2025.12.0/python_files/lib/jedilsp/jedi/inference/base_value.py", line 430, in from_sets
    for set_ in sets:
  File "/usr/local/lib/code-server-4.103.2/lib/vscode/extensions/ms-python.python-2025.12.0/python_files/lib/jedilsp/jedi/inference/gradual/typeshed.py", line 116, in <genexpr>
    func(inference_state, import_names, p, sys_path,)
  File "/usr/local/lib/code-server-4.103.2/lib/vscode/extensions/ms-python.python-2025.12.0/python_files/lib/jedilsp/jedi/inference/imports.py", line 411, in import_module
    file_io_or_ns, is_pkg = inference_state.compiled_subprocess.get_module_info(
  File "/usr/local/lib/code-server-4.103.2/lib/vscode/extensions/ms-python.python-2025.12.0/python_files/lib/jedilsp/jedi/inference/compiled/subprocess/__init__.py", line 188, in wrapper
    result = self._compiled_subprocess.run(
  File "/usr/local/lib/code-server-4.103.2/lib/vscode/extensions/ms-python.python-2025.12.0/python_files/lib/jedilsp/jedi/inference/compiled/subprocess/__init__.py", line 293, in run
    self._send(delete_id, None)
  File "/usr/local/lib/code-server-4.103.2/lib/vscode/extensions/ms-python.python-2025.12.0/python_files/lib/jedilsp/jedi/inference/compiled/subprocess/__init__.py", line 318, in _send
    is_exception, traceback, result = pickle_load(self._get_process().stdout)
  File "/usr/local/lib/code-server-4.103.2/lib/vscode/extensions/ms-python.python-2025.12.0/python_files/lib/jedilsp/jedi/_compatibility.py", line 25, in pickle_load
    return Unpickler(file).load()
_pickle.UnpicklingError: invalid load key, ' '.

2026-07-25 18:30:12.170 [info] [Error - 6:30:12 PM] Request textDocument/documentSymbol failed.
2026-07-25 18:30:12.176 [info]   Message: _pickle.UnpicklingError: invalid load key, ' '.
  Code: -32603 
[object Object]
2026-07-25 18:30:12.298 [info] semantic_tokens_range file:///voc/work/Knowledge_Hands_on/src/pipeline/settings.py 0:0-35:0
2026-07-25 18:30:12.300 [info] ERROR:pygls.protocol.json_rpc:Exception occurred for message "117": _pickle.UnpicklingError: invalid load key, ' '.
NoneType: None

2026-07-25 18:30:12.307 [info] [Error - 6:30:12 PM] Request textDocument/semanticTokens/range failed.
2026-07-25 18:30:12.307 [info]   Message: _pickle.UnpicklingError: invalid load key, ' '.
  Code: -32603 
[object Object]
2026-07-25 18:34:45.168 [info] ERROR:pygls.protocol.json_rpc:Failed to handle request 119 textDocument/hover HoverParams(text_document=TextDocumentIdentifier(uri='file:///voc/work/Knowledge_Hands_on/src/pipeline/settings.py'), position=19:29, work_done_token=None)
Traceback (most recent call last):
  File "/usr/local/lib/code-server-4.103.2/lib/vscode/extensions/ms-python.python-2025.12.0/python_files/lib/jedilsp/pygls/protocol/json_rpc.py", line 266, in _handle_request
    self._execute_request(msg_id, handler, params)
  File "/usr/local/lib/code-server-4.103.2/lib/vscode/extensions/ms-python.python-2025.12.0/python_files/lib/jedilsp/pygls/protocol/json_rpc.py", line 188, in _execute_request
    self._send_response(msg_id, handler(params))
  File "/usr/local/lib/code-server-4.103.2/lib/vscode/extensions/ms-python.python-2025.12.0/python_files/lib/jedilsp/jedi_language_server/notebook_utils.py", line 373, in wrapped
    result = f(notebook_server, notebook_params)
  File "/usr/local/lib/code-server-4.103.2/lib/vscode/extensions/ms-python.python-2025.12.0/python_files/lib/jedilsp/jedi_language_server/server.py", line 487, in hover
    jedi_script.help(*jedi_lines),
  File "/usr/local/lib/code-server-4.103.2/lib/vscode/extensions/ms-python.python-2025.12.0/python_files/lib/jedilsp/jedi/api/helpers.py", line 487, in wrapper
    return func(self, line, column, *args, **kwargs)
  File "/usr/local/lib/code-server-4.103.2/lib/vscode/extensions/ms-python.python-2025.12.0/python_files/lib/jedilsp/jedi/api/__init__.py", line 372, in help
    definitions = self.goto(line, column, follow_imports=True)
  File "/usr/local/lib/code-server-4.103.2/lib/vscode/extensions/ms-python.python-2025.12.0/python_files/lib/jedilsp/jedi/api/helpers.py", line 487, in wrapper
    return func(self, line, column, *args, **kwargs)
  File "/usr/local/lib/code-server-4.103.2/lib/vscode/extensions/ms-python.python-2025.12.0/python_files/lib/jedilsp/jedi/api/__init__.py", line 304, in goto
    names = convert_names(
  File "/usr/local/lib/code-server-4.103.2/lib/vscode/extensions/ms-python.python-2025.12.0/python_files/lib/jedilsp/jedi/inference/gradual/conversion.py", line 154, in convert_names
    return _try_stub_to_python_names(
  File "/usr/local/lib/code-server-4.103.2/lib/vscode/extensions/ms-python.python-2025.12.0/python_files/lib/jedilsp/jedi/inference/utils.py", line 16, in wrapper
    return list(func(*args, **kwargs))
  File "/usr/local/lib/code-server-4.103.2/lib/vscode/extensions/ms-python.python-2025.12.0/python_files/lib/jedilsp/jedi/inference/gradual/conversion.py", line 66, in _try_stub_to_python_names
    for name in names:
  File "/usr/local/lib/code-server-4.103.2/lib/vscode/extensions/ms-python.python-2025.12.0/python_files/lib/jedilsp/jedi/api/helpers.py", line 189, in filter_follow_imports
    name.goto(),
  File "/usr/local/lib/code-server-4.103.2/lib/vscode/extensions/ms-python.python-2025.12.0/python_files/lib/jedilsp/jedi/inference/names.py", line 157, in goto
    module_names = goto_import(context, name)
  File "/usr/local/lib/code-server-4.103.2/lib/vscode/extensions/ms-python.python-2025.12.0/python_files/lib/jedilsp/jedi/inference/cache.py", line 44, in wrapper
    rv = function(obj, *args, **kwargs)
  File "/usr/local/lib/code-server-4.103.2/lib/vscode/extensions/ms-python.python-2025.12.0/python_files/lib/jedilsp/jedi/inference/imports.py", line 75, in goto_import
    _prepare_infer_import(module_context, tree_name)
  File "/usr/local/lib/code-server-4.103.2/lib/vscode/extensions/ms-python.python-2025.12.0/python_files/lib/jedilsp/jedi/inference/imports.py", line 116, in _prepare_infer_import
    return from_import_name, tuple(import_path), import_node.level, importer.follow()
  File "/usr/local/lib/code-server-4.103.2/lib/vscode/extensions/ms-python.python-2025.12.0/python_files/lib/jedilsp/jedi/inference/imports.py", line 296, in follow
    return import_module_by_names(
  File "/usr/local/lib/code-server-4.103.2/lib/vscode/extensions/ms-python.python-2025.12.0/python_files/lib/jedilsp/jedi/inference/imports.py", line 376, in import_module_by_names
    value_set = ValueSet.from_sets([
  File "/usr/local/lib/code-server-4.103.2/lib/vscode/extensions/ms-python.python-2025.12.0/python_files/lib/jedilsp/jedi/inference/imports.py", line 377, in <listcomp>
    import_module(
  File "/usr/local/lib/code-server-4.103.2/lib/vscode/extensions/ms-python.python-2025.12.0/python_files/lib/jedilsp/jedi/plugins/__init__.py", line 21, in wrapper
    return built_functions[public_name](*args, **kwargs)
  File "/usr/local/lib/code-server-4.103.2/lib/vscode/extensions/ms-python.python-2025.12.0/python_files/lib/jedilsp/jedi/plugins/flask.py", line 20, in wrapper
    return callback(inference_state, import_names, module_context, *args, **kwargs)
  File "/usr/local/lib/code-server-4.103.2/lib/vscode/extensions/ms-python.python-2025.12.0/python_files/lib/jedilsp/jedi/inference/gradual/typeshed.py", line 115, in wrapper
    python_value_set = ValueSet.from_sets(
  File "/usr/local/lib/code-server-4.103.2/lib/vscode/extensions/ms-python.python-2025.12.0/python_files/lib/jedilsp/jedi/inference/base_value.py", line 430, in from_sets
    for set_ in sets:
  File "/usr/local/lib/code-server-4.103.2/lib/vscode/extensions/ms-python.python-2025.12.0/python_files/lib/jedilsp/jedi/inference/gradual/typeshed.py", line 116, in <genexpr>
    func(inference_state, import_names, p, sys_path,)
  File "/usr/local/lib/code-server-4.103.2/lib/vscode/extensions/ms-python.python-2025.12.0/python_files/lib/jedilsp/jedi/inference/imports.py", line 411, in import_module
    file_io_or_ns, is_pkg = inference_state.compiled_subprocess.get_module_info(
  File "/usr/local/lib/code-server-4.103.2/lib/vscode/extensions/ms-python.python-2025.12.0/python_files/lib/jedilsp/jedi/inference/compiled/subprocess/__init__.py", line 188, in wrapper
    result = self._compiled_subprocess.run(
  File "/usr/local/lib/code-server-4.103.2/lib/vscode/extensions/ms-python.python-2025.12.0/python_files/lib/jedilsp/jedi/inference/compiled/subprocess/__init__.py", line 293, in run
    self._send(delete_id, None)
  File "/usr/local/lib/code-server-4.103.2/lib/vscode/extensions/ms-python.python-2025.12.0/python_files/lib/jedilsp/jedi/inference/compiled/subprocess/__init__.py", line 318, in _send
    is_exception, traceback, result = pickle_load(self._get_process().stdout)
  File "/usr/local/lib/code-server-4.103.2/lib/vscode/extensions/ms-python.python-2025.12.0/python_files/lib/jedilsp/jedi/_compatibility.py", line 25, in pickle_load
    return Unpickler(file).load()
_pickle.UnpicklingError: invalid load key, ' '.

2026-07-25 18:34:45.169 [info] [Error - 6:34:45 PM] Request textDocument/hover failed.
2026-07-25 18:34:45.176 [info]   Message: _pickle.UnpicklingError: invalid load key, ' '.
  Code: -32603 
[object Object]
2026-07-25 18:34:47.170 [info] semantic_tokens_range file:///voc/work/Knowledge_Hands_on/src/pipeline/settings.py 0:0-35:0
2026-07-25 18:34:47.172 [info] ERROR:pygls.protocol.json_rpc:Exception occurred for message "121": _pickle.UnpicklingError: invalid load key, ' '.
NoneType: None

2026-07-25 18:34:47.177 [info] [Error - 6:34:47 PM] Request textDocument/semanticTokens/range failed.
2026-07-25 18:34:47.177 [info]   Message: _pickle.UnpicklingError: invalid load key, ' '.
  Code: -32603 
[object Object]
2026-07-25 18:34:52.083 [info] semantic_tokens_range file:///voc/work/Knowledge_Hands_on/src/pipeline/logging_config.py 6:0-44:0
2026-07-25 18:34:52.086 [info] ERROR:pygls.protocol.json_rpc:Exception occurred for message "123": _pickle.UnpicklingError: invalid load key, ' '.
NoneType: None

2026-07-25 18:34:52.091 [info] [Error - 6:34:52 PM] Request textDocument/semanticTokens/range failed.
2026-07-25 18:34:52.091 [info]   Message: _pickle.UnpicklingError: invalid load key, ' '.
  Code: -32603 
[object Object]
2026-07-25 18:34:52.106 [info] semantic_tokens_full file:///voc/work/Knowledge_Hands_on/src/pipeline/logging_config.py 
2026-07-25 18:34:52.108 [info] ERROR:pygls.protocol.json_rpc:Exception occurred for message "124": _pickle.UnpicklingError: invalid load key, ' '.
NoneType: None

2026-07-25 18:34:52.113 [info] ERROR:pygls.protocol.json_rpc:Failed to handle request 125 textDocument/documentSymbol DocumentSymbolParams(text_document=TextDocumentIdentifier(uri='file:///voc/work/Knowledge_Hands_on/src/pipeline/logging_config.py'), work_done_token=None, partial_result_token=None)
Traceback (most recent call last):
  File "/usr/local/lib/code-server-4.103.2/lib/vscode/extensions/ms-python.python-2025.12.0/python_files/lib/jedilsp/pygls/protocol/json_rpc.py", line 266, in _handle_request
    self._execute_request(msg_id, handler, params)
  File "/usr/local/lib/code-server-4.103.2/lib/vscode/extensions/ms-python.python-2025.12.0/python_files/lib/jedilsp/pygls/protocol/json_rpc.py", line 188, in _execute_request
    self._send_response(msg_id, handler(params))
  File "/usr/local/lib/code-server-4.103.2/lib/vscode/extensions/ms-python.python-2025.12.0/python_files/lib/jedilsp/jedi_language_server/server.py", line 546, in document_symbol
    document_symbols = jedi_utils.lsp_document_symbols(names)
  File "/usr/local/lib/code-server-4.103.2/lib/vscode/extensions/ms-python.python-2025.12.0/python_files/lib/jedilsp/jedi_language_server/jedi_utils.py", line 225, in lsp_document_symbols
    symbol_range = _document_symbol_range(name)
  File "/usr/local/lib/code-server-4.103.2/lib/vscode/extensions/ms-python.python-2025.12.0/python_files/lib/jedilsp/jedi_language_server/jedi_utils.py", line 204, in _document_symbol_range
    end = name.get_definition_end_position()
  File "/usr/local/lib/code-server-4.103.2/lib/vscode/extensions/ms-python.python-2025.12.0/python_files/lib/jedilsp/jedi/api/classes.py", line 260, in get_definition_end_position
    if self.type in ("function", "class"):
  File "/usr/local/lib/code-server-4.103.2/lib/vscode/extensions/ms-python.python-2025.12.0/python_files/lib/jedilsp/jedi/api/classes.py", line 190, in type
    for value in self._name.infer():
  File "/usr/local/lib/code-server-4.103.2/lib/vscode/extensions/ms-python.python-2025.12.0/python_files/lib/jedilsp/jedi/inference/names.py", line 281, in infer
    return tree_name_to_values(
  File "/usr/local/lib/code-server-4.103.2/lib/vscode/extensions/ms-python.python-2025.12.0/python_files/lib/jedilsp/jedi/plugins/__init__.py", line 21, in wrapper
    return built_functions[public_name](*args, **kwargs)
  File "/usr/local/lib/code-server-4.103.2/lib/vscode/extensions/ms-python.python-2025.12.0/python_files/lib/jedilsp/jedi/plugins/stdlib.py", line 878, in wrapper
    return func(inference_state, context, tree_name)
  File "/usr/local/lib/code-server-4.103.2/lib/vscode/extensions/ms-python.python-2025.12.0/python_files/lib/jedilsp/jedi/plugins/django.py", line 177, in wrapper
    result = func(inference_state, context, tree_name)
  File "/usr/local/lib/code-server-4.103.2/lib/vscode/extensions/ms-python.python-2025.12.0/python_files/lib/jedilsp/jedi/inference/syntax_tree.py", line 771, in tree_name_to_values
    types = imports.infer_import(context, tree_name)
  File "/usr/local/lib/code-server-4.103.2/lib/vscode/extensions/ms-python.python-2025.12.0/python_files/lib/jedilsp/jedi/inference/cache.py", line 44, in wrapper
    rv = function(obj, *args, **kwargs)
  File "/usr/local/lib/code-server-4.103.2/lib/vscode/extensions/ms-python.python-2025.12.0/python_files/lib/jedilsp/jedi/inference/imports.py", line 53, in infer_import
    _prepare_infer_import(module_context, tree_name)
  File "/usr/local/lib/code-server-4.103.2/lib/vscode/extensions/ms-python.python-2025.12.0/python_files/lib/jedilsp/jedi/inference/imports.py", line 116, in _prepare_infer_import
    return from_import_name, tuple(import_path), import_node.level, importer.follow()
  File "/usr/local/lib/code-server-4.103.2/lib/vscode/extensions/ms-python.python-2025.12.0/python_files/lib/jedilsp/jedi/inference/imports.py", line 296, in follow
    return import_module_by_names(
  File "/usr/local/lib/code-server-4.103.2/lib/vscode/extensions/ms-python.python-2025.12.0/python_files/lib/jedilsp/jedi/inference/imports.py", line 376, in import_module_by_names
    value_set = ValueSet.from_sets([
  File "/usr/local/lib/code-server-4.103.2/lib/vscode/extensions/ms-python.python-2025.12.0/python_files/lib/jedilsp/jedi/inference/imports.py", line 377, in <listcomp>
    import_module(
  File "/usr/local/lib/code-server-4.103.2/lib/vscode/extensions/ms-python.python-2025.12.0/python_files/lib/jedilsp/jedi/plugins/__init__.py", line 21, in wrapper
    return built_functions[public_name](*args, **kwargs)
  File "/usr/local/lib/code-server-4.103.2/lib/vscode/extensions/ms-python.python-2025.12.0/python_files/lib/jedilsp/jedi/plugins/flask.py", line 20, in wrapper
    return callback(inference_state, import_names, module_context, *args, **kwargs)
  File "/usr/local/lib/code-server-4.103.2/lib/vscode/extensions/ms-python.python-2025.12.0/python_files/lib/jedilsp/jedi/inference/gradual/typeshed.py", line 115, in wrapper
    python_value_set = ValueSet.from_sets(
  File "/usr/local/lib/code-server-4.103.2/lib/vscode/extensions/ms-python.python-2025.12.0/python_files/lib/jedilsp/jedi/inference/base_value.py", line 430, in from_sets
    for set_ in sets:
  File "/usr/local/lib/code-server-4.103.2/lib/vscode/extensions/ms-python.python-2025.12.0/python_files/lib/jedilsp/jedi/inference/gradual/typeshed.py", line 116, in <genexpr>
    func(inference_state, import_names, p, sys_path,)
  File "/usr/local/lib/code-server-4.103.2/lib/vscode/extensions/ms-python.python-2025.12.0/python_files/lib/jedilsp/jedi/inference/imports.py", line 411, in import_module
    file_io_or_ns, is_pkg = inference_state.compiled_subprocess.get_module_info(
  File "/usr/local/lib/code-server-4.103.2/lib/vscode/extensions/ms-python.python-2025.12.0/python_files/lib/jedilsp/jedi/inference/compiled/subprocess/__init__.py", line 188, in wrapper
    result = self._compiled_subprocess.run(
  File "/usr/local/lib/code-server-4.103.2/lib/vscode/extensions/ms-python.python-2025.12.0/python_files/lib/jedilsp/jedi/inference/compiled/subprocess/__init__.py", line 293, in run
    self._send(delete_id, None)
  File "/usr/local/lib/code-server-4.103.2/lib/vscode/extensions/ms-python.python-2025.12.0/python_files/lib/jedilsp/jedi/inference/compiled/subprocess/__init__.py", line 318, in _send
    is_exception, traceback, result = pickle_load(self._get_process().stdout)
  File "/usr/local/lib/code-server-4.103.2/lib/vscode/extensions/ms-python.python-2025.12.0/python_files/lib/jedilsp/jedi/_compatibility.py", line 25, in pickle_load
    return Unpickler(file).load()
_pickle.UnpicklingError: invalid load key, ' '.

2026-07-25 18:34:52.113 [info] [Error - 6:34:52 PM] Request textDocument/semanticTokens/full failed.
2026-07-25 18:34:52.113 [info]   Message: _pickle.UnpicklingError: invalid load key, ' '.
  Code: -32603 
[object Object]
2026-07-25 18:34:52.114 [info] [Error - 6:34:52 PM] Request textDocument/documentSymbol failed.
2026-07-25 18:34:52.121 [info]   Message: _pickle.UnpicklingError: invalid load key, ' '.
  Code: -32603 
[object Object]
2026-07-25 18:34:56.265 [info] semantic_tokens_range file:///voc/work/Knowledge_Hands_on/src/pipeline/logging_config.py 0:0-44:0
2026-07-25 18:34:56.267 [info] ERROR:pygls.protocol.json_rpc:Exception occurred for message "126": _pickle.UnpicklingError: invalid load key, ' '.
NoneType: None

2026-07-25 18:34:56.273 [info] [Error - 6:34:56 PM] Request textDocument/semanticTokens/range failed.
2026-07-25 18:34:56.273 [info]   Message: _pickle.UnpicklingError: invalid load key, ' '.
  Code: -32603 
[object Object]
2026-07-25 18:34:57.174 [info] semantic_tokens_range file:///voc/work/Knowledge_Hands_on/src/pipeline/logging_config.py 0:0-44:0
2026-07-25 18:34:57.176 [info] ERROR:pygls.protocol.json_rpc:Exception occurred for message "127": _pickle.UnpicklingError: invalid load key, ' '.
NoneType: None

2026-07-25 18:34:57.181 [info] [Error - 6:34:57 PM] Request textDocument/semanticTokens/range failed.
2026-07-25 18:34:57.181 [info]   Message: _pickle.UnpicklingError: invalid load key, ' '.
  Code: -32603 
[object Object]
2026-07-25 18:36:44.579 [info] WARNING:pygls.protocol.json_rpc:Cancel notification for unknown message id "128"

2026-07-25 18:36:46.272 [info] semantic_tokens_full file:///voc/work/Knowledge_Hands_on/src/pipeline/settings.py 
2026-07-25 18:36:46.274 [info] ERROR:pygls.protocol.json_rpc:Exception occurred for message "131": _pickle.UnpicklingError: invalid load key, ' '.
NoneType: None

2026-07-25 18:36:46.280 [info] [Error - 6:36:46 PM] Request textDocument/semanticTokens/full failed.
2026-07-25 18:36:46.280 [info]   Message: _pickle.UnpicklingError: invalid load key, ' '.
  Code: -32603 
[object Object]
2026-07-25 18:36:46.282 [info] ERROR:pygls.protocol.json_rpc:Failed to handle request 132 textDocument/documentSymbol DocumentSymbolParams(text_document=TextDocumentIdentifier(uri='file:///voc/work/Knowledge_Hands_on/src/pipeline/settings.py'), work_done_token=None, partial_result_token=None)
Traceback (most recent call last):
  File "/usr/local/lib/code-server-4.103.2/lib/vscode/extensions/ms-python.python-2025.12.0/python_files/lib/jedilsp/pygls/protocol/json_rpc.py", line 266, in _handle_request
    self._execute_request(msg_id, handler, params)
  File "/usr/local/lib/code-server-4.103.2/lib/vscode/extensions/ms-python.python-2025.12.0/python_files/lib/jedilsp/pygls/protocol/json_rpc.py", line 188, in _execute_request
    self._send_response(msg_id, handler(params))
  File "/usr/local/lib/code-server-4.103.2/lib/vscode/extensions/ms-python.python-2025.12.0/python_files/lib/jedilsp/jedi_language_server/server.py", line 546, in document_symbol
    document_symbols = jedi_utils.lsp_document_symbols(names)
  File "/usr/local/lib/code-server-4.103.2/lib/vscode/extensions/ms-python.python-2025.12.0/python_files/lib/jedilsp/jedi_language_server/jedi_utils.py", line 225, in lsp_document_symbols
    symbol_range = _document_symbol_range(name)
  File "/usr/local/lib/code-server-4.103.2/lib/vscode/extensions/ms-python.python-2025.12.0/python_files/lib/jedilsp/jedi_language_server/jedi_utils.py", line 204, in _document_symbol_range
    end = name.get_definition_end_position()
  File "/usr/local/lib/code-server-4.103.2/lib/vscode/extensions/ms-python.python-2025.12.0/python_files/lib/jedilsp/jedi/api/classes.py", line 260, in get_definition_end_position
    if self.type in ("function", "class"):
  File "/usr/local/lib/code-server-4.103.2/lib/vscode/extensions/ms-python.python-2025.12.0/python_files/lib/jedilsp/jedi/api/classes.py", line 190, in type
    for value in self._name.infer():
  File "/usr/local/lib/code-server-4.103.2/lib/vscode/extensions/ms-python.python-2025.12.0/python_files/lib/jedilsp/jedi/inference/names.py", line 281, in infer
    return tree_name_to_values(
  File "/usr/local/lib/code-server-4.103.2/lib/vscode/extensions/ms-python.python-2025.12.0/python_files/lib/jedilsp/jedi/plugins/__init__.py", line 21, in wrapper
    return built_functions[public_name](*args, **kwargs)
  File "/usr/local/lib/code-server-4.103.2/lib/vscode/extensions/ms-python.python-2025.12.0/python_files/lib/jedilsp/jedi/plugins/stdlib.py", line 878, in wrapper
    return func(inference_state, context, tree_name)
  File "/usr/local/lib/code-server-4.103.2/lib/vscode/extensions/ms-python.python-2025.12.0/python_files/lib/jedilsp/jedi/plugins/django.py", line 177, in wrapper
    result = func(inference_state, context, tree_name)
  File "/usr/local/lib/code-server-4.103.2/lib/vscode/extensions/ms-python.python-2025.12.0/python_files/lib/jedilsp/jedi/inference/syntax_tree.py", line 771, in tree_name_to_values
    types = imports.infer_import(context, tree_name)
  File "/usr/local/lib/code-server-4.103.2/lib/vscode/extensions/ms-python.python-2025.12.0/python_files/lib/jedilsp/jedi/inference/cache.py", line 44, in wrapper
    rv = function(obj, *args, **kwargs)
  File "/usr/local/lib/code-server-4.103.2/lib/vscode/extensions/ms-python.python-2025.12.0/python_files/lib/jedilsp/jedi/inference/imports.py", line 53, in infer_import
    _prepare_infer_import(module_context, tree_name)
  File "/usr/local/lib/code-server-4.103.2/lib/vscode/extensions/ms-python.python-2025.12.0/python_files/lib/jedilsp/jedi/inference/imports.py", line 116, in _prepare_infer_import
    return from_import_name, tuple(import_path), import_node.level, importer.follow()
  File "/usr/local/lib/code-server-4.103.2/lib/vscode/extensions/ms-python.python-2025.12.0/python_files/lib/jedilsp/jedi/inference/imports.py", line 296, in follow
    return import_module_by_names(
  File "/usr/local/lib/code-server-4.103.2/lib/vscode/extensions/ms-python.python-2025.12.0/python_files/lib/jedilsp/jedi/inference/imports.py", line 376, in import_module_by_names
    value_set = ValueSet.from_sets([
  File "/usr/local/lib/code-server-4.103.2/lib/vscode/extensions/ms-python.python-2025.12.0/python_files/lib/jedilsp/jedi/inference/imports.py", line 377, in <listcomp>
    import_module(
  File "/usr/local/lib/code-server-4.103.2/lib/vscode/extensions/ms-python.python-2025.12.0/python_files/lib/jedilsp/jedi/plugins/__init__.py", line 21, in wrapper
    return built_functions[public_name](*args, **kwargs)
  File "/usr/local/lib/code-server-4.103.2/lib/vscode/extensions/ms-python.python-2025.12.0/python_files/lib/jedilsp/jedi/plugins/flask.py", line 20, in wrapper
    return callback(inference_state, import_names, module_context, *args, **kwargs)
  File "/usr/local/lib/code-server-4.103.2/lib/vscode/extensions/ms-python.python-2025.12.0/python_files/lib/jedilsp/jedi/inference/gradual/typeshed.py", line 115, in wrapper
    python_value_set = ValueSet.from_sets(
  File "/usr/local/lib/code-server-4.103.2/lib/vscode/extensions/ms-python.python-2025.12.0/python_files/lib/jedilsp/jedi/inference/base_value.py", line 430, in from_sets
    for set_ in sets:
  File "/usr/local/lib/code-server-4.103.2/lib/vscode/extensions/ms-python.python-2025.12.0/python_files/lib/jedilsp/jedi/inference/gradual/typeshed.py", line 116, in <genexpr>
    func(inference_state, import_names, p, sys_path,)
  File "/usr/local/lib/code-server-4.103.2/lib/vscode/extensions/ms-python.python-2025.12.0/python_files/lib/jedilsp/jedi/inference/imports.py", line 411, in import_module
    file_io_or_ns, is_pkg = inference_state.compiled_subprocess.get_module_info(
  File "/usr/local/lib/code-server-4.103.2/lib/vscode/extensions/ms-python.python-2025.12.0/python_files/lib/jedilsp/jedi/inference/compiled/subprocess/__init__.py", line 188, in wrapper
    result = self._compiled_subprocess.run(
  File "/usr/local/lib/code-server-4.103.2/lib/vscode/extensions/ms-python.python-2025.12.0/python_files/lib/jedilsp/jedi/inference/compiled/subprocess/__init__.py", line 293, in run
    self._send(delete_id, None)
  File "/usr/local/lib/code-server-4.103.2/lib/vscode/extensions/ms-python.python-2025.12.0/python_files/lib/jedilsp/jedi/inference/compiled/subprocess/__init__.py", line 318, in _send
    is_exception, traceback, result = pickle_load(self._get_process().stdout)
  File "/usr/local/lib/code-server-4.103.2/lib/vscode/extensions/ms-python.python-2025.12.0/python_files/lib/jedilsp/jedi/_compatibility.py", line 25, in pickle_load
    return Unpickler(file).load()
_pickle.UnpicklingError: invalid load key, ' '.

2026-07-25 18:36:46.288 [info] [Error - 6:36:46 PM] Request textDocument/documentSymbol failed.
2026-07-25 18:36:46.288 [info]   Message: _pickle.UnpicklingError: invalid load key, ' '.
  Code: -32603 
[object Object]
2026-07-25 18:36:46.369 [info] semantic_tokens_range file:///voc/work/Knowledge_Hands_on/src/pipeline/settings.py 0:0-35:0
2026-07-25 18:36:46.371 [info] ERROR:pygls.protocol.json_rpc:Exception occurred for message "133": _pickle.UnpicklingError: invalid load key, ' '.
NoneType: None

2026-07-25 18:36:46.378 [info] [Error - 6:36:46 PM] Request textDocument/semanticTokens/range failed.
2026-07-25 18:36:46.378 [info]   Message: _pickle.UnpicklingError: invalid load key, ' '.
  Code: -32603 
[object Object]
2026-07-25 18:36:46.621 [info] ERROR:pygls.protocol.json_rpc:Failed to handle request 134 textDocument/hover HoverParams(text_document=TextDocumentIdentifier(uri='file:///voc/work/Knowledge_Hands_on/src/pipeline/settings.py'), position=21:22, work_done_token=None)
Traceback (most recent call last):
  File "/usr/local/lib/code-server-4.103.2/lib/vscode/extensions/ms-python.python-2025.12.0/python_files/lib/jedilsp/pygls/protocol/json_rpc.py", line 266, in _handle_request
    self._execute_request(msg_id, handler, params)
  File "/usr/local/lib/code-server-4.103.2/lib/vscode/extensions/ms-python.python-2025.12.0/python_files/lib/jedilsp/pygls/protocol/json_rpc.py", line 188, in _execute_request
    self._send_response(msg_id, handler(params))
  File "/usr/local/lib/code-server-4.103.2/lib/vscode/extensions/ms-python.python-2025.12.0/python_files/lib/jedilsp/jedi_language_server/notebook_utils.py", line 373, in wrapped
    result = f(notebook_server, notebook_params)
  File "/usr/local/lib/code-server-4.103.2/lib/vscode/extensions/ms-python.python-2025.12.0/python_files/lib/jedilsp/jedi_language_server/server.py", line 487, in hover
    jedi_script.help(*jedi_lines),
  File "/usr/local/lib/code-server-4.103.2/lib/vscode/extensions/ms-python.python-2025.12.0/python_files/lib/jedilsp/jedi/api/helpers.py", line 487, in wrapper
    return func(self, line, column, *args, **kwargs)
  File "/usr/local/lib/code-server-4.103.2/lib/vscode/extensions/ms-python.python-2025.12.0/python_files/lib/jedilsp/jedi/api/__init__.py", line 372, in help
    definitions = self.goto(line, column, follow_imports=True)
  File "/usr/local/lib/code-server-4.103.2/lib/vscode/extensions/ms-python.python-2025.12.0/python_files/lib/jedilsp/jedi/api/helpers.py", line 487, in wrapper
    return func(self, line, column, *args, **kwargs)
  File "/usr/local/lib/code-server-4.103.2/lib/vscode/extensions/ms-python.python-2025.12.0/python_files/lib/jedilsp/jedi/api/__init__.py", line 300, in goto
    names = list(name.goto())
  File "/usr/local/lib/code-server-4.103.2/lib/vscode/extensions/ms-python.python-2025.12.0/python_files/lib/jedilsp/jedi/inference/names.py", line 213, in goto
    return context.goto(name, position=stmt.start_pos)
  File "/usr/local/lib/code-server-4.103.2/lib/vscode/extensions/ms-python.python-2025.12.0/python_files/lib/jedilsp/jedi/inference/context.py", line 34, in goto
    names = finder.filter_name(filters, name_or_str)
  File "/usr/local/lib/code-server-4.103.2/lib/vscode/extensions/ms-python.python-2025.12.0/python_files/lib/jedilsp/jedi/inference/finder.py", line 35, in filter_name
    for filter in filters:
  File "/usr/local/lib/code-server-4.103.2/lib/vscode/extensions/ms-python.python-2025.12.0/python_files/lib/jedilsp/jedi/inference/context.py", line 496, in get_global_filters
    b = next(base_context.inference_state.builtins_module.get_filters(), None)
  File "/usr/local/lib/code-server-4.103.2/lib/vscode/extensions/ms-python.python-2025.12.0/python_files/lib/jedilsp/jedi/inference/cache.py", line 44, in wrapper
    rv = function(obj, *args, **kwargs)
  File "/usr/local/lib/code-server-4.103.2/lib/vscode/extensions/ms-python.python-2025.12.0/python_files/lib/jedilsp/jedi/inference/__init__.py", line 129, in builtins_module
    builtins_module, = self.import_module((module_name,), sys_path=[])
  File "/usr/local/lib/code-server-4.103.2/lib/vscode/extensions/ms-python.python-2025.12.0/python_files/lib/jedilsp/jedi/inference/__init__.py", line 112, in import_module
    return imports.import_module_by_names(
  File "/usr/local/lib/code-server-4.103.2/lib/vscode/extensions/ms-python.python-2025.12.0/python_files/lib/jedilsp/jedi/inference/imports.py", line 376, in import_module_by_names
    value_set = ValueSet.from_sets([
  File "/usr/local/lib/code-server-4.103.2/lib/vscode/extensions/ms-python.python-2025.12.0/python_files/lib/jedilsp/jedi/inference/imports.py", line 377, in <listcomp>
    import_module(
  File "/usr/local/lib/code-server-4.103.2/lib/vscode/extensions/ms-python.python-2025.12.0/python_files/lib/jedilsp/jedi/plugins/__init__.py", line 21, in wrapper
    return built_functions[public_name](*args, **kwargs)
  File "/usr/local/lib/code-server-4.103.2/lib/vscode/extensions/ms-python.python-2025.12.0/python_files/lib/jedilsp/jedi/plugins/flask.py", line 20, in wrapper
    return callback(inference_state, import_names, module_context, *args, **kwargs)
  File "/usr/local/lib/code-server-4.103.2/lib/vscode/extensions/ms-python.python-2025.12.0/python_files/lib/jedilsp/jedi/inference/gradual/typeshed.py", line 115, in wrapper
    python_value_set = ValueSet.from_sets(
  File "/usr/local/lib/code-server-4.103.2/lib/vscode/extensions/ms-python.python-2025.12.0/python_files/lib/jedilsp/jedi/inference/base_value.py", line 430, in from_sets
    for set_ in sets:
  File "/usr/local/lib/code-server-4.103.2/lib/vscode/extensions/ms-python.python-2025.12.0/python_files/lib/jedilsp/jedi/inference/gradual/typeshed.py", line 116, in <genexpr>
    func(inference_state, import_names, p, sys_path,)
  File "/usr/local/lib/code-server-4.103.2/lib/vscode/extensions/ms-python.python-2025.12.0/python_files/lib/jedilsp/jedi/inference/imports.py", line 411, in import_module
    file_io_or_ns, is_pkg = inference_state.compiled_subprocess.get_module_info(
  File "/usr/local/lib/code-server-4.103.2/lib/vscode/extensions/ms-python.python-2025.12.0/python_files/lib/jedilsp/jedi/inference/compiled/subprocess/__init__.py", line 188, in wrapper
    result = self._compiled_subprocess.run(
  File "/usr/local/lib/code-server-4.103.2/lib/vscode/extensions/ms-python.python-2025.12.0/python_files/lib/jedilsp/jedi/inference/compiled/subprocess/__init__.py", line 293, in run
    self._send(delete_id, None)
  File "/usr/local/lib/code-server-4.103.2/lib/vscode/extensions/ms-python.python-2025.12.0/python_files/lib/jedilsp/jedi/inference/compiled/subprocess/__init__.py", line 318, in _send
    is_exception, traceback, result = pickle_load(self._get_process().stdout)
  File "/usr/local/lib/code-server-4.103.2/lib/vscode/extensions/ms-python.python-2025.12.0/python_files/lib/jedilsp/jedi/_compatibility.py", line 25, in pickle_load
    return Unpickler(file).load()
_pickle.UnpicklingError: invalid load key, ' '.

2026-07-25 18:36:46.622 [info] [Error - 6:36:46 PM] Request textDocument/hover failed.
2026-07-25 18:36:46.629 [info]   Message: _pickle.UnpicklingError: invalid load key, ' '.
  Code: -32603 
[object Object]
2026-07-25 18:37:14.160 [info] semantic_tokens_full file:///voc/work/Knowledge_Hands_on/src/pipeline/settings.py 
2026-07-25 18:37:14.162 [info] ERROR:pygls.protocol.json_rpc:Exception occurred for message "136": _pickle.UnpicklingError: invalid load key, ' '.
NoneType: None

2026-07-25 18:37:14.167 [info] [Error - 6:37:14 PM] Request textDocument/semanticTokens/full failed.
2026-07-25 18:37:14.167 [info]   Message: _pickle.UnpicklingError: invalid load key, ' '.
  Code: -32603 
[object Object]
2026-07-25 18:37:14.170 [info] ERROR:pygls.protocol.json_rpc:Failed to handle request 137 textDocument/documentSymbol DocumentSymbolParams(text_document=TextDocumentIdentifier(uri='file:///voc/work/Knowledge_Hands_on/src/pipeline/settings.py'), work_done_token=None, partial_result_token=None)
Traceback (most recent call last):
  File "/usr/local/lib/code-server-4.103.2/lib/vscode/extensions/ms-python.python-2025.12.0/python_files/lib/jedilsp/pygls/protocol/json_rpc.py", line 266, in _handle_request
    self._execute_request(msg_id, handler, params)
  File "/usr/local/lib/code-server-4.103.2/lib/vscode/extensions/ms-python.python-2025.12.0/python_files/lib/jedilsp/pygls/protocol/json_rpc.py", line 188, in _execute_request
    self._send_response(msg_id, handler(params))
  File "/usr/local/lib/code-server-4.103.2/lib/vscode/extensions/ms-python.python-2025.12.0/python_files/lib/jedilsp/jedi_language_server/server.py", line 546, in document_symbol
    document_symbols = jedi_utils.lsp_document_symbols(names)
  File "/usr/local/lib/code-server-4.103.2/lib/vscode/extensions/ms-python.python-2025.12.0/python_files/lib/jedilsp/jedi_language_server/jedi_utils.py", line 225, in lsp_document_symbols
    symbol_range = _document_symbol_range(name)
  File "/usr/local/lib/code-server-4.103.2/lib/vscode/extensions/ms-python.python-2025.12.0/python_files/lib/jedilsp/jedi_language_server/jedi_utils.py", line 204, in _document_symbol_range
    end = name.get_definition_end_position()
  File "/usr/local/lib/code-server-4.103.2/lib/vscode/extensions/ms-python.python-2025.12.0/python_files/lib/jedilsp/jedi/api/classes.py", line 260, in get_definition_end_position
    if self.type in ("function", "class"):
  File "/usr/local/lib/code-server-4.103.2/lib/vscode/extensions/ms-python.python-2025.12.0/python_files/lib/jedilsp/jedi/api/classes.py", line 190, in type
    for value in self._name.infer():
  File "/usr/local/lib/code-server-4.103.2/lib/vscode/extensions/ms-python.python-2025.12.0/python_files/lib/jedilsp/jedi/inference/names.py", line 281, in infer
    return tree_name_to_values(
  File "/usr/local/lib/code-server-4.103.2/lib/vscode/extensions/ms-python.python-2025.12.0/python_files/lib/jedilsp/jedi/plugins/__init__.py", line 21, in wrapper
    return built_functions[public_name](*args, **kwargs)
  File "/usr/local/lib/code-server-4.103.2/lib/vscode/extensions/ms-python.python-2025.12.0/python_files/lib/jedilsp/jedi/plugins/stdlib.py", line 878, in wrapper
    return func(inference_state, context, tree_name)
  File "/usr/local/lib/code-server-4.103.2/lib/vscode/extensions/ms-python.python-2025.12.0/python_files/lib/jedilsp/jedi/plugins/django.py", line 177, in wrapper
    result = func(inference_state, context, tree_name)
  File "/usr/local/lib/code-server-4.103.2/lib/vscode/extensions/ms-python.python-2025.12.0/python_files/lib/jedilsp/jedi/inference/syntax_tree.py", line 771, in tree_name_to_values
    types = imports.infer_import(context, tree_name)
  File "/usr/local/lib/code-server-4.103.2/lib/vscode/extensions/ms-python.python-2025.12.0/python_files/lib/jedilsp/jedi/inference/cache.py", line 44, in wrapper
    rv = function(obj, *args, **kwargs)
  File "/usr/local/lib/code-server-4.103.2/lib/vscode/extensions/ms-python.python-2025.12.0/python_files/lib/jedilsp/jedi/inference/imports.py", line 53, in infer_import
    _prepare_infer_import(module_context, tree_name)
  File "/usr/local/lib/code-server-4.103.2/lib/vscode/extensions/ms-python.python-2025.12.0/python_files/lib/jedilsp/jedi/inference/imports.py", line 116, in _prepare_infer_import
    return from_import_name, tuple(import_path), import_node.level, importer.follow()
  File "/usr/local/lib/code-server-4.103.2/lib/vscode/extensions/ms-python.python-2025.12.0/python_files/lib/jedilsp/jedi/inference/imports.py", line 296, in follow
    return import_module_by_names(
  File "/usr/local/lib/code-server-4.103.2/lib/vscode/extensions/ms-python.python-2025.12.0/python_files/lib/jedilsp/jedi/inference/imports.py", line 376, in import_module_by_names
    value_set = ValueSet.from_sets([
  File "/usr/local/lib/code-server-4.103.2/lib/vscode/extensions/ms-python.python-2025.12.0/python_files/lib/jedilsp/jedi/inference/imports.py", line 377, in <listcomp>
    import_module(
  File "/usr/local/lib/code-server-4.103.2/lib/vscode/extensions/ms-python.python-2025.12.0/python_files/lib/jedilsp/jedi/plugins/__init__.py", line 21, in wrapper
    return built_functions[public_name](*args, **kwargs)
  File "/usr/local/lib/code-server-4.103.2/lib/vscode/extensions/ms-python.python-2025.12.0/python_files/lib/jedilsp/jedi/plugins/flask.py", line 20, in wrapper
    return callback(inference_state, import_names, module_context, *args, **kwargs)
  File "/usr/local/lib/code-server-4.103.2/lib/vscode/extensions/ms-python.python-2025.12.0/python_files/lib/jedilsp/jedi/inference/gradual/typeshed.py", line 115, in wrapper
    python_value_set = ValueSet.from_sets(
  File "/usr/local/lib/code-server-4.103.2/lib/vscode/extensions/ms-python.python-2025.12.0/python_files/lib/jedilsp/jedi/inference/base_value.py", line 430, in from_sets
    for set_ in sets:
  File "/usr/local/lib/code-server-4.103.2/lib/vscode/extensions/ms-python.python-2025.12.0/python_files/lib/jedilsp/jedi/inference/gradual/typeshed.py", line 116, in <genexpr>
    func(inference_state, import_names, p, sys_path,)
  File "/usr/local/lib/code-server-4.103.2/lib/vscode/extensions/ms-python.python-2025.12.0/python_files/lib/jedilsp/jedi/inference/imports.py", line 411, in import_module
    file_io_or_ns, is_pkg = inference_state.compiled_subprocess.get_module_info(
  File "/usr/local/lib/code-server-4.103.2/lib/vscode/extensions/ms-python.python-2025.12.0/python_files/lib/jedilsp/jedi/inference/compiled/subprocess/__init__.py", line 188, in wrapper
    result = self._compiled_subprocess.run(
  File "/usr/local/lib/code-server-4.103.2/lib/vscode/extensions/ms-python.python-2025.12.0/python_files/lib/jedilsp/jedi/inference/compiled/subprocess/__init__.py", line 293, in run
    self._send(delete_id, None)
  File "/usr/local/lib/code-server-4.103.2/lib/vscode/extensions/ms-python.python-2025.12.0/python_files/lib/jedilsp/jedi/inference/compiled/subprocess/__init__.py", line 318, in _send
    is_exception, traceback, result = pickle_load(self._get_process().stdout)
  File "/usr/local/lib/code-server-4.103.2/lib/vscode/extensions/ms-python.python-2025.12.0/python_files/lib/jedilsp/jedi/_compatibility.py", line 25, in pickle_load
    return Unpickler(file).load()
_pickle.UnpicklingError: invalid load key, ' '.

2026-07-25 18:37:14.175 [info] [Error - 6:37:14 PM] Request textDocument/documentSymbol failed.
2026-07-25 18:37:14.175 [info]   Message: _pickle.UnpicklingError: invalid load key, ' '.
  Code: -32603 
[object Object]
2026-07-25 18:37:14.254 [info] semantic_tokens_range file:///voc/work/Knowledge_Hands_on/src/pipeline/settings.py 0:0-35:0
2026-07-25 18:37:14.256 [info] ERROR:pygls.protocol.json_rpc:Exception occurred for message "138": _pickle.UnpicklingError: invalid load key, ' '.
NoneType: None

2026-07-25 18:37:14.261 [info] [Error - 6:37:14 PM] Request textDocument/semanticTokens/range failed.
2026-07-25 18:37:14.261 [info]   Message: _pickle.UnpicklingError: invalid load key, ' '.
  Code: -32603 
[object Object]
2026-07-25 18:37:16.872 [info] semantic_tokens_range file:///voc/work/Knowledge_Hands_on/src/pipeline/settings.py 0:0-35:0
2026-07-25 18:37:16.874 [info] ERROR:pygls.protocol.json_rpc:Exception occurred for message "140": _pickle.UnpicklingError: invalid load key, ' '.
NoneType: None

2026-07-25 18:37:16.882 [info] [Error - 6:37:16 PM] Request textDocument/semanticTokens/range failed.
2026-07-25 18:37:16.882 [info]   Message: _pickle.UnpicklingError: invalid load key, ' '.
  Code: -32603 
[object Object]
2026-07-25 18:37:17.433 [info] semantic_tokens_range file:///voc/work/Knowledge_Hands_on/src/pipeline/settings.py 1:0-35:0
2026-07-25 18:37:17.435 [info] ERROR:pygls.protocol.json_rpc:Exception occurred for message "141": _pickle.UnpicklingError: invalid load key, ' '.
NoneType: None

2026-07-25 18:37:17.441 [info] [Error - 6:37:17 PM] Request textDocument/semanticTokens/range failed.
2026-07-25 18:37:17.441 [info]   Message: _pickle.UnpicklingError: invalid load key, ' '.
  Code: -32603 
[object Object]
2026-07-25 18:37:29.433 [info] semantic_tokens_range file:///voc/work/Knowledge_Hands_on/src/pipeline/settings.py 0:0-35:0
2026-07-25 18:37:29.434 [info] ERROR:pygls.protocol.json_rpc:Exception occurred for message "142": _pickle.UnpicklingError: invalid load key, ' '.
NoneType: None

2026-07-25 18:37:29.440 [info] [Error - 6:37:29 PM] Request textDocument/semanticTokens/range failed.
2026-07-25 18:37:29.440 [info]   Message: _pickle.UnpicklingError: invalid load key, ' '.
  Code: -32603 
[object Object]
2026-07-25 18:37:32.826 [info] ERROR:pygls.protocol.json_rpc:Failed to handle request 143 textDocument/hover HoverParams(text_document=TextDocumentIdentifier(uri='file:///voc/work/Knowledge_Hands_on/src/pipeline/settings.py'), position=31:25, work_done_token=None)
Traceback (most recent call last):
  File "/usr/local/lib/code-server-4.103.2/lib/vscode/extensions/ms-python.python-2025.12.0/python_files/lib/jedilsp/pygls/protocol/json_rpc.py", line 266, in _handle_request
    self._execute_request(msg_id, handler, params)
  File "/usr/local/lib/code-server-4.103.2/lib/vscode/extensions/ms-python.python-2025.12.0/python_files/lib/jedilsp/pygls/protocol/json_rpc.py", line 188, in _execute_request
    self._send_response(msg_id, handler(params))
  File "/usr/local/lib/code-server-4.103.2/lib/vscode/extensions/ms-python.python-2025.12.0/python_files/lib/jedilsp/jedi_language_server/notebook_utils.py", line 373, in wrapped
    result = f(notebook_server, notebook_params)
  File "/usr/local/lib/code-server-4.103.2/lib/vscode/extensions/ms-python.python-2025.12.0/python_files/lib/jedilsp/jedi_language_server/server.py", line 487, in hover
    jedi_script.help(*jedi_lines),
  File "/usr/local/lib/code-server-4.103.2/lib/vscode/extensions/ms-python.python-2025.12.0/python_files/lib/jedilsp/jedi/api/helpers.py", line 487, in wrapper
    return func(self, line, column, *args, **kwargs)
  File "/usr/local/lib/code-server-4.103.2/lib/vscode/extensions/ms-python.python-2025.12.0/python_files/lib/jedilsp/jedi/api/__init__.py", line 372, in help
    definitions = self.goto(line, column, follow_imports=True)
  File "/usr/local/lib/code-server-4.103.2/lib/vscode/extensions/ms-python.python-2025.12.0/python_files/lib/jedilsp/jedi/api/helpers.py", line 487, in wrapper
    return func(self, line, column, *args, **kwargs)
  File "/usr/local/lib/code-server-4.103.2/lib/vscode/extensions/ms-python.python-2025.12.0/python_files/lib/jedilsp/jedi/api/__init__.py", line 300, in goto
    names = list(name.goto())
  File "/usr/local/lib/code-server-4.103.2/lib/vscode/extensions/ms-python.python-2025.12.0/python_files/lib/jedilsp/jedi/inference/names.py", line 213, in goto
    return context.goto(name, position=stmt.start_pos)
  File "/usr/local/lib/code-server-4.103.2/lib/vscode/extensions/ms-python.python-2025.12.0/python_files/lib/jedilsp/jedi/inference/context.py", line 34, in goto
    names = finder.filter_name(filters, name_or_str)
  File "/usr/local/lib/code-server-4.103.2/lib/vscode/extensions/ms-python.python-2025.12.0/python_files/lib/jedilsp/jedi/inference/finder.py", line 35, in filter_name
    for filter in filters:
  File "/usr/local/lib/code-server-4.103.2/lib/vscode/extensions/ms-python.python-2025.12.0/python_files/lib/jedilsp/jedi/inference/context.py", line 496, in get_global_filters
    b = next(base_context.inference_state.builtins_module.get_filters(), None)
  File "/usr/local/lib/code-server-4.103.2/lib/vscode/extensions/ms-python.python-2025.12.0/python_files/lib/jedilsp/jedi/inference/cache.py", line 44, in wrapper
    rv = function(obj, *args, **kwargs)
  File "/usr/local/lib/code-server-4.103.2/lib/vscode/extensions/ms-python.python-2025.12.0/python_files/lib/jedilsp/jedi/inference/__init__.py", line 129, in builtins_module
    builtins_module, = self.import_module((module_name,), sys_path=[])
  File "/usr/local/lib/code-server-4.103.2/lib/vscode/extensions/ms-python.python-2025.12.0/python_files/lib/jedilsp/jedi/inference/__init__.py", line 112, in import_module
    return imports.import_module_by_names(
  File "/usr/local/lib/code-server-4.103.2/lib/vscode/extensions/ms-python.python-2025.12.0/python_files/lib/jedilsp/jedi/inference/imports.py", line 376, in import_module_by_names
    value_set = ValueSet.from_sets([
  File "/usr/local/lib/code-server-4.103.2/lib/vscode/extensions/ms-python.python-2025.12.0/python_files/lib/jedilsp/jedi/inference/imports.py", line 377, in <listcomp>
    import_module(
  File "/usr/local/lib/code-server-4.103.2/lib/vscode/extensions/ms-python.python-2025.12.0/python_files/lib/jedilsp/jedi/plugins/__init__.py", line 21, in wrapper
    return built_functions[public_name](*args, **kwargs)
  File "/usr/local/lib/code-server-4.103.2/lib/vscode/extensions/ms-python.python-2025.12.0/python_files/lib/jedilsp/jedi/plugins/flask.py", line 20, in wrapper
    return callback(inference_state, import_names, module_context, *args, **kwargs)
  File "/usr/local/lib/code-server-4.103.2/lib/vscode/extensions/ms-python.python-2025.12.0/python_files/lib/jedilsp/jedi/inference/gradual/typeshed.py", line 115, in wrapper
    python_value_set = ValueSet.from_sets(
  File "/usr/local/lib/code-server-4.103.2/lib/vscode/extensions/ms-python.python-2025.12.0/python_files/lib/jedilsp/jedi/inference/base_value.py", line 430, in from_sets
    for set_ in sets:
  File "/usr/local/lib/code-server-4.103.2/lib/vscode/extensions/ms-python.python-2025.12.0/python_files/lib/jedilsp/jedi/inference/gradual/typeshed.py", line 116, in <genexpr>
    func(inference_state, import_names, p, sys_path,)
  File "/usr/local/lib/code-server-4.103.2/lib/vscode/extensions/ms-python.python-2025.12.0/python_files/lib/jedilsp/jedi/inference/imports.py", line 411, in import_module
    file_io_or_ns, is_pkg = inference_state.compiled_subprocess.get_module_info(
  File "/usr/local/lib/code-server-4.103.2/lib/vscode/extensions/ms-python.python-2025.12.0/python_files/lib/jedilsp/jedi/inference/compiled/subprocess/__init__.py", line 188, in wrapper
    result = self._compiled_subprocess.run(
  File "/usr/local/lib/code-server-4.103.2/lib/vscode/extensions/ms-python.python-2025.12.0/python_files/lib/jedilsp/jedi/inference/compiled/subprocess/__init__.py", line 293, in run
    self._send(delete_id, None)
  File "/usr/local/lib/code-server-4.103.2/lib/vscode/extensions/ms-python.python-2025.12.0/python_files/lib/jedilsp/jedi/inference/compiled/subprocess/__init__.py", line 318, in _send
    is_exception, traceback, result = pickle_load(self._get_process().stdout)
  File "/usr/local/lib/code-server-4.103.2/lib/vscode/extensions/ms-python.python-2025.12.0/python_files/lib/jedilsp/jedi/_compatibility.py", line 25, in pickle_load
    return Unpickler(file).load()
_pickle.UnpicklingError: invalid load key, ' '.

2026-07-25 18:37:32.826 [info] [Error - 6:37:32 PM] Request textDocument/hover failed.
2026-07-25 18:37:32.834 [info]   Message: _pickle.UnpicklingError: invalid load key, ' '.
  Code: -32603 
[object Object]
2026-07-25 18:37:33.313 [info] semantic_tokens_range file:///voc/work/Knowledge_Hands_on/src/pipeline/settings.py 0:0-35:0
2026-07-25 18:37:33.315 [info] ERROR:pygls.protocol.json_rpc:Exception occurred for message "144": _pickle.UnpicklingError: invalid load key, ' '.
NoneType: None

2026-07-25 18:37:33.320 [info] [Error - 6:37:33 PM] Request textDocument/semanticTokens/range failed.
2026-07-25 18:37:33.320 [info]   Message: _pickle.UnpicklingError: invalid load key, ' '.
  Code: -32603 
[object Object]
2026-07-25 18:37:33.899 [info] semantic_tokens_range file:///voc/work/Knowledge_Hands_on/src/pipeline/settings.py 0:0-35:0
2026-07-25 18:37:33.900 [info] ERROR:pygls.protocol.json_rpc:Exception occurred for message "145": _pickle.UnpicklingError: invalid load key, ' '.
NoneType: None

2026-07-25 18:37:33.907 [info] [Error - 6:37:33 PM] Request textDocument/semanticTokens/range failed.
2026-07-25 18:37:33.907 [info]   Message: _pickle.UnpicklingError: invalid load key, ' '.
  Code: -32603 
[object Object]
2026-07-25 18:37:34.480 [info] semantic_tokens_range file:///voc/work/Knowledge_Hands_on/src/pipeline/settings.py 0:0-35:0
2026-07-25 18:37:34.481 [info] ERROR:pygls.protocol.json_rpc:Exception occurred for message "146": _pickle.UnpicklingError: invalid load key, ' '.
NoneType: None

2026-07-25 18:37:34.488 [info] [Error - 6:37:34 PM] Request textDocument/semanticTokens/range failed.
2026-07-25 18:37:34.488 [info]   Message: _pickle.UnpicklingError: invalid load key, ' '.
  Code: -32603 
[object Object]
2026-07-25 18:37:58.573 [info] semantic_tokens_range file:///voc/work/Knowledge_Hands_on/src/pipeline/logging_config.py 0:0-44:0
2026-07-25 18:37:58.575 [info] ERROR:pygls.protocol.json_rpc:Exception occurred for message "148": _pickle.UnpicklingError: invalid load key, ' '.
NoneType: None

2026-07-25 18:37:58.586 [info] [Error - 6:37:58 PM] Request textDocument/semanticTokens/range failed.
2026-07-25 18:37:58.586 [info]   Message: _pickle.UnpicklingError: invalid load key, ' '.
  Code: -32603 
[object Object]
2026-07-25 18:37:58.589 [info] semantic_tokens_full file:///voc/work/Knowledge_Hands_on/src/pipeline/logging_config.py 
2026-07-25 18:37:58.594 [info] ERROR:pygls.protocol.json_rpc:Exception occurred for message "149": _pickle.UnpicklingError: invalid load key, ' '.
NoneType: None

2026-07-25 18:37:58.594 [info] [Error - 6:37:58 PM] Request textDocument/semanticTokens/full failed.
2026-07-25 18:37:58.594 [info]   Message: _pickle.UnpicklingError: invalid load key, ' '.
  Code: -32603 
[object Object]
2026-07-25 18:37:58.596 [info] ERROR:pygls.protocol.json_rpc:Failed to handle request 150 textDocument/documentSymbol DocumentSymbolParams(text_document=TextDocumentIdentifier(uri='file:///voc/work/Knowledge_Hands_on/src/pipeline/logging_config.py'), work_done_token=None, partial_result_token=None)
Traceback (most recent call last):
  File "/usr/local/lib/code-server-4.103.2/lib/vscode/extensions/ms-python.python-2025.12.0/python_files/lib/jedilsp/pygls/protocol/json_rpc.py", line 266, in _handle_request
    self._execute_request(msg_id, handler, params)
  File "/usr/local/lib/code-server-4.103.2/lib/vscode/extensions/ms-python.python-2025.12.0/python_files/lib/jedilsp/pygls/protocol/json_rpc.py", line 188, in _execute_request
    self._send_response(msg_id, handler(params))
  File "/usr/local/lib/code-server-4.103.2/lib/vscode/extensions/ms-python.python-2025.12.0/python_files/lib/jedilsp/jedi_language_server/server.py", line 546, in document_symbol
    document_symbols = jedi_utils.lsp_document_symbols(names)
  File "/usr/local/lib/code-server-4.103.2/lib/vscode/extensions/ms-python.python-2025.12.0/python_files/lib/jedilsp/jedi_language_server/jedi_utils.py", line 225, in lsp_document_symbols
    symbol_range = _document_symbol_range(name)
  File "/usr/local/lib/code-server-4.103.2/lib/vscode/extensions/ms-python.python-2025.12.0/python_files/lib/jedilsp/jedi_language_server/jedi_utils.py", line 204, in _document_symbol_range
    end = name.get_definition_end_position()
  File "/usr/local/lib/code-server-4.103.2/lib/vscode/extensions/ms-python.python-2025.12.0/python_files/lib/jedilsp/jedi/api/classes.py", line 260, in get_definition_end_position
    if self.type in ("function", "class"):
  File "/usr/local/lib/code-server-4.103.2/lib/vscode/extensions/ms-python.python-2025.12.0/python_files/lib/jedilsp/jedi/api/classes.py", line 190, in type
    for value in self._name.infer():
  File "/usr/local/lib/code-server-4.103.2/lib/vscode/extensions/ms-python.python-2025.12.0/python_files/lib/jedilsp/jedi/inference/names.py", line 281, in infer
    return tree_name_to_values(
  File "/usr/local/lib/code-server-4.103.2/lib/vscode/extensions/ms-python.python-2025.12.0/python_files/lib/jedilsp/jedi/plugins/__init__.py", line 21, in wrapper
    return built_functions[public_name](*args, **kwargs)
  File "/usr/local/lib/code-server-4.103.2/lib/vscode/extensions/ms-python.python-2025.12.0/python_files/lib/jedilsp/jedi/plugins/stdlib.py", line 878, in wrapper
    return func(inference_state, context, tree_name)
  File "/usr/local/lib/code-server-4.103.2/lib/vscode/extensions/ms-python.python-2025.12.0/python_files/lib/jedilsp/jedi/plugins/django.py", line 177, in wrapper
    result = func(inference_state, context, tree_name)
  File "/usr/local/lib/code-server-4.103.2/lib/vscode/extensions/ms-python.python-2025.12.0/python_files/lib/jedilsp/jedi/inference/syntax_tree.py", line 771, in tree_name_to_values
    types = imports.infer_import(context, tree_name)
  File "/usr/local/lib/code-server-4.103.2/lib/vscode/extensions/ms-python.python-2025.12.0/python_files/lib/jedilsp/jedi/inference/cache.py", line 44, in wrapper
    rv = function(obj, *args, **kwargs)
  File "/usr/local/lib/code-server-4.103.2/lib/vscode/extensions/ms-python.python-2025.12.0/python_files/lib/jedilsp/jedi/inference/imports.py", line 53, in infer_import
    _prepare_infer_import(module_context, tree_name)
  File "/usr/local/lib/code-server-4.103.2/lib/vscode/extensions/ms-python.python-2025.12.0/python_files/lib/jedilsp/jedi/inference/imports.py", line 116, in _prepare_infer_import
    return from_import_name, tuple(import_path), import_node.level, importer.follow()
  File "/usr/local/lib/code-server-4.103.2/lib/vscode/extensions/ms-python.python-2025.12.0/python_files/lib/jedilsp/jedi/inference/imports.py", line 296, in follow
    return import_module_by_names(
  File "/usr/local/lib/code-server-4.103.2/lib/vscode/extensions/ms-python.python-2025.12.0/python_files/lib/jedilsp/jedi/inference/imports.py", line 376, in import_module_by_names
    value_set = ValueSet.from_sets([
  File "/usr/local/lib/code-server-4.103.2/lib/vscode/extensions/ms-python.python-2025.12.0/python_files/lib/jedilsp/jedi/inference/imports.py", line 377, in <listcomp>
    import_module(
  File "/usr/local/lib/code-server-4.103.2/lib/vscode/extensions/ms-python.python-2025.12.0/python_files/lib/jedilsp/jedi/plugins/__init__.py", line 21, in wrapper
    return built_functions[public_name](*args, **kwargs)
  File "/usr/local/lib/code-server-4.103.2/lib/vscode/extensions/ms-python.python-2025.12.0/python_files/lib/jedilsp/jedi/plugins/flask.py", line 20, in wrapper
    return callback(inference_state, import_names, module_context, *args, **kwargs)
  File "/usr/local/lib/code-server-4.103.2/lib/vscode/extensions/ms-python.python-2025.12.0/python_files/lib/jedilsp/jedi/inference/gradual/typeshed.py", line 115, in wrapper
    python_value_set = ValueSet.from_sets(
  File "/usr/local/lib/code-server-4.103.2/lib/vscode/extensions/ms-python.python-2025.12.0/python_files/lib/jedilsp/jedi/inference/base_value.py", line 430, in from_sets
    for set_ in sets:
  File "/usr/local/lib/code-server-4.103.2/lib/vscode/extensions/ms-python.python-2025.12.0/python_files/lib/jedilsp/jedi/inference/gradual/typeshed.py", line 116, in <genexpr>
    func(inference_state, import_names, p, sys_path,)
  File "/usr/local/lib/code-server-4.103.2/lib/vscode/extensions/ms-python.python-2025.12.0/python_files/lib/jedilsp/jedi/inference/imports.py", line 411, in import_module
    file_io_or_ns, is_pkg = inference_state.compiled_subprocess.get_module_info(
  File "/usr/local/lib/code-server-4.103.2/lib/vscode/extensions/ms-python.python-2025.12.0/python_files/lib/jedilsp/jedi/inference/compiled/subprocess/__init__.py", line 188, in wrapper
    result = self._compiled_subprocess.run(
  File "/usr/local/lib/code-server-4.103.2/lib/vscode/extensions/ms-python.python-2025.12.0/python_files/lib/jedilsp/jedi/inference/compiled/subprocess/__init__.py", line 293, in run
    self._send(delete_id, None)
  File "/usr/local/lib/code-server-4.103.2/lib/vscode/extensions/ms-python.python-2025.12.0/python_files/lib/jedilsp/jedi/inference/compiled/subprocess/__init__.py", line 318, in _send
    is_exception, traceback, result = pickle_load(self._get_process().stdout)
  File "/usr/local/lib/code-server-4.103.2/lib/vscode/extensions/ms-python.python-2025.12.0/python_files/lib/jedilsp/jedi/_compatibility.py", line 25, in pickle_load
    return Unpickler(file).load()
_pickle.UnpicklingError: invalid load key, ' '.

2026-07-25 18:37:58.596 [info] [Error - 6:37:58 PM] Request textDocument/documentSymbol failed.
2026-07-25 18:37:58.596 [info]   Message: _pickle.UnpicklingError: invalid load key, ' '.
  Code: -32603 
[object Object]
2026-07-25 18:37:59.008 [info] ERROR:pygls.protocol.json_rpc:Failed to handle request 151 textDocument/hover HoverParams(text_document=TextDocumentIdentifier(uri='file:///voc/work/Knowledge_Hands_on/src/pipeline/logging_config.py'), position=27:26, work_done_token=None)
Traceback (most recent call last):
  File "/usr/local/lib/code-server-4.103.2/lib/vscode/extensions/ms-python.python-2025.12.0/python_files/lib/jedilsp/pygls/protocol/json_rpc.py", line 266, in _handle_request
    self._execute_request(msg_id, handler, params)
  File "/usr/local/lib/code-server-4.103.2/lib/vscode/extensions/ms-python.python-2025.12.0/python_files/lib/jedilsp/pygls/protocol/json_rpc.py", line 188, in _execute_request
    self._send_response(msg_id, handler(params))
  File "/usr/local/lib/code-server-4.103.2/lib/vscode/extensions/ms-python.python-2025.12.0/python_files/lib/jedilsp/jedi_language_server/notebook_utils.py", line 373, in wrapped
    result = f(notebook_server, notebook_params)
  File "/usr/local/lib/code-server-4.103.2/lib/vscode/extensions/ms-python.python-2025.12.0/python_files/lib/jedilsp/jedi_language_server/server.py", line 487, in hover
    jedi_script.help(*jedi_lines),
  File "/usr/local/lib/code-server-4.103.2/lib/vscode/extensions/ms-python.python-2025.12.0/python_files/lib/jedilsp/jedi/api/helpers.py", line 487, in wrapper
    return func(self, line, column, *args, **kwargs)
  File "/usr/local/lib/code-server-4.103.2/lib/vscode/extensions/ms-python.python-2025.12.0/python_files/lib/jedilsp/jedi/api/__init__.py", line 396, in help
    name = KeywordName(self._inference_state, leaf.value)
  File "/usr/local/lib/code-server-4.103.2/lib/vscode/extensions/ms-python.python-2025.12.0/python_files/lib/jedilsp/jedi/inference/names.py", line 103, in __init__
    self.parent_context = inference_state.builtins_module
  File "/usr/local/lib/code-server-4.103.2/lib/vscode/extensions/ms-python.python-2025.12.0/python_files/lib/jedilsp/jedi/inference/cache.py", line 44, in wrapper
    rv = function(obj, *args, **kwargs)
  File "/usr/local/lib/code-server-4.103.2/lib/vscode/extensions/ms-python.python-2025.12.0/python_files/lib/jedilsp/jedi/inference/__init__.py", line 129, in builtins_module
    builtins_module, = self.import_module((module_name,), sys_path=[])
  File "/usr/local/lib/code-server-4.103.2/lib/vscode/extensions/ms-python.python-2025.12.0/python_files/lib/jedilsp/jedi/inference/__init__.py", line 112, in import_module
    return imports.import_module_by_names(
  File "/usr/local/lib/code-server-4.103.2/lib/vscode/extensions/ms-python.python-2025.12.0/python_files/lib/jedilsp/jedi/inference/imports.py", line 376, in import_module_by_names
    value_set = ValueSet.from_sets([
  File "/usr/local/lib/code-server-4.103.2/lib/vscode/extensions/ms-python.python-2025.12.0/python_files/lib/jedilsp/jedi/inference/imports.py", line 377, in <listcomp>
    import_module(
  File "/usr/local/lib/code-server-4.103.2/lib/vscode/extensions/ms-python.python-2025.12.0/python_files/lib/jedilsp/jedi/plugins/__init__.py", line 21, in wrapper
    return built_functions[public_name](*args, **kwargs)
  File "/usr/local/lib/code-server-4.103.2/lib/vscode/extensions/ms-python.python-2025.12.0/python_files/lib/jedilsp/jedi/plugins/flask.py", line 20, in wrapper
    return callback(inference_state, import_names, module_context, *args, **kwargs)
  File "/usr/local/lib/code-server-4.103.2/lib/vscode/extensions/ms-python.python-2025.12.0/python_files/lib/jedilsp/jedi/inference/gradual/typeshed.py", line 115, in wrapper
    python_value_set = ValueSet.from_sets(
  File "/usr/local/lib/code-server-4.103.2/lib/vscode/extensions/ms-python.python-2025.12.0/python_files/lib/jedilsp/jedi/inference/base_value.py", line 430, in from_sets
    for set_ in sets:
  File "/usr/local/lib/code-server-4.103.2/lib/vscode/extensions/ms-python.python-2025.12.0/python_files/lib/jedilsp/jedi/inference/gradual/typeshed.py", line 116, in <genexpr>
    func(inference_state, import_names, p, sys_path,)
  File "/usr/local/lib/code-server-4.103.2/lib/vscode/extensions/ms-python.python-2025.12.0/python_files/lib/jedilsp/jedi/inference/imports.py", line 411, in import_module
    file_io_or_ns, is_pkg = inference_state.compiled_subprocess.get_module_info(
  File "/usr/local/lib/code-server-4.103.2/lib/vscode/extensions/ms-python.python-2025.12.0/python_files/lib/jedilsp/jedi/inference/compiled/subprocess/__init__.py", line 188, in wrapper
    result = self._compiled_subprocess.run(
  File "/usr/local/lib/code-server-4.103.2/lib/vscode/extensions/ms-python.python-2025.12.0/python_files/lib/jedilsp/jedi/inference/compiled/subprocess/__init__.py", line 293, in run
    self._send(delete_id, None)
  File "/usr/local/lib/code-server-4.103.2/lib/vscode/extensions/ms-python.python-2025.12.0/python_files/lib/jedilsp/jedi/inference/compiled/subprocess/__init__.py", line 318, in _send
    is_exception, traceback, result = pickle_load(self._get_process().stdout)
  File "/usr/local/lib/code-server-4.103.2/lib/vscode/extensions/ms-python.python-2025.12.0/python_files/lib/jedilsp/jedi/_compatibility.py", line 25, in pickle_load
    return Unpickler(file).load()
_pickle.UnpicklingError: invalid load key, ' '.

2026-07-25 18:37:59.009 [info] [Error - 6:37:59 PM] Request textDocument/hover failed.
2026-07-25 18:37:59.017 [info]   Message: _pickle.UnpicklingError: invalid load key, ' '.
  Code: -32603 
[object Object]
2026-07-25 18:37:59.726 [info] semantic_tokens_range file:///voc/work/Knowledge_Hands_on/src/pipeline/logging_config.py 0:0-40:38
2026-07-25 18:37:59.728 [info] ERROR:pygls.protocol.json_rpc:Exception occurred for message "152": _pickle.UnpicklingError: invalid load key, ' '.
NoneType: None

2026-07-25 18:37:59.734 [info] [Error - 6:37:59 PM] Request textDocument/semanticTokens/range failed.
2026-07-25 18:37:59.734 [info]   Message: _pickle.UnpicklingError: invalid load key, ' '.
  Code: -32603 
[object Object]
2026-07-25 18:38:00.906 [info] semantic_tokens_range file:///voc/work/Knowledge_Hands_on/src/pipeline/logging_config.py 0:0-44:0
2026-07-25 18:38:00.908 [info] ERROR:pygls.protocol.json_rpc:Exception occurred for message "153": _pickle.UnpicklingError: invalid load key, ' '.
NoneType: None

2026-07-25 18:38:00.914 [info] [Error - 6:38:00 PM] Request textDocument/semanticTokens/range failed.
2026-07-25 18:38:00.914 [info]   Message: _pickle.UnpicklingError: invalid load key, ' '.
  Code: -32603 
[object Object]
2026-07-25 18:38:01.515 [info] semantic_tokens_range file:///voc/work/Knowledge_Hands_on/src/pipeline/logging_config.py 0:0-44:0
2026-07-25 18:38:01.517 [info] ERROR:pygls.protocol.json_rpc:Exception occurred for message "154": _pickle.UnpicklingError: invalid load key, ' '.
NoneType: None

2026-07-25 18:38:01.525 [info] [Error - 6:38:01 PM] Request textDocument/semanticTokens/range failed.
2026-07-25 18:38:01.532 [info]   Message: _pickle.UnpicklingError: invalid load key, ' '.
  Code: -32603 
[object Object]
2026-07-25 18:38:02.165 [info] semantic_tokens_range file:///voc/work/Knowledge_Hands_on/src/pipeline/logging_config.py 0:0-44:0
2026-07-25 18:38:02.167 [info] ERROR:pygls.protocol.json_rpc:Exception occurred for message "155": _pickle.UnpicklingError: invalid load key, ' '.
NoneType: None

2026-07-25 18:38:02.173 [info] [Error - 6:38:02 PM] Request textDocument/semanticTokens/range failed.
2026-07-25 18:38:02.173 [info]   Message: _pickle.UnpicklingError: invalid load key, ' '.
  Code: -32603 
[object Object]
2026-07-25 18:40:29.631 [info] ERROR:pygls.protocol.json_rpc:Failed to handle request 157 textDocument/codeAction CodeActionParams(text_document=TextDocumentIdentifier(uri='file:///voc/work/Knowledge_Hands_on/src/pipeline/logging_config.py'), range=0:0-44:0, context=CodeActionContext(diagnostics=[], only=None, trigger_kind=<CodeActionTriggerKind.Automatic: 2>), work_done_token=None, partial_result_token=None)
Traceback (most recent call last):
  File "/usr/local/lib/code-server-4.103.2/lib/vscode/extensions/ms-python.python-2025.12.0/python_files/lib/jedilsp/pygls/protocol/json_rpc.py", line 266, in _handle_request
    self._execute_request(msg_id, handler, params)
  File "/usr/local/lib/code-server-4.103.2/lib/vscode/extensions/ms-python.python-2025.12.0/python_files/lib/jedilsp/pygls/protocol/json_rpc.py", line 188, in _execute_request
    self._send_response(msg_id, handler(params))
  File "/usr/local/lib/code-server-4.103.2/lib/vscode/extensions/ms-python.python-2025.12.0/python_files/lib/jedilsp/jedi_language_server/notebook_utils.py", line 373, in wrapped
    result = f(notebook_server, notebook_params)
  File "/usr/local/lib/code-server-4.103.2/lib/vscode/extensions/ms-python.python-2025.12.0/python_files/lib/jedilsp/jedi_language_server/server.py", line 717, in code_action
    extract_function_refactoring = jedi_script.extract_function(
  File "/usr/local/lib/code-server-4.103.2/lib/vscode/extensions/ms-python.python-2025.12.0/python_files/lib/jedilsp/jedi/api/helpers.py", line 487, in wrapper
    return func(self, line, column, *args, **kwargs)
  File "/usr/local/lib/code-server-4.103.2/lib/vscode/extensions/ms-python.python-2025.12.0/python_files/lib/jedilsp/jedi/api/__init__.py", line 675, in extract_function
    return extract_function(
  File "/usr/local/lib/code-server-4.103.2/lib/vscode/extensions/ms-python.python-2025.12.0/python_files/lib/jedilsp/jedi/api/refactoring/extract.py", line 216, in extract_function
    params, return_variables = list(_find_inputs_and_outputs(module_context, context, nodes))
  File "/usr/local/lib/code-server-4.103.2/lib/vscode/extensions/ms-python.python-2025.12.0/python_files/lib/jedilsp/jedi/api/refactoring/extract.py", line 332, in _find_inputs_and_outputs
    name_definitions = context.goto(name, name.start_pos)
  File "/usr/local/lib/code-server-4.103.2/lib/vscode/extensions/ms-python.python-2025.12.0/python_files/lib/jedilsp/jedi/inference/context.py", line 34, in goto
    names = finder.filter_name(filters, name_or_str)
  File "/usr/local/lib/code-server-4.103.2/lib/vscode/extensions/ms-python.python-2025.12.0/python_files/lib/jedilsp/jedi/inference/finder.py", line 35, in filter_name
    for filter in filters:
  File "/usr/local/lib/code-server-4.103.2/lib/vscode/extensions/ms-python.python-2025.12.0/python_files/lib/jedilsp/jedi/inference/context.py", line 496, in get_global_filters
    b = next(base_context.inference_state.builtins_module.get_filters(), None)
  File "/usr/local/lib/code-server-4.103.2/lib/vscode/extensions/ms-python.python-2025.12.0/python_files/lib/jedilsp/jedi/inference/cache.py", line 44, in wrapper
    rv = function(obj, *args, **kwargs)
  File "/usr/local/lib/code-server-4.103.2/lib/vscode/extensions/ms-python.python-2025.12.0/python_files/lib/jedilsp/jedi/inference/__init__.py", line 129, in builtins_module
    builtins_module, = self.import_module((module_name,), sys_path=[])
  File "/usr/local/lib/code-server-4.103.2/lib/vscode/extensions/ms-python.python-2025.12.0/python_files/lib/jedilsp/jedi/inference/__init__.py", line 112, in import_module
    return imports.import_module_by_names(
  File "/usr/local/lib/code-server-4.103.2/lib/vscode/extensions/ms-python.python-2025.12.0/python_files/lib/jedilsp/jedi/inference/imports.py", line 376, in import_module_by_names
    value_set = ValueSet.from_sets([
  File "/usr/local/lib/code-server-4.103.2/lib/vscode/extensions/ms-python.python-2025.12.0/python_files/lib/jedilsp/jedi/inference/imports.py", line 377, in <listcomp>
    import_module(
  File "/usr/local/lib/code-server-4.103.2/lib/vscode/extensions/ms-python.python-2025.12.0/python_files/lib/jedilsp/jedi/plugins/__init__.py", line 21, in wrapper
    return built_functions[public_name](*args, **kwargs)
  File "/usr/local/lib/code-server-4.103.2/lib/vscode/extensions/ms-python.python-2025.12.0/python_files/lib/jedilsp/jedi/plugins/flask.py", line 20, in wrapper
    return callback(inference_state, import_names, module_context, *args, **kwargs)
  File "/usr/local/lib/code-server-4.103.2/lib/vscode/extensions/ms-python.python-2025.12.0/python_files/lib/jedilsp/jedi/inference/gradual/typeshed.py", line 115, in wrapper
    python_value_set = ValueSet.from_sets(
  File "/usr/local/lib/code-server-4.103.2/lib/vscode/extensions/ms-python.python-2025.12.0/python_files/lib/jedilsp/jedi/inference/base_value.py", line 430, in from_sets
    for set_ in sets:
  File "/usr/local/lib/code-server-4.103.2/lib/vscode/extensions/ms-python.python-2025.12.0/python_files/lib/jedilsp/jedi/inference/gradual/typeshed.py", line 116, in <genexpr>
    func(inference_state, import_names, p, sys_path,)
  File "/usr/local/lib/code-server-4.103.2/lib/vscode/extensions/ms-python.python-2025.12.0/python_files/lib/jedilsp/jedi/inference/imports.py", line 411, in import_module
    file_io_or_ns, is_pkg = inference_state.compiled_subprocess.get_module_info(
  File "/usr/local/lib/code-server-4.103.2/lib/vscode/extensions/ms-python.python-2025.12.0/python_files/lib/jedilsp/jedi/inference/compiled/subprocess/__init__.py", line 188, in wrapper
    result = self._compiled_subprocess.run(
  File "/usr/local/lib/code-server-4.103.2/lib/vscode/extensions/ms-python.python-2025.12.0/python_files/lib/jedilsp/jedi/inference/compiled/subprocess/__init__.py", line 293, in run
    self._send(delete_id, None)
  File "/usr/local/lib/code-server-4.103.2/lib/vscode/extensions/ms-python.python-2025.12.0/python_files/lib/jedilsp/jedi/inference/compiled/subprocess/__init__.py", line 318, in _send
    is_exception, traceback, result = pickle_load(self._get_process().stdout)
  File "/usr/local/lib/code-server-4.103.2/lib/vscode/extensions/ms-python.python-2025.12.0/python_files/lib/jedilsp/jedi/_compatibility.py", line 25, in pickle_load
    return Unpickler(file).load()
_pickle.UnpicklingError: invalid load key, ' '.

2026-07-25 18:40:29.632 [info] [Error - 6:40:29 PM] Request textDocument/codeAction failed.
2026-07-25 18:40:29.639 [info]   Message: _pickle.UnpicklingError: invalid load key, ' '.
  Code: -32603 
[object Object]
2026-07-25 18:40:31.695 [info] ERROR:pygls.protocol.json_rpc:Failed to handle request 160 textDocument/documentSymbol DocumentSymbolParams(text_document=TextDocumentIdentifier(uri='file:///voc/work/Knowledge_Hands_on/src/pipeline/pipeline.py'), work_done_token=None, partial_result_token=None)
Traceback (most recent call last):
  File "/usr/local/lib/code-server-4.103.2/lib/vscode/extensions/ms-python.python-2025.12.0/python_files/lib/jedilsp/pygls/protocol/json_rpc.py", line 266, in _handle_request
    self._execute_request(msg_id, handler, params)
  File "/usr/local/lib/code-server-4.103.2/lib/vscode/extensions/ms-python.python-2025.12.0/python_files/lib/jedilsp/pygls/protocol/json_rpc.py", line 188, in _execute_request
    self._send_response(msg_id, handler(params))
  File "/usr/local/lib/code-server-4.103.2/lib/vscode/extensions/ms-python.python-2025.12.0/python_files/lib/jedilsp/jedi_language_server/server.py", line 546, in document_symbol
    document_symbols = jedi_utils.lsp_document_symbols(names)
  File "/usr/local/lib/code-server-4.103.2/lib/vscode/extensions/ms-python.python-2025.12.0/python_files/lib/jedilsp/jedi_language_server/jedi_utils.py", line 225, in lsp_document_symbols
    symbol_range = _document_symbol_range(name)
  File "/usr/local/lib/code-server-4.103.2/lib/vscode/extensions/ms-python.python-2025.12.0/python_files/lib/jedilsp/jedi_language_server/jedi_utils.py", line 204, in _document_symbol_range
    end = name.get_definition_end_position()
  File "/usr/local/lib/code-server-4.103.2/lib/vscode/extensions/ms-python.python-2025.12.0/python_files/lib/jedilsp/jedi/api/classes.py", line 260, in get_definition_end_position
    if self.type in ("function", "class"):
  File "/usr/local/lib/code-server-4.103.2/lib/vscode/extensions/ms-python.python-2025.12.0/python_files/lib/jedilsp/jedi/api/classes.py", line 190, in type
    for value in self._name.infer():
  File "/usr/local/lib/code-server-4.103.2/lib/vscode/extensions/ms-python.python-2025.12.0/python_files/lib/jedilsp/jedi/inference/names.py", line 281, in infer
    return tree_name_to_values(
  File "/usr/local/lib/code-server-4.103.2/lib/vscode/extensions/ms-python.python-2025.12.0/python_files/lib/jedilsp/jedi/plugins/__init__.py", line 21, in wrapper
    return built_functions[public_name](*args, **kwargs)
  File "/usr/local/lib/code-server-4.103.2/lib/vscode/extensions/ms-python.python-2025.12.0/python_files/lib/jedilsp/jedi/plugins/stdlib.py", line 878, in wrapper
    return func(inference_state, context, tree_name)
  File "/usr/local/lib/code-server-4.103.2/lib/vscode/extensions/ms-python.python-2025.12.0/python_files/lib/jedilsp/jedi/plugins/django.py", line 177, in wrapper
    result = func(inference_state, context, tree_name)
  File "/usr/local/lib/code-server-4.103.2/lib/vscode/extensions/ms-python.python-2025.12.0/python_files/lib/jedilsp/jedi/inference/syntax_tree.py", line 771, in tree_name_to_values
    types = imports.infer_import(context, tree_name)
  File "/usr/local/lib/code-server-4.103.2/lib/vscode/extensions/ms-python.python-2025.12.0/python_files/lib/jedilsp/jedi/inference/cache.py", line 44, in wrapper
    rv = function(obj, *args, **kwargs)
  File "/usr/local/lib/code-server-4.103.2/lib/vscode/extensions/ms-python.python-2025.12.0/python_files/lib/jedilsp/jedi/inference/imports.py", line 53, in infer_import
    _prepare_infer_import(module_context, tree_name)
  File "/usr/local/lib/code-server-4.103.2/lib/vscode/extensions/ms-python.python-2025.12.0/python_files/lib/jedilsp/jedi/inference/imports.py", line 116, in _prepare_infer_import
    return from_import_name, tuple(import_path), import_node.level, importer.follow()
  File "/usr/local/lib/code-server-4.103.2/lib/vscode/extensions/ms-python.python-2025.12.0/python_files/lib/jedilsp/jedi/inference/imports.py", line 296, in follow
    return import_module_by_names(
  File "/usr/local/lib/code-server-4.103.2/lib/vscode/extensions/ms-python.python-2025.12.0/python_files/lib/jedilsp/jedi/inference/imports.py", line 376, in import_module_by_names
    value_set = ValueSet.from_sets([
  File "/usr/local/lib/code-server-4.103.2/lib/vscode/extensions/ms-python.python-2025.12.0/python_files/lib/jedilsp/jedi/inference/imports.py", line 377, in <listcomp>
    import_module(
  File "/usr/local/lib/code-server-4.103.2/lib/vscode/extensions/ms-python.python-2025.12.0/python_files/lib/jedilsp/jedi/plugins/__init__.py", line 21, in wrapper
    return built_functions[public_name](*args, **kwargs)
  File "/usr/local/lib/code-server-4.103.2/lib/vscode/extensions/ms-python.python-2025.12.0/python_files/lib/jedilsp/jedi/plugins/flask.py", line 20, in wrapper
    return callback(inference_state, import_names, module_context, *args, **kwargs)
  File "/usr/local/lib/code-server-4.103.2/lib/vscode/extensions/ms-python.python-2025.12.0/python_files/lib/jedilsp/jedi/inference/gradual/typeshed.py", line 115, in wrapper
    python_value_set = ValueSet.from_sets(
  File "/usr/local/lib/code-server-4.103.2/lib/vscode/extensions/ms-python.python-2025.12.0/python_files/lib/jedilsp/jedi/inference/base_value.py", line 430, in from_sets
    for set_ in sets:
  File "/usr/local/lib/code-server-4.103.2/lib/vscode/extensions/ms-python.python-2025.12.0/python_files/lib/jedilsp/jedi/inference/gradual/typeshed.py", line 116, in <genexpr>
    func(inference_state, import_names, p, sys_path,)
  File "/usr/local/lib/code-server-4.103.2/lib/vscode/extensions/ms-python.python-2025.12.0/python_files/lib/jedilsp/jedi/inference/imports.py", line 411, in import_module
    file_io_or_ns, is_pkg = inference_state.compiled_subprocess.get_module_info(
  File "/usr/local/lib/code-server-4.103.2/lib/vscode/extensions/ms-python.python-2025.12.0/python_files/lib/jedilsp/jedi/inference/compiled/subprocess/__init__.py", line 188, in wrapper
    result = self._compiled_subprocess.run(
  File "/usr/local/lib/code-server-4.103.2/lib/vscode/extensions/ms-python.python-2025.12.0/python_files/lib/jedilsp/jedi/inference/compiled/subprocess/__init__.py", line 293, in run
    self._send(delete_id, None)
  File "/usr/local/lib/code-server-4.103.2/lib/vscode/extensions/ms-python.python-2025.12.0/python_files/lib/jedilsp/jedi/inference/compiled/subprocess/__init__.py", line 318, in _send
    is_exception, traceback, result = pickle_load(self._get_process().stdout)
  File "/usr/local/lib/code-server-4.103.2/lib/vscode/extensions/ms-python.python-2025.12.0/python_files/lib/jedilsp/jedi/_compatibility.py", line 25, in pickle_load
    return Unpickler(file).load()
_pickle.UnpicklingError: invalid load key, ' '.

2026-07-25 18:40:31.695 [info] [Error - 6:40:31 PM] Request textDocument/documentSymbol failed.
2026-07-25 18:40:31.703 [info]   Message: _pickle.UnpicklingError: invalid load key, ' '.
  Code: -32603 
[object Object]
2026-07-25 18:40:31.703 [info] ERROR:pygls.protocol.json_rpc:Exception occurred for message "161": _pickle.UnpicklingError: invalid load key, ' '.
NoneType: None

2026-07-25 18:40:31.703 [info] semantic_tokens_full file:///voc/work/Knowledge_Hands_on/src/pipeline/pipeline.py 
2026-07-25 18:40:31.703 [info] [Error - 6:40:31 PM] Request textDocument/semanticTokens/full failed.
2026-07-25 18:40:31.711 [info]   Message: _pickle.UnpicklingError: invalid load key, ' '.
  Code: -32603 
[object Object]
2026-07-25 18:40:31.922 [info] ERROR:pygls.protocol.json_rpc:Failed to handle request 162 textDocument/documentSymbol DocumentSymbolParams(text_document=TextDocumentIdentifier(uri='file:///voc/work/Knowledge_Hands_on/src/pipeline/pipeline.py'), work_done_token=None, partial_result_token=None)
Traceback (most recent call last):
  File "/usr/local/lib/code-server-4.103.2/lib/vscode/extensions/ms-python.python-2025.12.0/python_files/lib/jedilsp/pygls/protocol/json_rpc.py", line 266, in _handle_request
    self._execute_request(msg_id, handler, params)
  File "/usr/local/lib/code-server-4.103.2/lib/vscode/extensions/ms-python.python-2025.12.0/python_files/lib/jedilsp/pygls/protocol/json_rpc.py", line 188, in _execute_request
    self._send_response(msg_id, handler(params))
  File "/usr/local/lib/code-server-4.103.2/lib/vscode/extensions/ms-python.python-2025.12.0/python_files/lib/jedilsp/jedi_language_server/server.py", line 546, in document_symbol
    document_symbols = jedi_utils.lsp_document_symbols(names)
  File "/usr/local/lib/code-server-4.103.2/lib/vscode/extensions/ms-python.python-2025.12.0/python_files/lib/jedilsp/jedi_language_server/jedi_utils.py", line 225, in lsp_document_symbols
    symbol_range = _document_symbol_range(name)
  File "/usr/local/lib/code-server-4.103.2/lib/vscode/extensions/ms-python.python-2025.12.0/python_files/lib/jedilsp/jedi_language_server/jedi_utils.py", line 204, in _document_symbol_range
    end = name.get_definition_end_position()
  File "/usr/local/lib/code-server-4.103.2/lib/vscode/extensions/ms-python.python-2025.12.0/python_files/lib/jedilsp/jedi/api/classes.py", line 260, in get_definition_end_position
    if self.type in ("function", "class"):
  File "/usr/local/lib/code-server-4.103.2/lib/vscode/extensions/ms-python.python-2025.12.0/python_files/lib/jedilsp/jedi/api/classes.py", line 190, in type
    for value in self._name.infer():
  File "/usr/local/lib/code-server-4.103.2/lib/vscode/extensions/ms-python.python-2025.12.0/python_files/lib/jedilsp/jedi/inference/names.py", line 281, in infer
    return tree_name_to_values(
  File "/usr/local/lib/code-server-4.103.2/lib/vscode/extensions/ms-python.python-2025.12.0/python_files/lib/jedilsp/jedi/plugins/__init__.py", line 21, in wrapper
    return built_functions[public_name](*args, **kwargs)
  File "/usr/local/lib/code-server-4.103.2/lib/vscode/extensions/ms-python.python-2025.12.0/python_files/lib/jedilsp/jedi/plugins/stdlib.py", line 878, in wrapper
    return func(inference_state, context, tree_name)
  File "/usr/local/lib/code-server-4.103.2/lib/vscode/extensions/ms-python.python-2025.12.0/python_files/lib/jedilsp/jedi/plugins/django.py", line 177, in wrapper
    result = func(inference_state, context, tree_name)
  File "/usr/local/lib/code-server-4.103.2/lib/vscode/extensions/ms-python.python-2025.12.0/python_files/lib/jedilsp/jedi/inference/syntax_tree.py", line 771, in tree_name_to_values
    types = imports.infer_import(context, tree_name)
  File "/usr/local/lib/code-server-4.103.2/lib/vscode/extensions/ms-python.python-2025.12.0/python_files/lib/jedilsp/jedi/inference/cache.py", line 44, in wrapper
    rv = function(obj, *args, **kwargs)
  File "/usr/local/lib/code-server-4.103.2/lib/vscode/extensions/ms-python.python-2025.12.0/python_files/lib/jedilsp/jedi/inference/imports.py", line 53, in infer_import
    _prepare_infer_import(module_context, tree_name)
  File "/usr/local/lib/code-server-4.103.2/lib/vscode/extensions/ms-python.python-2025.12.0/python_files/lib/jedilsp/jedi/inference/imports.py", line 116, in _prepare_infer_import
    return from_import_name, tuple(import_path), import_node.level, importer.follow()
  File "/usr/local/lib/code-server-4.103.2/lib/vscode/extensions/ms-python.python-2025.12.0/python_files/lib/jedilsp/jedi/inference/imports.py", line 296, in follow
    return import_module_by_names(
  File "/usr/local/lib/code-server-4.103.2/lib/vscode/extensions/ms-python.python-2025.12.0/python_files/lib/jedilsp/jedi/inference/imports.py", line 376, in import_module_by_names
    value_set = ValueSet.from_sets([
  File "/usr/local/lib/code-server-4.103.2/lib/vscode/extensions/ms-python.python-2025.12.0/python_files/lib/jedilsp/jedi/inference/imports.py", line 377, in <listcomp>
    import_module(
  File "/usr/local/lib/code-server-4.103.2/lib/vscode/extensions/ms-python.python-2025.12.0/python_files/lib/jedilsp/jedi/plugins/__init__.py", line 21, in wrapper
    return built_functions[public_name](*args, **kwargs)
  File "/usr/local/lib/code-server-4.103.2/lib/vscode/extensions/ms-python.python-2025.12.0/python_files/lib/jedilsp/jedi/plugins/flask.py", line 20, in wrapper
    return callback(inference_state, import_names, module_context, *args, **kwargs)
  File "/usr/local/lib/code-server-4.103.2/lib/vscode/extensions/ms-python.python-2025.12.0/python_files/lib/jedilsp/jedi/inference/gradual/typeshed.py", line 115, in wrapper
    python_value_set = ValueSet.from_sets(
  File "/usr/local/lib/code-server-4.103.2/lib/vscode/extensions/ms-python.python-2025.12.0/python_files/lib/jedilsp/jedi/inference/base_value.py", line 430, in from_sets
    for set_ in sets:
  File "/usr/local/lib/code-server-4.103.2/lib/vscode/extensions/ms-python.python-2025.12.0/python_files/lib/jedilsp/jedi/inference/gradual/typeshed.py", line 116, in <genexpr>
    func(inference_state, import_names, p, sys_path,)
  File "/usr/local/lib/code-server-4.103.2/lib/vscode/extensions/ms-python.python-2025.12.0/python_files/lib/jedilsp/jedi/inference/imports.py", line 411, in import_module
    file_io_or_ns, is_pkg = inference_state.compiled_subprocess.get_module_info(
  File "/usr/local/lib/code-server-4.103.2/lib/vscode/extensions/ms-python.python-2025.12.0/python_files/lib/jedilsp/jedi/inference/compiled/subprocess/__init__.py", line 188, in wrapper
    result = self._compiled_subprocess.run(
  File "/usr/local/lib/code-server-4.103.2/lib/vscode/extensions/ms-python.python-2025.12.0/python_files/lib/jedilsp/jedi/inference/compiled/subprocess/__init__.py", line 293, in run
    self._send(delete_id, None)
  File "/usr/local/lib/code-server-4.103.2/lib/vscode/extensions/ms-python.python-2025.12.0/python_files/lib/jedilsp/jedi/inference/compiled/subprocess/__init__.py", line 318, in _send
    is_exception, traceback, result = pickle_load(self._get_process().stdout)
  File "/usr/local/lib/code-server-4.103.2/lib/vscode/extensions/ms-python.python-2025.12.0/python_files/lib/jedilsp/jedi/_compatibility.py", line 25, in pickle_load
    return Unpickler(file).load()
_pickle.UnpicklingError: invalid load key, ' '.

2026-07-25 18:40:31.922 [info] [Error - 6:40:31 PM] Request textDocument/documentSymbol failed.
2026-07-25 18:40:31.930 [info]   Message: _pickle.UnpicklingError: invalid load key, ' '.
  Code: -32603 
[object Object]
2026-07-25 18:40:31.941 [info] semantic_tokens_range file:///voc/work/Knowledge_Hands_on/src/pipeline/pipeline.py 19:0-80:28
2026-07-25 18:40:31.947 [info] ERROR:pygls.protocol.json_rpc:Exception occurred for message "163": _pickle.UnpicklingError: invalid load key, ' '.
NoneType: None

2026-07-25 18:40:31.953 [info] [Error - 6:40:31 PM] Request textDocument/semanticTokens/range failed.
2026-07-25 18:40:31.953 [info]   Message: _pickle.UnpicklingError: invalid load key, ' '.
  Code: -32603 
[object Object]
2026-07-25 18:40:32.746 [info] ERROR:pygls.protocol.json_rpc:Failed to handle request 164 textDocument/codeAction CodeActionParams(text_document=TextDocumentIdentifier(uri='file:///voc/work/Knowledge_Hands_on/src/pipeline/pipeline.py'), range=0:0-208:0, context=CodeActionContext(diagnostics=[], only=None, trigger_kind=<CodeActionTriggerKind.Automatic: 2>), work_done_token=None, partial_result_token=None)
Traceback (most recent call last):
  File "/usr/local/lib/code-server-4.103.2/lib/vscode/extensions/ms-python.python-2025.12.0/python_files/lib/jedilsp/pygls/protocol/json_rpc.py", line 266, in _handle_request
    self._execute_request(msg_id, handler, params)
  File "/usr/local/lib/code-server-4.103.2/lib/vscode/extensions/ms-python.python-2025.12.0/python_files/lib/jedilsp/pygls/protocol/json_rpc.py", line 188, in _execute_request
    self._send_response(msg_id, handler(params))
  File "/usr/local/lib/code-server-4.103.2/lib/vscode/extensions/ms-python.python-2025.12.0/python_files/lib/jedilsp/jedi_language_server/notebook_utils.py", line 373, in wrapped
    result = f(notebook_server, notebook_params)
  File "/usr/local/lib/code-server-4.103.2/lib/vscode/extensions/ms-python.python-2025.12.0/python_files/lib/jedilsp/jedi_language_server/server.py", line 717, in code_action
    extract_function_refactoring = jedi_script.extract_function(
  File "/usr/local/lib/code-server-4.103.2/lib/vscode/extensions/ms-python.python-2025.12.0/python_files/lib/jedilsp/jedi/api/helpers.py", line 487, in wrapper
    return func(self, line, column, *args, **kwargs)
  File "/usr/local/lib/code-server-4.103.2/lib/vscode/extensions/ms-python.python-2025.12.0/python_files/lib/jedilsp/jedi/api/__init__.py", line 675, in extract_function
    return extract_function(
  File "/usr/local/lib/code-server-4.103.2/lib/vscode/extensions/ms-python.python-2025.12.0/python_files/lib/jedilsp/jedi/api/refactoring/extract.py", line 216, in extract_function
    params, return_variables = list(_find_inputs_and_outputs(module_context, context, nodes))
  File "/usr/local/lib/code-server-4.103.2/lib/vscode/extensions/ms-python.python-2025.12.0/python_files/lib/jedilsp/jedi/api/refactoring/extract.py", line 332, in _find_inputs_and_outputs
    name_definitions = context.goto(name, name.start_pos)
  File "/usr/local/lib/code-server-4.103.2/lib/vscode/extensions/ms-python.python-2025.12.0/python_files/lib/jedilsp/jedi/inference/context.py", line 34, in goto
    names = finder.filter_name(filters, name_or_str)
  File "/usr/local/lib/code-server-4.103.2/lib/vscode/extensions/ms-python.python-2025.12.0/python_files/lib/jedilsp/jedi/inference/finder.py", line 35, in filter_name
    for filter in filters:
  File "/usr/local/lib/code-server-4.103.2/lib/vscode/extensions/ms-python.python-2025.12.0/python_files/lib/jedilsp/jedi/inference/context.py", line 496, in get_global_filters
    b = next(base_context.inference_state.builtins_module.get_filters(), None)
  File "/usr/local/lib/code-server-4.103.2/lib/vscode/extensions/ms-python.python-2025.12.0/python_files/lib/jedilsp/jedi/inference/cache.py", line 44, in wrapper
    rv = function(obj, *args, **kwargs)
  File "/usr/local/lib/code-server-4.103.2/lib/vscode/extensions/ms-python.python-2025.12.0/python_files/lib/jedilsp/jedi/inference/__init__.py", line 129, in builtins_module
    builtins_module, = self.import_module((module_name,), sys_path=[])
  File "/usr/local/lib/code-server-4.103.2/lib/vscode/extensions/ms-python.python-2025.12.0/python_files/lib/jedilsp/jedi/inference/__init__.py", line 112, in import_module
    return imports.import_module_by_names(
  File "/usr/local/lib/code-server-4.103.2/lib/vscode/extensions/ms-python.python-2025.12.0/python_files/lib/jedilsp/jedi/inference/imports.py", line 376, in import_module_by_names
    value_set = ValueSet.from_sets([
  File "/usr/local/lib/code-server-4.103.2/lib/vscode/extensions/ms-python.python-2025.12.0/python_files/lib/jedilsp/jedi/inference/imports.py", line 377, in <listcomp>
    import_module(
  File "/usr/local/lib/code-server-4.103.2/lib/vscode/extensions/ms-python.python-2025.12.0/python_files/lib/jedilsp/jedi/plugins/__init__.py", line 21, in wrapper
    return built_functions[public_name](*args, **kwargs)
  File "/usr/local/lib/code-server-4.103.2/lib/vscode/extensions/ms-python.python-2025.12.0/python_files/lib/jedilsp/jedi/plugins/flask.py", line 20, in wrapper
    return callback(inference_state, import_names, module_context, *args, **kwargs)
  File "/usr/local/lib/code-server-4.103.2/lib/vscode/extensions/ms-python.python-2025.12.0/python_files/lib/jedilsp/jedi/inference/gradual/typeshed.py", line 115, in wrapper
    python_value_set = ValueSet.from_sets(
  File "/usr/local/lib/code-server-4.103.2/lib/vscode/extensions/ms-python.python-2025.12.0/python_files/lib/jedilsp/jedi/inference/base_value.py", line 430, in from_sets
    for set_ in sets:
  File "/usr/local/lib/code-server-4.103.2/lib/vscode/extensions/ms-python.python-2025.12.0/python_files/lib/jedilsp/jedi/inference/gradual/typeshed.py", line 116, in <genexpr>
    func(inference_state, import_names, p, sys_path,)
  File "/usr/local/lib/code-server-4.103.2/lib/vscode/extensions/ms-python.python-2025.12.0/python_files/lib/jedilsp/jedi/inference/imports.py", line 411, in import_module
    file_io_or_ns, is_pkg = inference_state.compiled_subprocess.get_module_info(
  File "/usr/local/lib/code-server-4.103.2/lib/vscode/extensions/ms-python.python-2025.12.0/python_files/lib/jedilsp/jedi/inference/compiled/subprocess/__init__.py", line 188, in wrapper
    result = self._compiled_subprocess.run(
  File "/usr/local/lib/code-server-4.103.2/lib/vscode/extensions/ms-python.python-2025.12.0/python_files/lib/jedilsp/jedi/inference/compiled/subprocess/__init__.py", line 293, in run
    self._send(delete_id, None)
  File "/usr/local/lib/code-server-4.103.2/lib/vscode/extensions/ms-python.python-2025.12.0/python_files/lib/jedilsp/jedi/inference/compiled/subprocess/__init__.py", line 318, in _send
    is_exception, traceback, result = pickle_load(self._get_process().stdout)
  File "/usr/local/lib/code-server-4.103.2/lib/vscode/extensions/ms-python.python-2025.12.0/python_files/lib/jedilsp/jedi/_compatibility.py", line 25, in pickle_load
    return Unpickler(file).load()
_pickle.UnpicklingError: invalid load key, ' '.

2026-07-25 18:40:32.746 [info] [Error - 6:40:32 PM] Request textDocument/codeAction failed.
2026-07-25 18:40:32.755 [info]   Message: _pickle.UnpicklingError: invalid load key, ' '.
  Code: -32603 
[object Object]
2026-07-25 18:41:15.542 [info] semantic_tokens_range file:///voc/work/Knowledge_Hands_on/src/pipeline/pipeline.py 11:0-72:37
2026-07-25 18:41:15.548 [info] ERROR:pygls.protocol.json_rpc:Exception occurred for message "165": _pickle.UnpicklingError: invalid load key, ' '.
NoneType: None

2026-07-25 18:41:15.549 [info] [Error - 6:41:15 PM] Request textDocument/semanticTokens/range failed.
2026-07-25 18:41:15.549 [info]   Message: _pickle.UnpicklingError: invalid load key, ' '.
  Code: -32603 
[object Object]
2026-07-25 18:41:16.514 [info] semantic_tokens_range file:///voc/work/Knowledge_Hands_on/src/pipeline/pipeline.py 0:0-56:0
2026-07-25 18:41:16.520 [info] ERROR:pygls.protocol.json_rpc:Exception occurred for message "166": _pickle.UnpicklingError: invalid load key, ' '.
NoneType: None

2026-07-25 18:41:16.521 [info] [Error - 6:41:16 PM] Request textDocument/semanticTokens/range failed.
2026-07-25 18:41:16.521 [info]   Message: _pickle.UnpicklingError: invalid load key, ' '.
  Code: -32603 
[object Object]
2026-07-25 18:41:27.067 [info] ERROR:pygls.protocol.json_rpc:Failed to handle request 167 textDocument/documentHighlight DocumentHighlightParams(text_document=TextDocumentIdentifier(uri='file:///voc/work/Knowledge_Hands_on/src/pipeline/pipeline.py'), position=22:38, work_done_token=None, partial_result_token=None)
Traceback (most recent call last):
  File "/usr/local/lib/code-server-4.103.2/lib/vscode/extensions/ms-python.python-2025.12.0/python_files/lib/jedilsp/pygls/protocol/json_rpc.py", line 266, in _handle_request
    self._execute_request(msg_id, handler, params)
  File "/usr/local/lib/code-server-4.103.2/lib/vscode/extensions/ms-python.python-2025.12.0/python_files/lib/jedilsp/pygls/protocol/json_rpc.py", line 188, in _execute_request
    self._send_response(msg_id, handler(params))
  File "/usr/local/lib/code-server-4.103.2/lib/vscode/extensions/ms-python.python-2025.12.0/python_files/lib/jedilsp/jedi_language_server/server.py", line 466, in highlight
    names = jedi_script.get_references(*jedi_lines, scope="file")
  File "/usr/local/lib/code-server-4.103.2/lib/vscode/extensions/ms-python.python-2025.12.0/python_files/lib/jedilsp/jedi/api/helpers.py", line 487, in wrapper
    return func(self, line, column, *args, **kwargs)
  File "/usr/local/lib/code-server-4.103.2/lib/vscode/extensions/ms-python.python-2025.12.0/python_files/lib/jedilsp/jedi/api/__init__.py", line 429, in get_references
    return _references(**kwargs)
  File "/usr/local/lib/code-server-4.103.2/lib/vscode/extensions/ms-python.python-2025.12.0/python_files/lib/jedilsp/jedi/api/__init__.py", line 423, in _references
    names = find_references(self._get_module_context(), tree_name, scope == 'file')
  File "/usr/local/lib/code-server-4.103.2/lib/vscode/extensions/ms-python.python-2025.12.0/python_files/lib/jedilsp/jedi/inference/references.py", line 122, in find_references
    found_names = _find_defining_names(module_context, tree_name)
  File "/usr/local/lib/code-server-4.103.2/lib/vscode/extensions/ms-python.python-2025.12.0/python_files/lib/jedilsp/jedi/inference/references.py", line 53, in _find_defining_names
    found_names = _find_names(module_context, tree_name)
  File "/usr/local/lib/code-server-4.103.2/lib/vscode/extensions/ms-python.python-2025.12.0/python_files/lib/jedilsp/jedi/inference/references.py", line 74, in _find_names
    found_names = set(name.goto())
  File "/usr/local/lib/code-server-4.103.2/lib/vscode/extensions/ms-python.python-2025.12.0/python_files/lib/jedilsp/jedi/inference/names.py", line 157, in goto
    module_names = goto_import(context, name)
  File "/usr/local/lib/code-server-4.103.2/lib/vscode/extensions/ms-python.python-2025.12.0/python_files/lib/jedilsp/jedi/inference/cache.py", line 44, in wrapper
    rv = function(obj, *args, **kwargs)
  File "/usr/local/lib/code-server-4.103.2/lib/vscode/extensions/ms-python.python-2025.12.0/python_files/lib/jedilsp/jedi/inference/imports.py", line 75, in goto_import
    _prepare_infer_import(module_context, tree_name)
  File "/usr/local/lib/code-server-4.103.2/lib/vscode/extensions/ms-python.python-2025.12.0/python_files/lib/jedilsp/jedi/inference/imports.py", line 116, in _prepare_infer_import
    return from_import_name, tuple(import_path), import_node.level, importer.follow()
  File "/usr/local/lib/code-server-4.103.2/lib/vscode/extensions/ms-python.python-2025.12.0/python_files/lib/jedilsp/jedi/inference/imports.py", line 296, in follow
    return import_module_by_names(
  File "/usr/local/lib/code-server-4.103.2/lib/vscode/extensions/ms-python.python-2025.12.0/python_files/lib/jedilsp/jedi/inference/imports.py", line 376, in import_module_by_names
    value_set = ValueSet.from_sets([
  File "/usr/local/lib/code-server-4.103.2/lib/vscode/extensions/ms-python.python-2025.12.0/python_files/lib/jedilsp/jedi/inference/imports.py", line 377, in <listcomp>
    import_module(
  File "/usr/local/lib/code-server-4.103.2/lib/vscode/extensions/ms-python.python-2025.12.0/python_files/lib/jedilsp/jedi/plugins/__init__.py", line 21, in wrapper
    return built_functions[public_name](*args, **kwargs)
  File "/usr/local/lib/code-server-4.103.2/lib/vscode/extensions/ms-python.python-2025.12.0/python_files/lib/jedilsp/jedi/plugins/flask.py", line 20, in wrapper
    return callback(inference_state, import_names, module_context, *args, **kwargs)
  File "/usr/local/lib/code-server-4.103.2/lib/vscode/extensions/ms-python.python-2025.12.0/python_files/lib/jedilsp/jedi/inference/gradual/typeshed.py", line 115, in wrapper
    python_value_set = ValueSet.from_sets(
  File "/usr/local/lib/code-server-4.103.2/lib/vscode/extensions/ms-python.python-2025.12.0/python_files/lib/jedilsp/jedi/inference/base_value.py", line 430, in from_sets
    for set_ in sets:
  File "/usr/local/lib/code-server-4.103.2/lib/vscode/extensions/ms-python.python-2025.12.0/python_files/lib/jedilsp/jedi/inference/gradual/typeshed.py", line 116, in <genexpr>
    func(inference_state, import_names, p, sys_path,)
  File "/usr/local/lib/code-server-4.103.2/lib/vscode/extensions/ms-python.python-2025.12.0/python_files/lib/jedilsp/jedi/inference/imports.py", line 411, in import_module
    file_io_or_ns, is_pkg = inference_state.compiled_subprocess.get_module_info(
  File "/usr/local/lib/code-server-4.103.2/lib/vscode/extensions/ms-python.python-2025.12.0/python_files/lib/jedilsp/jedi/inference/compiled/subprocess/__init__.py", line 188, in wrapper
    result = self._compiled_subprocess.run(
  File "/usr/local/lib/code-server-4.103.2/lib/vscode/extensions/ms-python.python-2025.12.0/python_files/lib/jedilsp/jedi/inference/compiled/subprocess/__init__.py", line 293, in run
    self._send(delete_id, None)
  File "/usr/local/lib/code-server-4.103.2/lib/vscode/extensions/ms-python.python-2025.12.0/python_files/lib/jedilsp/jedi/inference/compiled/subprocess/__init__.py", line 318, in _send
    is_exception, traceback, result = pickle_load(self._get_process().stdout)
  File "/usr/local/lib/code-server-4.103.2/lib/vscode/extensions/ms-python.python-2025.12.0/python_files/lib/jedilsp/jedi/_compatibility.py", line 25, in pickle_load
    return Unpickler(file).load()
_pickle.UnpicklingError: invalid load key, ' '.

2026-07-25 18:41:27.067 [info] [Error - 6:41:27 PM] Request textDocument/documentHighlight failed.
2026-07-25 18:41:27.075 [info]   Message: _pickle.UnpicklingError: invalid load key, ' '.
  Code: -32603 
[object Object]
2026-07-25 18:41:27.267 [info] ERROR:pygls.protocol.json_rpc:Failed to handle request 168 textDocument/codeAction CodeActionParams(text_document=TextDocumentIdentifier(uri='file:///voc/work/Knowledge_Hands_on/src/pipeline/pipeline.py'), range=22:38-22:38, context=CodeActionContext(diagnostics=[], only=None, trigger_kind=<CodeActionTriggerKind.Automatic: 2>), work_done_token=None, partial_result_token=None)
Traceback (most recent call last):
  File "/usr/local/lib/code-server-4.103.2/lib/vscode/extensions/ms-python.python-2025.12.0/python_files/lib/jedilsp/pygls/protocol/json_rpc.py", line 266, in _handle_request
    self._execute_request(msg_id, handler, params)
  File "/usr/local/lib/code-server-4.103.2/lib/vscode/extensions/ms-python.python-2025.12.0/python_files/lib/jedilsp/pygls/protocol/json_rpc.py", line 188, in _execute_request
    self._send_response(msg_id, handler(params))
  File "/usr/local/lib/code-server-4.103.2/lib/vscode/extensions/ms-python.python-2025.12.0/python_files/lib/jedilsp/jedi_language_server/notebook_utils.py", line 373, in wrapped
    result = f(notebook_server, notebook_params)
  File "/usr/local/lib/code-server-4.103.2/lib/vscode/extensions/ms-python.python-2025.12.0/python_files/lib/jedilsp/jedi_language_server/server.py", line 671, in code_action
    inline_refactoring = jedi_script.inline(*jedi_lines)
  File "/usr/local/lib/code-server-4.103.2/lib/vscode/extensions/ms-python.python-2025.12.0/python_files/lib/jedilsp/jedi/api/__init__.py", line 697, in inline
    names = [d._name for d in self.get_references(line, column, include_builtins=True)]
  File "/usr/local/lib/code-server-4.103.2/lib/vscode/extensions/ms-python.python-2025.12.0/python_files/lib/jedilsp/jedi/api/helpers.py", line 487, in wrapper
    return func(self, line, column, *args, **kwargs)
  File "/usr/local/lib/code-server-4.103.2/lib/vscode/extensions/ms-python.python-2025.12.0/python_files/lib/jedilsp/jedi/api/__init__.py", line 429, in get_references
    return _references(**kwargs)
  File "/usr/local/lib/code-server-4.103.2/lib/vscode/extensions/ms-python.python-2025.12.0/python_files/lib/jedilsp/jedi/api/__init__.py", line 423, in _references
    names = find_references(self._get_module_context(), tree_name, scope == 'file')
  File "/usr/local/lib/code-server-4.103.2/lib/vscode/extensions/ms-python.python-2025.12.0/python_files/lib/jedilsp/jedi/inference/references.py", line 122, in find_references
    found_names = _find_defining_names(module_context, tree_name)
  File "/usr/local/lib/code-server-4.103.2/lib/vscode/extensions/ms-python.python-2025.12.0/python_files/lib/jedilsp/jedi/inference/references.py", line 53, in _find_defining_names
    found_names = _find_names(module_context, tree_name)
  File "/usr/local/lib/code-server-4.103.2/lib/vscode/extensions/ms-python.python-2025.12.0/python_files/lib/jedilsp/jedi/inference/references.py", line 74, in _find_names
    found_names = set(name.goto())
  File "/usr/local/lib/code-server-4.103.2/lib/vscode/extensions/ms-python.python-2025.12.0/python_files/lib/jedilsp/jedi/inference/names.py", line 157, in goto
    module_names = goto_import(context, name)
  File "/usr/local/lib/code-server-4.103.2/lib/vscode/extensions/ms-python.python-2025.12.0/python_files/lib/jedilsp/jedi/inference/cache.py", line 44, in wrapper
    rv = function(obj, *args, **kwargs)
  File "/usr/local/lib/code-server-4.103.2/lib/vscode/extensions/ms-python.python-2025.12.0/python_files/lib/jedilsp/jedi/inference/imports.py", line 75, in goto_import
    _prepare_infer_import(module_context, tree_name)
  File "/usr/local/lib/code-server-4.103.2/lib/vscode/extensions/ms-python.python-2025.12.0/python_files/lib/jedilsp/jedi/inference/imports.py", line 116, in _prepare_infer_import
    return from_import_name, tuple(import_path), import_node.level, importer.follow()
  File "/usr/local/lib/code-server-4.103.2/lib/vscode/extensions/ms-python.python-2025.12.0/python_files/lib/jedilsp/jedi/inference/imports.py", line 296, in follow
    return import_module_by_names(
  File "/usr/local/lib/code-server-4.103.2/lib/vscode/extensions/ms-python.python-2025.12.0/python_files/lib/jedilsp/jedi/inference/imports.py", line 376, in import_module_by_names
    value_set = ValueSet.from_sets([
  File "/usr/local/lib/code-server-4.103.2/lib/vscode/extensions/ms-python.python-2025.12.0/python_files/lib/jedilsp/jedi/inference/imports.py", line 377, in <listcomp>
    import_module(
  File "/usr/local/lib/code-server-4.103.2/lib/vscode/extensions/ms-python.python-2025.12.0/python_files/lib/jedilsp/jedi/plugins/__init__.py", line 21, in wrapper
    return built_functions[public_name](*args, **kwargs)
  File "/usr/local/lib/code-server-4.103.2/lib/vscode/extensions/ms-python.python-2025.12.0/python_files/lib/jedilsp/jedi/plugins/flask.py", line 20, in wrapper
    return callback(inference_state, import_names, module_context, *args, **kwargs)
  File "/usr/local/lib/code-server-4.103.2/lib/vscode/extensions/ms-python.python-2025.12.0/python_files/lib/jedilsp/jedi/inference/gradual/typeshed.py", line 115, in wrapper
    python_value_set = ValueSet.from_sets(
  File "/usr/local/lib/code-server-4.103.2/lib/vscode/extensions/ms-python.python-2025.12.0/python_files/lib/jedilsp/jedi/inference/base_value.py", line 430, in from_sets
    for set_ in sets:
  File "/usr/local/lib/code-server-4.103.2/lib/vscode/extensions/ms-python.python-2025.12.0/python_files/lib/jedilsp/jedi/inference/gradual/typeshed.py", line 116, in <genexpr>
    func(inference_state, import_names, p, sys_path,)
  File "/usr/local/lib/code-server-4.103.2/lib/vscode/extensions/ms-python.python-2025.12.0/python_files/lib/jedilsp/jedi/inference/imports.py", line 411, in import_module
    file_io_or_ns, is_pkg = inference_state.compiled_subprocess.get_module_info(
  File "/usr/local/lib/code-server-4.103.2/lib/vscode/extensions/ms-python.python-2025.12.0/python_files/lib/jedilsp/jedi/inference/compiled/subprocess/__init__.py", line 188, in wrapper
    result = self._compiled_subprocess.run(
  File "/usr/local/lib/code-server-4.103.2/lib/vscode/extensions/ms-python.python-2025.12.0/python_files/lib/jedilsp/jedi/inference/compiled/subprocess/__init__.py", line 293, in run
    self._send(delete_id, None)
  File "/usr/local/lib/code-server-4.103.2/lib/vscode/extensions/ms-python.python-2025.12.0/python_files/lib/jedilsp/jedi/inference/compiled/subprocess/__init__.py", line 318, in _send
    is_exception, traceback, result = pickle_load(self._get_process().stdout)
  File "/usr/local/lib/code-server-4.103.2/lib/vscode/extensions/ms-python.python-2025.12.0/python_files/lib/jedilsp/jedi/_compatibility.py", line 25, in pickle_load
    return Unpickler(file).load()
_pickle.UnpicklingError: invalid load key, ' '.

2026-07-25 18:41:27.267 [info] [Error - 6:41:27 PM] Request textDocument/codeAction failed.
2026-07-25 18:41:27.274 [info]   Message: _pickle.UnpicklingError: invalid load key, ' '.
  Code: -32603 
[object Object]
2026-07-25 18:41:39.271 [info] ERROR:pygls.protocol.json_rpc:Failed to handle request 169 textDocument/hover HoverParams(text_document=TextDocumentIdentifier(uri='file:///voc/work/Knowledge_Hands_on/src/pipeline/pipeline.py'), position=23:41, work_done_token=None)
Traceback (most recent call last):
  File "/usr/local/lib/code-server-4.103.2/lib/vscode/extensions/ms-python.python-2025.12.0/python_files/lib/jedilsp/pygls/protocol/json_rpc.py", line 266, in _handle_request
    self._execute_request(msg_id, handler, params)
  File "/usr/local/lib/code-server-4.103.2/lib/vscode/extensions/ms-python.python-2025.12.0/python_files/lib/jedilsp/pygls/protocol/json_rpc.py", line 188, in _execute_request
    self._send_response(msg_id, handler(params))
  File "/usr/local/lib/code-server-4.103.2/lib/vscode/extensions/ms-python.python-2025.12.0/python_files/lib/jedilsp/jedi_language_server/notebook_utils.py", line 373, in wrapped
    result = f(notebook_server, notebook_params)
  File "/usr/local/lib/code-server-4.103.2/lib/vscode/extensions/ms-python.python-2025.12.0/python_files/lib/jedilsp/jedi_language_server/server.py", line 487, in hover
    jedi_script.help(*jedi_lines),
  File "/usr/local/lib/code-server-4.103.2/lib/vscode/extensions/ms-python.python-2025.12.0/python_files/lib/jedilsp/jedi/api/helpers.py", line 487, in wrapper
    return func(self, line, column, *args, **kwargs)
  File "/usr/local/lib/code-server-4.103.2/lib/vscode/extensions/ms-python.python-2025.12.0/python_files/lib/jedilsp/jedi/api/__init__.py", line 372, in help
    definitions = self.goto(line, column, follow_imports=True)
  File "/usr/local/lib/code-server-4.103.2/lib/vscode/extensions/ms-python.python-2025.12.0/python_files/lib/jedilsp/jedi/api/helpers.py", line 487, in wrapper
    return func(self, line, column, *args, **kwargs)
  File "/usr/local/lib/code-server-4.103.2/lib/vscode/extensions/ms-python.python-2025.12.0/python_files/lib/jedilsp/jedi/api/__init__.py", line 300, in goto
    names = list(name.goto())
  File "/usr/local/lib/code-server-4.103.2/lib/vscode/extensions/ms-python.python-2025.12.0/python_files/lib/jedilsp/jedi/inference/names.py", line 157, in goto
    module_names = goto_import(context, name)
  File "/usr/local/lib/code-server-4.103.2/lib/vscode/extensions/ms-python.python-2025.12.0/python_files/lib/jedilsp/jedi/inference/cache.py", line 44, in wrapper
    rv = function(obj, *args, **kwargs)
  File "/usr/local/lib/code-server-4.103.2/lib/vscode/extensions/ms-python.python-2025.12.0/python_files/lib/jedilsp/jedi/inference/imports.py", line 75, in goto_import
    _prepare_infer_import(module_context, tree_name)
  File "/usr/local/lib/code-server-4.103.2/lib/vscode/extensions/ms-python.python-2025.12.0/python_files/lib/jedilsp/jedi/inference/imports.py", line 116, in _prepare_infer_import
    return from_import_name, tuple(import_path), import_node.level, importer.follow()
  File "/usr/local/lib/code-server-4.103.2/lib/vscode/extensions/ms-python.python-2025.12.0/python_files/lib/jedilsp/jedi/inference/imports.py", line 296, in follow
    return import_module_by_names(
  File "/usr/local/lib/code-server-4.103.2/lib/vscode/extensions/ms-python.python-2025.12.0/python_files/lib/jedilsp/jedi/inference/imports.py", line 376, in import_module_by_names
    value_set = ValueSet.from_sets([
  File "/usr/local/lib/code-server-4.103.2/lib/vscode/extensions/ms-python.python-2025.12.0/python_files/lib/jedilsp/jedi/inference/imports.py", line 377, in <listcomp>
    import_module(
  File "/usr/local/lib/code-server-4.103.2/lib/vscode/extensions/ms-python.python-2025.12.0/python_files/lib/jedilsp/jedi/plugins/__init__.py", line 21, in wrapper
    return built_functions[public_name](*args, **kwargs)
  File "/usr/local/lib/code-server-4.103.2/lib/vscode/extensions/ms-python.python-2025.12.0/python_files/lib/jedilsp/jedi/plugins/flask.py", line 20, in wrapper
    return callback(inference_state, import_names, module_context, *args, **kwargs)
  File "/usr/local/lib/code-server-4.103.2/lib/vscode/extensions/ms-python.python-2025.12.0/python_files/lib/jedilsp/jedi/inference/gradual/typeshed.py", line 115, in wrapper
    python_value_set = ValueSet.from_sets(
  File "/usr/local/lib/code-server-4.103.2/lib/vscode/extensions/ms-python.python-2025.12.0/python_files/lib/jedilsp/jedi/inference/base_value.py", line 430, in from_sets
    for set_ in sets:
  File "/usr/local/lib/code-server-4.103.2/lib/vscode/extensions/ms-python.python-2025.12.0/python_files/lib/jedilsp/jedi/inference/gradual/typeshed.py", line 116, in <genexpr>
    func(inference_state, import_names, p, sys_path,)
  File "/usr/local/lib/code-server-4.103.2/lib/vscode/extensions/ms-python.python-2025.12.0/python_files/lib/jedilsp/jedi/inference/imports.py", line 411, in import_module
    file_io_or_ns, is_pkg = inference_state.compiled_subprocess.get_module_info(
  File "/usr/local/lib/code-server-4.103.2/lib/vscode/extensions/ms-python.python-2025.12.0/python_files/lib/jedilsp/jedi/inference/compiled/subprocess/__init__.py", line 188, in wrapper
    result = self._compiled_subprocess.run(
  File "/usr/local/lib/code-server-4.103.2/lib/vscode/extensions/ms-python.python-2025.12.0/python_files/lib/jedilsp/jedi/inference/compiled/subprocess/__init__.py", line 293, in run
    self._send(delete_id, None)
  File "/usr/local/lib/code-server-4.103.2/lib/vscode/extensions/ms-python.python-2025.12.0/python_files/lib/jedilsp/jedi/inference/compiled/subprocess/__init__.py", line 318, in _send
    is_exception, traceback, result = pickle_load(self._get_process().stdout)
  File "/usr/local/lib/code-server-4.103.2/lib/vscode/extensions/ms-python.python-2025.12.0/python_files/lib/jedilsp/jedi/_compatibility.py", line 25, in pickle_load
    return Unpickler(file).load()
_pickle.UnpicklingError: invalid load key, ' '.

2026-07-25 18:41:39.272 [info] [Error - 6:41:39 PM] Request textDocument/hover failed.
2026-07-25 18:41:39.285 [info]   Message: _pickle.UnpicklingError: invalid load key, ' '.
  Code: -32603 
[object Object]
2026-07-25 18:42:32.253 [info] ERROR:pygls.protocol.json_rpc:Failed to handle request 170 textDocument/documentHighlight DocumentHighlightParams(text_document=TextDocumentIdentifier(uri='file:///voc/work/Knowledge_Hands_on/src/pipeline/pipeline.py'), position=22:38, work_done_token=None, partial_result_token=None)
Traceback (most recent call last):
  File "/usr/local/lib/code-server-4.103.2/lib/vscode/extensions/ms-python.python-2025.12.0/python_files/lib/jedilsp/pygls/protocol/json_rpc.py", line 266, in _handle_request
    self._execute_request(msg_id, handler, params)
  File "/usr/local/lib/code-server-4.103.2/lib/vscode/extensions/ms-python.python-2025.12.0/python_files/lib/jedilsp/pygls/protocol/json_rpc.py", line 188, in _execute_request
    self._send_response(msg_id, handler(params))
  File "/usr/local/lib/code-server-4.103.2/lib/vscode/extensions/ms-python.python-2025.12.0/python_files/lib/jedilsp/jedi_language_server/server.py", line 466, in highlight
    names = jedi_script.get_references(*jedi_lines, scope="file")
  File "/usr/local/lib/code-server-4.103.2/lib/vscode/extensions/ms-python.python-2025.12.0/python_files/lib/jedilsp/jedi/api/helpers.py", line 487, in wrapper
    return func(self, line, column, *args, **kwargs)
  File "/usr/local/lib/code-server-4.103.2/lib/vscode/extensions/ms-python.python-2025.12.0/python_files/lib/jedilsp/jedi/api/__init__.py", line 429, in get_references
    return _references(**kwargs)
  File "/usr/local/lib/code-server-4.103.2/lib/vscode/extensions/ms-python.python-2025.12.0/python_files/lib/jedilsp/jedi/api/__init__.py", line 423, in _references
    names = find_references(self._get_module_context(), tree_name, scope == 'file')
  File "/usr/local/lib/code-server-4.103.2/lib/vscode/extensions/ms-python.python-2025.12.0/python_files/lib/jedilsp/jedi/inference/references.py", line 122, in find_references
    found_names = _find_defining_names(module_context, tree_name)
  File "/usr/local/lib/code-server-4.103.2/lib/vscode/extensions/ms-python.python-2025.12.0/python_files/lib/jedilsp/jedi/inference/references.py", line 53, in _find_defining_names
    found_names = _find_names(module_context, tree_name)
  File "/usr/local/lib/code-server-4.103.2/lib/vscode/extensions/ms-python.python-2025.12.0/python_files/lib/jedilsp/jedi/inference/references.py", line 74, in _find_names
    found_names = set(name.goto())
  File "/usr/local/lib/code-server-4.103.2/lib/vscode/extensions/ms-python.python-2025.12.0/python_files/lib/jedilsp/jedi/inference/names.py", line 157, in goto
    module_names = goto_import(context, name)
  File "/usr/local/lib/code-server-4.103.2/lib/vscode/extensions/ms-python.python-2025.12.0/python_files/lib/jedilsp/jedi/inference/cache.py", line 44, in wrapper
    rv = function(obj, *args, **kwargs)
  File "/usr/local/lib/code-server-4.103.2/lib/vscode/extensions/ms-python.python-2025.12.0/python_files/lib/jedilsp/jedi/inference/imports.py", line 75, in goto_import
    _prepare_infer_import(module_context, tree_name)
  File "/usr/local/lib/code-server-4.103.2/lib/vscode/extensions/ms-python.python-2025.12.0/python_files/lib/jedilsp/jedi/inference/imports.py", line 116, in _prepare_infer_import
    return from_import_name, tuple(import_path), import_node.level, importer.follow()
  File "/usr/local/lib/code-server-4.103.2/lib/vscode/extensions/ms-python.python-2025.12.0/python_files/lib/jedilsp/jedi/inference/imports.py", line 296, in follow
    return import_module_by_names(
  File "/usr/local/lib/code-server-4.103.2/lib/vscode/extensions/ms-python.python-2025.12.0/python_files/lib/jedilsp/jedi/inference/imports.py", line 376, in import_module_by_names
    value_set = ValueSet.from_sets([
  File "/usr/local/lib/code-server-4.103.2/lib/vscode/extensions/ms-python.python-2025.12.0/python_files/lib/jedilsp/jedi/inference/imports.py", line 377, in <listcomp>
    import_module(
  File "/usr/local/lib/code-server-4.103.2/lib/vscode/extensions/ms-python.python-2025.12.0/python_files/lib/jedilsp/jedi/plugins/__init__.py", line 21, in wrapper
    return built_functions[public_name](*args, **kwargs)
  File "/usr/local/lib/code-server-4.103.2/lib/vscode/extensions/ms-python.python-2025.12.0/python_files/lib/jedilsp/jedi/plugins/flask.py", line 20, in wrapper
    return callback(inference_state, import_names, module_context, *args, **kwargs)
  File "/usr/local/lib/code-server-4.103.2/lib/vscode/extensions/ms-python.python-2025.12.0/python_files/lib/jedilsp/jedi/inference/gradual/typeshed.py", line 115, in wrapper
    python_value_set = ValueSet.from_sets(
  File "/usr/local/lib/code-server-4.103.2/lib/vscode/extensions/ms-python.python-2025.12.0/python_files/lib/jedilsp/jedi/inference/base_value.py", line 430, in from_sets
    for set_ in sets:
  File "/usr/local/lib/code-server-4.103.2/lib/vscode/extensions/ms-python.python-2025.12.0/python_files/lib/jedilsp/jedi/inference/gradual/typeshed.py", line 116, in <genexpr>
    func(inference_state, import_names, p, sys_path,)
  File "/usr/local/lib/code-server-4.103.2/lib/vscode/extensions/ms-python.python-2025.12.0/python_files/lib/jedilsp/jedi/inference/imports.py", line 411, in import_module
    file_io_or_ns, is_pkg = inference_state.compiled_subprocess.get_module_info(
  File "/usr/local/lib/code-server-4.103.2/lib/vscode/extensions/ms-python.python-2025.12.0/python_files/lib/jedilsp/jedi/inference/compiled/subprocess/__init__.py", line 188, in wrapper
    result = self._compiled_subprocess.run(
  File "/usr/local/lib/code-server-4.103.2/lib/vscode/extensions/ms-python.python-2025.12.0/python_files/lib/jedilsp/jedi/inference/compiled/subprocess/__init__.py", line 293, in run
    self._send(delete_id, None)
  File "/usr/local/lib/code-server-4.103.2/lib/vscode/extensions/ms-python.python-2025.12.0/python_files/lib/jedilsp/jedi/inference/compiled/subprocess/__init__.py", line 318, in _send
    is_exception, traceback, result = pickle_load(self._get_process().stdout)
  File "/usr/local/lib/code-server-4.103.2/lib/vscode/extensions/ms-python.python-2025.12.0/python_files/lib/jedilsp/jedi/_compatibility.py", line 25, in pickle_load
    return Unpickler(file).load()
_pickle.UnpicklingError: invalid load key, ' '.

2026-07-25 18:42:32.254 [info] [Error - 6:42:32 PM] Request textDocument/documentHighlight failed.
2026-07-25 18:42:32.267 [info]   Message: _pickle.UnpicklingError: invalid load key, ' '.
  Code: -32603 
[object Object]
2026-07-25 18:43:01.752 [info] ERROR:pygls.protocol.json_rpc:Failed to handle request 172 textDocument/documentHighlight DocumentHighlightParams(text_document=TextDocumentIdentifier(uri='file:///voc/work/Knowledge_Hands_on/src/pipeline/pipeline.py'), position=22:38, work_done_token=None, partial_result_token=None)
Traceback (most recent call last):
  File "/usr/local/lib/code-server-4.103.2/lib/vscode/extensions/ms-python.python-2025.12.0/python_files/lib/jedilsp/pygls/protocol/json_rpc.py", line 266, in _handle_request
    self._execute_request(msg_id, handler, params)
  File "/usr/local/lib/code-server-4.103.2/lib/vscode/extensions/ms-python.python-2025.12.0/python_files/lib/jedilsp/pygls/protocol/json_rpc.py", line 188, in _execute_request
    self._send_response(msg_id, handler(params))
  File "/usr/local/lib/code-server-4.103.2/lib/vscode/extensions/ms-python.python-2025.12.0/python_files/lib/jedilsp/jedi_language_server/server.py", line 466, in highlight
    names = jedi_script.get_references(*jedi_lines, scope="file")
  File "/usr/local/lib/code-server-4.103.2/lib/vscode/extensions/ms-python.python-2025.12.0/python_files/lib/jedilsp/jedi/api/helpers.py", line 487, in wrapper
    return func(self, line, column, *args, **kwargs)
  File "/usr/local/lib/code-server-4.103.2/lib/vscode/extensions/ms-python.python-2025.12.0/python_files/lib/jedilsp/jedi/api/__init__.py", line 429, in get_references
    return _references(**kwargs)
  File "/usr/local/lib/code-server-4.103.2/lib/vscode/extensions/ms-python.python-2025.12.0/python_files/lib/jedilsp/jedi/api/__init__.py", line 423, in _references
    names = find_references(self._get_module_context(), tree_name, scope == 'file')
  File "/usr/local/lib/code-server-4.103.2/lib/vscode/extensions/ms-python.python-2025.12.0/python_files/lib/jedilsp/jedi/inference/references.py", line 122, in find_references
    found_names = _find_defining_names(module_context, tree_name)
  File "/usr/local/lib/code-server-4.103.2/lib/vscode/extensions/ms-python.python-2025.12.0/python_files/lib/jedilsp/jedi/inference/references.py", line 53, in _find_defining_names
    found_names = _find_names(module_context, tree_name)
  File "/usr/local/lib/code-server-4.103.2/lib/vscode/extensions/ms-python.python-2025.12.0/python_files/lib/jedilsp/jedi/inference/references.py", line 74, in _find_names
    found_names = set(name.goto())
  File "/usr/local/lib/code-server-4.103.2/lib/vscode/extensions/ms-python.python-2025.12.0/python_files/lib/jedilsp/jedi/inference/names.py", line 157, in goto
    module_names = goto_import(context, name)
  File "/usr/local/lib/code-server-4.103.2/lib/vscode/extensions/ms-python.python-2025.12.0/python_files/lib/jedilsp/jedi/inference/cache.py", line 44, in wrapper
    rv = function(obj, *args, **kwargs)
  File "/usr/local/lib/code-server-4.103.2/lib/vscode/extensions/ms-python.python-2025.12.0/python_files/lib/jedilsp/jedi/inference/imports.py", line 75, in goto_import
    _prepare_infer_import(module_context, tree_name)
  File "/usr/local/lib/code-server-4.103.2/lib/vscode/extensions/ms-python.python-2025.12.0/python_files/lib/jedilsp/jedi/inference/imports.py", line 116, in _prepare_infer_import
    return from_import_name, tuple(import_path), import_node.level, importer.follow()
  File "/usr/local/lib/code-server-4.103.2/lib/vscode/extensions/ms-python.python-2025.12.0/python_files/lib/jedilsp/jedi/inference/imports.py", line 296, in follow
    return import_module_by_names(
  File "/usr/local/lib/code-server-4.103.2/lib/vscode/extensions/ms-python.python-2025.12.0/python_files/lib/jedilsp/jedi/inference/imports.py", line 376, in import_module_by_names
    value_set = ValueSet.from_sets([
  File "/usr/local/lib/code-server-4.103.2/lib/vscode/extensions/ms-python.python-2025.12.0/python_files/lib/jedilsp/jedi/inference/imports.py", line 377, in <listcomp>
    import_module(
  File "/usr/local/lib/code-server-4.103.2/lib/vscode/extensions/ms-python.python-2025.12.0/python_files/lib/jedilsp/jedi/plugins/__init__.py", line 21, in wrapper
    return built_functions[public_name](*args, **kwargs)
  File "/usr/local/lib/code-server-4.103.2/lib/vscode/extensions/ms-python.python-2025.12.0/python_files/lib/jedilsp/jedi/plugins/flask.py", line 20, in wrapper
    return callback(inference_state, import_names, module_context, *args, **kwargs)
  File "/usr/local/lib/code-server-4.103.2/lib/vscode/extensions/ms-python.python-2025.12.0/python_files/lib/jedilsp/jedi/inference/gradual/typeshed.py", line 115, in wrapper
    python_value_set = ValueSet.from_sets(
  File "/usr/local/lib/code-server-4.103.2/lib/vscode/extensions/ms-python.python-2025.12.0/python_files/lib/jedilsp/jedi/inference/base_value.py", line 430, in from_sets
    for set_ in sets:
  File "/usr/local/lib/code-server-4.103.2/lib/vscode/extensions/ms-python.python-2025.12.0/python_files/lib/jedilsp/jedi/inference/gradual/typeshed.py", line 116, in <genexpr>
    func(inference_state, import_names, p, sys_path,)
  File "/usr/local/lib/code-server-4.103.2/lib/vscode/extensions/ms-python.python-2025.12.0/python_files/lib/jedilsp/jedi/inference/imports.py", line 411, in import_module
    file_io_or_ns, is_pkg = inference_state.compiled_subprocess.get_module_info(
  File "/usr/local/lib/code-server-4.103.2/lib/vscode/extensions/ms-python.python-2025.12.0/python_files/lib/jedilsp/jedi/inference/compiled/subprocess/__init__.py", line 188, in wrapper
    result = self._compiled_subprocess.run(
  File "/usr/local/lib/code-server-4.103.2/lib/vscode/extensions/ms-python.python-2025.12.0/python_files/lib/jedilsp/jedi/inference/compiled/subprocess/__init__.py", line 293, in run
    self._send(delete_id, None)
  File "/usr/local/lib/code-server-4.103.2/lib/vscode/extensions/ms-python.python-2025.12.0/python_files/lib/jedilsp/jedi/inference/compiled/subprocess/__init__.py", line 318, in _send
    is_exception, traceback, result = pickle_load(self._get_process().stdout)
  File "/usr/local/lib/code-server-4.103.2/lib/vscode/extensions/ms-python.python-2025.12.0/python_files/lib/jedilsp/jedi/_compatibility.py", line 25, in pickle_load
    return Unpickler(file).load()
_pickle.UnpicklingError: invalid load key, ' '.

2026-07-25 18:43:01.752 [info] [Error - 6:43:01 PM] Request textDocument/documentHighlight failed.
2026-07-25 18:43:01.761 [info]   Message: _pickle.UnpicklingError: invalid load key, ' '.
  Code: -32603 
[object Object]
2026-07-25 18:43:03.684 [info] semantic_tokens_range file:///voc/work/Knowledge_Hands_on/src/pipeline/pipeline.py 0:0-58:12
2026-07-25 18:43:03.690 [info] ERROR:pygls.protocol.json_rpc:Exception occurred for message "173": _pickle.UnpicklingError: invalid load key, ' '.
NoneType: None

2026-07-25 18:43:03.692 [info] [Error - 6:43:03 PM] Request textDocument/semanticTokens/range failed.
2026-07-25 18:43:03.692 [info]   Message: _pickle.UnpicklingError: invalid load key, ' '.
  Code: -32603 
[object Object]
2026-07-25 18:43:05.711 [info] ERROR:pygls.protocol.json_rpc:Failed to handle request 174 textDocument/documentHighlight DocumentHighlightParams(text_document=TextDocumentIdentifier(uri='file:///voc/work/Knowledge_Hands_on/src/pipeline/pipeline.py'), position=22:38, work_done_token=None, partial_result_token=None)
Traceback (most recent call last):
  File "/usr/local/lib/code-server-4.103.2/lib/vscode/extensions/ms-python.python-2025.12.0/python_files/lib/jedilsp/pygls/protocol/json_rpc.py", line 266, in _handle_request
    self._execute_request(msg_id, handler, params)
  File "/usr/local/lib/code-server-4.103.2/lib/vscode/extensions/ms-python.python-2025.12.0/python_files/lib/jedilsp/pygls/protocol/json_rpc.py", line 188, in _execute_request
    self._send_response(msg_id, handler(params))
  File "/usr/local/lib/code-server-4.103.2/lib/vscode/extensions/ms-python.python-2025.12.0/python_files/lib/jedilsp/jedi_language_server/server.py", line 466, in highlight
    names = jedi_script.get_references(*jedi_lines, scope="file")
  File "/usr/local/lib/code-server-4.103.2/lib/vscode/extensions/ms-python.python-2025.12.0/python_files/lib/jedilsp/jedi/api/helpers.py", line 487, in wrapper
    return func(self, line, column, *args, **kwargs)
  File "/usr/local/lib/code-server-4.103.2/lib/vscode/extensions/ms-python.python-2025.12.0/python_files/lib/jedilsp/jedi/api/__init__.py", line 429, in get_references
    return _references(**kwargs)
  File "/usr/local/lib/code-server-4.103.2/lib/vscode/extensions/ms-python.python-2025.12.0/python_files/lib/jedilsp/jedi/api/__init__.py", line 423, in _references
    names = find_references(self._get_module_context(), tree_name, scope == 'file')
  File "/usr/local/lib/code-server-4.103.2/lib/vscode/extensions/ms-python.python-2025.12.0/python_files/lib/jedilsp/jedi/inference/references.py", line 122, in find_references
    found_names = _find_defining_names(module_context, tree_name)
  File "/usr/local/lib/code-server-4.103.2/lib/vscode/extensions/ms-python.python-2025.12.0/python_files/lib/jedilsp/jedi/inference/references.py", line 53, in _find_defining_names
    found_names = _find_names(module_context, tree_name)
  File "/usr/local/lib/code-server-4.103.2/lib/vscode/extensions/ms-python.python-2025.12.0/python_files/lib/jedilsp/jedi/inference/references.py", line 74, in _find_names
    found_names = set(name.goto())
  File "/usr/local/lib/code-server-4.103.2/lib/vscode/extensions/ms-python.python-2025.12.0/python_files/lib/jedilsp/jedi/inference/names.py", line 157, in goto
    module_names = goto_import(context, name)
  File "/usr/local/lib/code-server-4.103.2/lib/vscode/extensions/ms-python.python-2025.12.0/python_files/lib/jedilsp/jedi/inference/cache.py", line 44, in wrapper
    rv = function(obj, *args, **kwargs)
  File "/usr/local/lib/code-server-4.103.2/lib/vscode/extensions/ms-python.python-2025.12.0/python_files/lib/jedilsp/jedi/inference/imports.py", line 75, in goto_import
    _prepare_infer_import(module_context, tree_name)
  File "/usr/local/lib/code-server-4.103.2/lib/vscode/extensions/ms-python.python-2025.12.0/python_files/lib/jedilsp/jedi/inference/imports.py", line 116, in _prepare_infer_import
    return from_import_name, tuple(import_path), import_node.level, importer.follow()
  File "/usr/local/lib/code-server-4.103.2/lib/vscode/extensions/ms-python.python-2025.12.0/python_files/lib/jedilsp/jedi/inference/imports.py", line 296, in follow
    return import_module_by_names(
  File "/usr/local/lib/code-server-4.103.2/lib/vscode/extensions/ms-python.python-2025.12.0/python_files/lib/jedilsp/jedi/inference/imports.py", line 376, in import_module_by_names
    value_set = ValueSet.from_sets([
  File "/usr/local/lib/code-server-4.103.2/lib/vscode/extensions/ms-python.python-2025.12.0/python_files/lib/jedilsp/jedi/inference/imports.py", line 377, in <listcomp>
    import_module(
  File "/usr/local/lib/code-server-4.103.2/lib/vscode/extensions/ms-python.python-2025.12.0/python_files/lib/jedilsp/jedi/plugins/__init__.py", line 21, in wrapper
    return built_functions[public_name](*args, **kwargs)
  File "/usr/local/lib/code-server-4.103.2/lib/vscode/extensions/ms-python.python-2025.12.0/python_files/lib/jedilsp/jedi/plugins/flask.py", line 20, in wrapper
    return callback(inference_state, import_names, module_context, *args, **kwargs)
  File "/usr/local/lib/code-server-4.103.2/lib/vscode/extensions/ms-python.python-2025.12.0/python_files/lib/jedilsp/jedi/inference/gradual/typeshed.py", line 115, in wrapper
    python_value_set = ValueSet.from_sets(
  File "/usr/local/lib/code-server-4.103.2/lib/vscode/extensions/ms-python.python-2025.12.0/python_files/lib/jedilsp/jedi/inference/base_value.py", line 430, in from_sets
    for set_ in sets:
  File "/usr/local/lib/code-server-4.103.2/lib/vscode/extensions/ms-python.python-2025.12.0/python_files/lib/jedilsp/jedi/inference/gradual/typeshed.py", line 116, in <genexpr>
    func(inference_state, import_names, p, sys_path,)
  File "/usr/local/lib/code-server-4.103.2/lib/vscode/extensions/ms-python.python-2025.12.0/python_files/lib/jedilsp/jedi/inference/imports.py", line 411, in import_module
    file_io_or_ns, is_pkg = inference_state.compiled_subprocess.get_module_info(
  File "/usr/local/lib/code-server-4.103.2/lib/vscode/extensions/ms-python.python-2025.12.0/python_files/lib/jedilsp/jedi/inference/compiled/subprocess/__init__.py", line 188, in wrapper
    result = self._compiled_subprocess.run(
  File "/usr/local/lib/code-server-4.103.2/lib/vscode/extensions/ms-python.python-2025.12.0/python_files/lib/jedilsp/jedi/inference/compiled/subprocess/__init__.py", line 293, in run
    self._send(delete_id, None)
  File "/usr/local/lib/code-server-4.103.2/lib/vscode/extensions/ms-python.python-2025.12.0/python_files/lib/jedilsp/jedi/inference/compiled/subprocess/__init__.py", line 318, in _send
    is_exception, traceback, result = pickle_load(self._get_process().stdout)
  File "/usr/local/lib/code-server-4.103.2/lib/vscode/extensions/ms-python.python-2025.12.0/python_files/lib/jedilsp/jedi/_compatibility.py", line 25, in pickle_load
    return Unpickler(file).load()
_pickle.UnpicklingError: invalid load key, ' '.

2026-07-25 18:43:05.712 [info] [Error - 6:43:05 PM] Request textDocument/documentHighlight failed.
2026-07-25 18:43:05.719 [info]   Message: _pickle.UnpicklingError: invalid load key, ' '.
  Code: -32603 
[object Object]
2026-07-25 18:43:07.320 [info] ERROR:pygls.protocol.json_rpc:Failed to handle request 176 textDocument/hover HoverParams(text_document=TextDocumentIdentifier(uri='file:///voc/work/Knowledge_Hands_on/src/pipeline/pipeline.py'), position=38:14, work_done_token=None)
Traceback (most recent call last):
  File "/usr/local/lib/code-server-4.103.2/lib/vscode/extensions/ms-python.python-2025.12.0/python_files/lib/jedilsp/pygls/protocol/json_rpc.py", line 266, in _handle_request
    self._execute_request(msg_id, handler, params)
  File "/usr/local/lib/code-server-4.103.2/lib/vscode/extensions/ms-python.python-2025.12.0/python_files/lib/jedilsp/pygls/protocol/json_rpc.py", line 188, in _execute_request
    self._send_response(msg_id, handler(params))
  File "/usr/local/lib/code-server-4.103.2/lib/vscode/extensions/ms-python.python-2025.12.0/python_files/lib/jedilsp/jedi_language_server/notebook_utils.py", line 373, in wrapped
    result = f(notebook_server, notebook_params)
  File "/usr/local/lib/code-server-4.103.2/lib/vscode/extensions/ms-python.python-2025.12.0/python_files/lib/jedilsp/jedi_language_server/server.py", line 487, in hover
    jedi_script.help(*jedi_lines),
  File "/usr/local/lib/code-server-4.103.2/lib/vscode/extensions/ms-python.python-2025.12.0/python_files/lib/jedilsp/jedi/api/helpers.py", line 487, in wrapper
    return func(self, line, column, *args, **kwargs)
  File "/usr/local/lib/code-server-4.103.2/lib/vscode/extensions/ms-python.python-2025.12.0/python_files/lib/jedilsp/jedi/api/__init__.py", line 372, in help
    definitions = self.goto(line, column, follow_imports=True)
  File "/usr/local/lib/code-server-4.103.2/lib/vscode/extensions/ms-python.python-2025.12.0/python_files/lib/jedilsp/jedi/api/helpers.py", line 487, in wrapper
    return func(self, line, column, *args, **kwargs)
  File "/usr/local/lib/code-server-4.103.2/lib/vscode/extensions/ms-python.python-2025.12.0/python_files/lib/jedilsp/jedi/api/__init__.py", line 300, in goto
    names = list(name.goto())
  File "/usr/local/lib/code-server-4.103.2/lib/vscode/extensions/ms-python.python-2025.12.0/python_files/lib/jedilsp/jedi/inference/names.py", line 157, in goto
    module_names = goto_import(context, name)
  File "/usr/local/lib/code-server-4.103.2/lib/vscode/extensions/ms-python.python-2025.12.0/python_files/lib/jedilsp/jedi/inference/cache.py", line 44, in wrapper
    rv = function(obj, *args, **kwargs)
  File "/usr/local/lib/code-server-4.103.2/lib/vscode/extensions/ms-python.python-2025.12.0/python_files/lib/jedilsp/jedi/inference/imports.py", line 75, in goto_import
    _prepare_infer_import(module_context, tree_name)
  File "/usr/local/lib/code-server-4.103.2/lib/vscode/extensions/ms-python.python-2025.12.0/python_files/lib/jedilsp/jedi/inference/imports.py", line 116, in _prepare_infer_import
    return from_import_name, tuple(import_path), import_node.level, importer.follow()
  File "/usr/local/lib/code-server-4.103.2/lib/vscode/extensions/ms-python.python-2025.12.0/python_files/lib/jedilsp/jedi/inference/imports.py", line 296, in follow
    return import_module_by_names(
  File "/usr/local/lib/code-server-4.103.2/lib/vscode/extensions/ms-python.python-2025.12.0/python_files/lib/jedilsp/jedi/inference/imports.py", line 376, in import_module_by_names
    value_set = ValueSet.from_sets([
  File "/usr/local/lib/code-server-4.103.2/lib/vscode/extensions/ms-python.python-2025.12.0/python_files/lib/jedilsp/jedi/inference/imports.py", line 377, in <listcomp>
    import_module(
  File "/usr/local/lib/code-server-4.103.2/lib/vscode/extensions/ms-python.python-2025.12.0/python_files/lib/jedilsp/jedi/plugins/__init__.py", line 21, in wrapper
    return built_functions[public_name](*args, **kwargs)
  File "/usr/local/lib/code-server-4.103.2/lib/vscode/extensions/ms-python.python-2025.12.0/python_files/lib/jedilsp/jedi/plugins/flask.py", line 20, in wrapper
    return callback(inference_state, import_names, module_context, *args, **kwargs)
  File "/usr/local/lib/code-server-4.103.2/lib/vscode/extensions/ms-python.python-2025.12.0/python_files/lib/jedilsp/jedi/inference/gradual/typeshed.py", line 115, in wrapper
    python_value_set = ValueSet.from_sets(
  File "/usr/local/lib/code-server-4.103.2/lib/vscode/extensions/ms-python.python-2025.12.0/python_files/lib/jedilsp/jedi/inference/base_value.py", line 430, in from_sets
    for set_ in sets:
  File "/usr/local/lib/code-server-4.103.2/lib/vscode/extensions/ms-python.python-2025.12.0/python_files/lib/jedilsp/jedi/inference/gradual/typeshed.py", line 116, in <genexpr>
    func(inference_state, import_names, p, sys_path,)
  File "/usr/local/lib/code-server-4.103.2/lib/vscode/extensions/ms-python.python-2025.12.0/python_files/lib/jedilsp/jedi/inference/imports.py", line 411, in import_module
    file_io_or_ns, is_pkg = inference_state.compiled_subprocess.get_module_info(
  File "/usr/local/lib/code-server-4.103.2/lib/vscode/extensions/ms-python.python-2025.12.0/python_files/lib/jedilsp/jedi/inference/compiled/subprocess/__init__.py", line 188, in wrapper
    result = self._compiled_subprocess.run(
  File "/usr/local/lib/code-server-4.103.2/lib/vscode/extensions/ms-python.python-2025.12.0/python_files/lib/jedilsp/jedi/inference/compiled/subprocess/__init__.py", line 293, in run
    self._send(delete_id, None)
  File "/usr/local/lib/code-server-4.103.2/lib/vscode/extensions/ms-python.python-2025.12.0/python_files/lib/jedilsp/jedi/inference/compiled/subprocess/__init__.py", line 318, in _send
    is_exception, traceback, result = pickle_load(self._get_process().stdout)
  File "/usr/local/lib/code-server-4.103.2/lib/vscode/extensions/ms-python.python-2025.12.0/python_files/lib/jedilsp/jedi/_compatibility.py", line 25, in pickle_load
    return Unpickler(file).load()
_pickle.UnpicklingError: invalid load key, ' '.

2026-07-25 18:43:07.320 [info] [Error - 6:43:07 PM] Request textDocument/hover failed.
2026-07-25 18:43:07.328 [info]   Message: _pickle.UnpicklingError: invalid load key, ' '.
  Code: -32603 
[object Object]
2026-07-25 18:43:07.361 [info] semantic_tokens_range file:///voc/work/Knowledge_Hands_on/src/pipeline/pipeline.py 8:0-69:79
2026-07-25 18:43:07.368 [info] ERROR:pygls.protocol.json_rpc:Exception occurred for message "177": _pickle.UnpicklingError: invalid load key, ' '.
NoneType: None

2026-07-25 18:43:07.369 [info] [Error - 6:43:07 PM] Request textDocument/semanticTokens/range failed.
2026-07-25 18:43:07.369 [info]   Message: _pickle.UnpicklingError: invalid load key, ' '.
  Code: -32603 
[object Object]
2026-07-25 18:43:07.927 [info] semantic_tokens_range file:///voc/work/Knowledge_Hands_on/src/pipeline/pipeline.py 16:0-77:59
2026-07-25 18:43:07.933 [info] ERROR:pygls.protocol.json_rpc:Exception occurred for message "178": _pickle.UnpicklingError: invalid load key, ' '.
NoneType: None

2026-07-25 18:43:07.935 [info] [Error - 6:43:07 PM] Request textDocument/semanticTokens/range failed.
2026-07-25 18:43:07.935 [info]   Message: _pickle.UnpicklingError: invalid load key, ' '.
  Code: -32603 
[object Object]
2026-07-25 18:43:08.440 [info] semantic_tokens_range file:///voc/work/Knowledge_Hands_on/src/pipeline/pipeline.py 27:0-87:0
2026-07-25 18:43:08.447 [info] ERROR:pygls.protocol.json_rpc:Exception occurred for message "179": _pickle.UnpicklingError: invalid load key, ' '.
NoneType: None

2026-07-25 18:43:08.449 [info] [Error - 6:43:08 PM] Request textDocument/semanticTokens/range failed.
2026-07-25 18:43:08.449 [info]   Message: _pickle.UnpicklingError: invalid load key, ' '.
  Code: -32603 
[object Object]
2026-07-25 18:43:08.981 [info] semantic_tokens_range file:///voc/work/Knowledge_Hands_on/src/pipeline/pipeline.py 35:0-95:32
2026-07-25 18:43:08.988 [info] ERROR:pygls.protocol.json_rpc:Exception occurred for message "180": _pickle.UnpicklingError: invalid load key, ' '.
NoneType: None

2026-07-25 18:43:08.989 [info] [Error - 6:43:08 PM] Request textDocument/semanticTokens/range failed.
2026-07-25 18:43:08.989 [info]   Message: _pickle.UnpicklingError: invalid load key, ' '.
  Code: -32603 
[object Object]
2026-07-25 18:43:10.159 [info] semantic_tokens_range file:///voc/work/Knowledge_Hands_on/src/pipeline/pipeline.py 40:0-101:36
2026-07-25 18:43:10.165 [info] ERROR:pygls.protocol.json_rpc:Exception occurred for message "181": _pickle.UnpicklingError: invalid load key, ' '.
NoneType: None

2026-07-25 18:43:10.167 [info] [Error - 6:43:10 PM] Request textDocument/semanticTokens/range failed.
2026-07-25 18:43:10.167 [info]   Message: _pickle.UnpicklingError: invalid load key, ' '.
  Code: -32603 
[object Object]
2026-07-25 18:43:11.221 [info] semantic_tokens_range file:///voc/work/Knowledge_Hands_on/src/pipeline/pipeline.py 51:0-111:20
2026-07-25 18:43:11.228 [info] ERROR:pygls.protocol.json_rpc:Exception occurred for message "182": _pickle.UnpicklingError: invalid load key, ' '.
NoneType: None

2026-07-25 18:43:11.228 [info] [Error - 6:43:11 PM] Request textDocument/semanticTokens/range failed.
2026-07-25 18:43:11.228 [info]   Message: _pickle.UnpicklingError: invalid load key, ' '.
  Code: -32603 
[object Object]
2026-07-25 18:43:11.749 [info] semantic_tokens_range file:///voc/work/Knowledge_Hands_on/src/pipeline/pipeline.py 56:0-116:39
2026-07-25 18:43:11.756 [info] ERROR:pygls.protocol.json_rpc:Exception occurred for message "183": _pickle.UnpicklingError: invalid load key, ' '.
NoneType: None

2026-07-25 18:43:11.757 [info] [Error - 6:43:11 PM] Request textDocument/semanticTokens/range failed.
2026-07-25 18:43:11.757 [info]   Message: _pickle.UnpicklingError: invalid load key, ' '.
  Code: -32603 
[object Object]
2026-07-25 18:43:12.302 [info] semantic_tokens_range file:///voc/work/Knowledge_Hands_on/src/pipeline/pipeline.py 61:0-122:27
2026-07-25 18:43:12.309 [info] ERROR:pygls.protocol.json_rpc:Exception occurred for message "184": _pickle.UnpicklingError: invalid load key, ' '.
NoneType: None

2026-07-25 18:43:12.310 [info] [Error - 6:43:12 PM] Request textDocument/semanticTokens/range failed.
2026-07-25 18:43:12.310 [info]   Message: _pickle.UnpicklingError: invalid load key, ' '.
  Code: -32603 
[object Object]
2026-07-25 18:43:13.501 [info] semantic_tokens_range file:///voc/work/Knowledge_Hands_on/src/pipeline/pipeline.py 72:0-132:33
2026-07-25 18:43:13.508 [info] ERROR:pygls.protocol.json_rpc:Exception occurred for message "185": _pickle.UnpicklingError: invalid load key, ' '.
NoneType: None

2026-07-25 18:43:13.509 [info] [Error - 6:43:13 PM] Request textDocument/semanticTokens/range failed.
2026-07-25 18:43:13.509 [info]   Message: _pickle.UnpicklingError: invalid load key, ' '.
  Code: -32603 
[object Object]
2026-07-25 18:43:14.153 [info] semantic_tokens_range file:///voc/work/Knowledge_Hands_on/src/pipeline/pipeline.py 85:0-145:21
2026-07-25 18:43:14.159 [info] ERROR:pygls.protocol.json_rpc:Exception occurred for message "186": _pickle.UnpicklingError: invalid load key, ' '.
NoneType: None

2026-07-25 18:43:14.161 [info] [Error - 6:43:14 PM] Request textDocument/semanticTokens/range failed.
2026-07-25 18:43:14.161 [info]   Message: _pickle.UnpicklingError: invalid load key, ' '.
  Code: -32603 
[object Object]
2026-07-25 18:43:14.751 [info] semantic_tokens_range file:///voc/work/Knowledge_Hands_on/src/pipeline/pipeline.py 95:0-156:36
2026-07-25 18:43:14.757 [info] ERROR:pygls.protocol.json_rpc:Exception occurred for message "187": _pickle.UnpicklingError: invalid load key, ' '.
NoneType: None

2026-07-25 18:43:14.759 [info] [Error - 6:43:14 PM] Request textDocument/semanticTokens/range failed.
2026-07-25 18:43:14.759 [info]   Message: _pickle.UnpicklingError: invalid load key, ' '.
  Code: -32603 
[object Object]
2026-07-25 18:43:15.700 [info] semantic_tokens_range file:///voc/work/Knowledge_Hands_on/src/pipeline/pipeline.py 116:0-177:9
2026-07-25 18:43:15.706 [info] ERROR:pygls.protocol.json_rpc:Exception occurred for message "188": _pickle.UnpicklingError: invalid load key, ' '.
NoneType: None

2026-07-25 18:43:15.707 [info] [Error - 6:43:15 PM] Request textDocument/semanticTokens/range failed.
2026-07-25 18:43:15.707 [info]   Message: _pickle.UnpicklingError: invalid load key, ' '.
  Code: -32603 
[object Object]
2026-07-25 18:43:16.648 [info] semantic_tokens_range file:///voc/work/Knowledge_Hands_on/src/pipeline/pipeline.py 143:0-203:56
2026-07-25 18:43:16.655 [info] ERROR:pygls.protocol.json_rpc:Exception occurred for message "189": _pickle.UnpicklingError: invalid load key, ' '.
NoneType: None

2026-07-25 18:43:16.656 [info] [Error - 6:43:16 PM] Request textDocument/semanticTokens/range failed.
2026-07-25 18:43:16.656 [info]   Message: _pickle.UnpicklingError: invalid load key, ' '.
  Code: -32603 
[object Object]
2026-07-25 18:43:17.443 [info] semantic_tokens_range file:///voc/work/Knowledge_Hands_on/src/pipeline/pipeline.py 158:0-208:0
2026-07-25 18:43:17.449 [info] [Debug - 6:43:17 PM] no matching semantic token for "__name__" of type 'statement' (165:3)
2026-07-25 18:43:17.450 [info] ERROR:pygls.protocol.json_rpc:Exception occurred for message "190": _pickle.UnpicklingError: invalid load key, ' '.
NoneType: None

2026-07-25 18:43:17.451 [info] [Error - 6:43:17 PM] Request textDocument/semanticTokens/range failed.
2026-07-25 18:43:17.451 [info]   Message: _pickle.UnpicklingError: invalid load key, ' '.
  Code: -32603 
[object Object]
2026-07-25 18:43:18.526 [info] semantic_tokens_range file:///voc/work/Knowledge_Hands_on/src/pipeline/pipeline.py 187:0-208:0
2026-07-25 18:43:18.533 [info] ERROR:pygls.protocol.json_rpc:Exception occurred for message "191": _pickle.UnpicklingError: invalid load key, ' '.
NoneType: None

2026-07-25 18:43:18.535 [info] [Error - 6:43:18 PM] Request textDocument/semanticTokens/range failed.
2026-07-25 18:43:18.535 [info]   Message: _pickle.UnpicklingError: invalid load key, ' '.
  Code: -32603 
[object Object]
2026-07-25 18:43:19.025 [info] semantic_tokens_range file:///voc/work/Knowledge_Hands_on/src/pipeline/pipeline.py 164:0-208:0
2026-07-25 18:43:19.031 [info] [Debug - 6:43:19 PM] no matching semantic token for "__name__" of type 'statement' (165:3)
2026-07-25 18:43:19.032 [info] ERROR:pygls.protocol.json_rpc:Exception occurred for message "192": _pickle.UnpicklingError: invalid load key, ' '.
NoneType: None

2026-07-25 18:43:19.032 [info] [Error - 6:43:19 PM] Request textDocument/semanticTokens/range failed.
2026-07-25 18:43:19.032 [info]   Message: _pickle.UnpicklingError: invalid load key, ' '.
  Code: -32603 
[object Object]
2026-07-25 18:43:27.154 [info] ERROR:pygls.protocol.json_rpc:Failed to handle request 193 textDocument/documentHighlight DocumentHighlightParams(text_document=TextDocumentIdentifier(uri='file:///voc/work/Knowledge_Hands_on/src/pipeline/pipeline.py'), position=22:38, work_done_token=None, partial_result_token=None)
Traceback (most recent call last):
  File "/usr/local/lib/code-server-4.103.2/lib/vscode/extensions/ms-python.python-2025.12.0/python_files/lib/jedilsp/pygls/protocol/json_rpc.py", line 266, in _handle_request
    self._execute_request(msg_id, handler, params)
  File "/usr/local/lib/code-server-4.103.2/lib/vscode/extensions/ms-python.python-2025.12.0/python_files/lib/jedilsp/pygls/protocol/json_rpc.py", line 188, in _execute_request
    self._send_response(msg_id, handler(params))
  File "/usr/local/lib/code-server-4.103.2/lib/vscode/extensions/ms-python.python-2025.12.0/python_files/lib/jedilsp/jedi_language_server/server.py", line 466, in highlight
    names = jedi_script.get_references(*jedi_lines, scope="file")
  File "/usr/local/lib/code-server-4.103.2/lib/vscode/extensions/ms-python.python-2025.12.0/python_files/lib/jedilsp/jedi/api/helpers.py", line 487, in wrapper
    return func(self, line, column, *args, **kwargs)
  File "/usr/local/lib/code-server-4.103.2/lib/vscode/extensions/ms-python.python-2025.12.0/python_files/lib/jedilsp/jedi/api/__init__.py", line 429, in get_references
    return _references(**kwargs)
  File "/usr/local/lib/code-server-4.103.2/lib/vscode/extensions/ms-python.python-2025.12.0/python_files/lib/jedilsp/jedi/api/__init__.py", line 423, in _references
    names = find_references(self._get_module_context(), tree_name, scope == 'file')
  File "/usr/local/lib/code-server-4.103.2/lib/vscode/extensions/ms-python.python-2025.12.0/python_files/lib/jedilsp/jedi/inference/references.py", line 122, in find_references
    found_names = _find_defining_names(module_context, tree_name)
  File "/usr/local/lib/code-server-4.103.2/lib/vscode/extensions/ms-python.python-2025.12.0/python_files/lib/jedilsp/jedi/inference/references.py", line 53, in _find_defining_names
    found_names = _find_names(module_context, tree_name)
  File "/usr/local/lib/code-server-4.103.2/lib/vscode/extensions/ms-python.python-2025.12.0/python_files/lib/jedilsp/jedi/inference/references.py", line 74, in _find_names
    found_names = set(name.goto())
  File "/usr/local/lib/code-server-4.103.2/lib/vscode/extensions/ms-python.python-2025.12.0/python_files/lib/jedilsp/jedi/inference/names.py", line 157, in goto
    module_names = goto_import(context, name)
  File "/usr/local/lib/code-server-4.103.2/lib/vscode/extensions/ms-python.python-2025.12.0/python_files/lib/jedilsp/jedi/inference/cache.py", line 44, in wrapper
    rv = function(obj, *args, **kwargs)
  File "/usr/local/lib/code-server-4.103.2/lib/vscode/extensions/ms-python.python-2025.12.0/python_files/lib/jedilsp/jedi/inference/imports.py", line 75, in goto_import
    _prepare_infer_import(module_context, tree_name)
  File "/usr/local/lib/code-server-4.103.2/lib/vscode/extensions/ms-python.python-2025.12.0/python_files/lib/jedilsp/jedi/inference/imports.py", line 116, in _prepare_infer_import
    return from_import_name, tuple(import_path), import_node.level, importer.follow()
  File "/usr/local/lib/code-server-4.103.2/lib/vscode/extensions/ms-python.python-2025.12.0/python_files/lib/jedilsp/jedi/inference/imports.py", line 296, in follow
    return import_module_by_names(
  File "/usr/local/lib/code-server-4.103.2/lib/vscode/extensions/ms-python.python-2025.12.0/python_files/lib/jedilsp/jedi/inference/imports.py", line 376, in import_module_by_names
    value_set = ValueSet.from_sets([
  File "/usr/local/lib/code-server-4.103.2/lib/vscode/extensions/ms-python.python-2025.12.0/python_files/lib/jedilsp/jedi/inference/imports.py", line 377, in <listcomp>
    import_module(
  File "/usr/local/lib/code-server-4.103.2/lib/vscode/extensions/ms-python.python-2025.12.0/python_files/lib/jedilsp/jedi/plugins/__init__.py", line 21, in wrapper
    return built_functions[public_name](*args, **kwargs)
  File "/usr/local/lib/code-server-4.103.2/lib/vscode/extensions/ms-python.python-2025.12.0/python_files/lib/jedilsp/jedi/plugins/flask.py", line 20, in wrapper
    return callback(inference_state, import_names, module_context, *args, **kwargs)
  File "/usr/local/lib/code-server-4.103.2/lib/vscode/extensions/ms-python.python-2025.12.0/python_files/lib/jedilsp/jedi/inference/gradual/typeshed.py", line 115, in wrapper
    python_value_set = ValueSet.from_sets(
  File "/usr/local/lib/code-server-4.103.2/lib/vscode/extensions/ms-python.python-2025.12.0/python_files/lib/jedilsp/jedi/inference/base_value.py", line 430, in from_sets
    for set_ in sets:
  File "/usr/local/lib/code-server-4.103.2/lib/vscode/extensions/ms-python.python-2025.12.0/python_files/lib/jedilsp/jedi/inference/gradual/typeshed.py", line 116, in <genexpr>
    func(inference_state, import_names, p, sys_path,)
  File "/usr/local/lib/code-server-4.103.2/lib/vscode/extensions/ms-python.python-2025.12.0/python_files/lib/jedilsp/jedi/inference/imports.py", line 411, in import_module
    file_io_or_ns, is_pkg = inference_state.compiled_subprocess.get_module_info(
  File "/usr/local/lib/code-server-4.103.2/lib/vscode/extensions/ms-python.python-2025.12.0/python_files/lib/jedilsp/jedi/inference/compiled/subprocess/__init__.py", line 188, in wrapper
    result = self._compiled_subprocess.run(
  File "/usr/local/lib/code-server-4.103.2/lib/vscode/extensions/ms-python.python-2025.12.0/python_files/lib/jedilsp/jedi/inference/compiled/subprocess/__init__.py", line 296, in run
    return self._send(inference_state_id, function, args, kwargs)
  File "/usr/local/lib/code-server-4.103.2/lib/vscode/extensions/ms-python.python-2025.12.0/python_files/lib/jedilsp/jedi/inference/compiled/subprocess/__init__.py", line 318, in _send
    is_exception, traceback, result = pickle_load(self._get_process().stdout)
  File "/usr/local/lib/code-server-4.103.2/lib/vscode/extensions/ms-python.python-2025.12.0/python_files/lib/jedilsp/jedi/_compatibility.py", line 25, in pickle_load
    return Unpickler(file).load()
_pickle.UnpicklingError: invalid load key, ' '.

2026-07-25 18:43:27.155 [info] [Error - 6:43:27 PM] Request textDocument/documentHighlight failed.
2026-07-25 18:43:27.162 [info]   Message: _pickle.UnpicklingError: invalid load key, ' '.
  Code: -32603 
[object Object]
2026-07-25 18:43:28.309 [info] semantic_tokens_range file:///voc/work/Knowledge_Hands_on/src/pipeline/pipeline.py 172:0-208:0
2026-07-25 18:43:28.316 [info] ERROR:pygls.protocol.json_rpc:Exception occurred for message "194": _pickle.UnpicklingError: invalid load key, ' '.
NoneType: None

2026-07-25 18:43:28.317 [info] [Error - 6:43:28 PM] Request textDocument/semanticTokens/range failed.
2026-07-25 18:43:28.317 [info]   Message: _pickle.UnpicklingError: invalid load key, ' '.
  Code: -32603 
[object Object]
2026-07-25 18:43:28.810 [info] semantic_tokens_range file:///voc/work/Knowledge_Hands_on/src/pipeline/pipeline.py 161:0-208:0
2026-07-25 18:43:28.817 [info] [Debug - 6:43:28 PM] no matching semantic token for "__name__" of type 'statement' (165:3)
2026-07-25 18:43:28.818 [info] ERROR:pygls.protocol.json_rpc:Exception occurred for message "195": _pickle.UnpicklingError: invalid load key, ' '.
NoneType: None

2026-07-25 18:43:28.818 [info] [Error - 6:43:28 PM] Request textDocument/semanticTokens/range failed.
2026-07-25 18:43:28.818 [info]   Message: _pickle.UnpicklingError: invalid load key, ' '.
  Code: -32603 
[object Object]
2026-07-25 18:43:29.376 [info] semantic_tokens_range file:///voc/work/Knowledge_Hands_on/src/pipeline/pipeline.py 153:0-208:0
2026-07-25 18:43:29.383 [info] ERROR:pygls.protocol.json_rpc:Exception occurred for message "196": _pickle.UnpicklingError: invalid load key, ' '.
NoneType: None

2026-07-25 18:43:29.384 [info] [Error - 6:43:29 PM] Request textDocument/semanticTokens/range failed.
2026-07-25 18:43:29.384 [info]   Message: _pickle.UnpicklingError: invalid load key, ' '.
  Code: -32603 
[object Object]
2026-07-25 18:43:30.204 [info] semantic_tokens_range file:///voc/work/Knowledge_Hands_on/src/pipeline/pipeline.py 145:0-206:52
2026-07-25 18:43:30.210 [info] ERROR:pygls.protocol.json_rpc:Exception occurred for message "197": _pickle.UnpicklingError: invalid load key, ' '.
NoneType: None

2026-07-25 18:43:30.212 [info] [Error - 6:43:30 PM] Request textDocument/semanticTokens/range failed.
2026-07-25 18:43:30.212 [info]   Message: _pickle.UnpicklingError: invalid load key, ' '.
  Code: -32603 
[object Object]
2026-07-25 18:43:30.742 [info] semantic_tokens_range file:///voc/work/Knowledge_Hands_on/src/pipeline/pipeline.py 137:0-198:87
2026-07-25 18:43:30.749 [info] ERROR:pygls.protocol.json_rpc:Exception occurred for message "198": _pickle.UnpicklingError: invalid load key, ' '.
NoneType: None

2026-07-25 18:43:30.751 [info] [Error - 6:43:30 PM] Request textDocument/semanticTokens/range failed.
2026-07-25 18:43:30.751 [info]   Message: _pickle.UnpicklingError: invalid load key, ' '.
  Code: -32603 
[object Object]
2026-07-25 18:43:32.348 [info] semantic_tokens_range file:///voc/work/Knowledge_Hands_on/src/pipeline/pipeline.py 119:0-180:0
2026-07-25 18:43:32.354 [info] ERROR:pygls.protocol.json_rpc:Exception occurred for message "199": _pickle.UnpicklingError: invalid load key, ' '.
NoneType: None

2026-07-25 18:43:32.355 [info] [Error - 6:43:32 PM] Request textDocument/semanticTokens/range failed.
2026-07-25 18:43:32.355 [info]   Message: _pickle.UnpicklingError: invalid load key, ' '.
  Code: -32603 
[object Object]
2026-07-25 18:43:32.867 [info] semantic_tokens_range file:///voc/work/Knowledge_Hands_on/src/pipeline/pipeline.py 111:0-172:26
2026-07-25 18:43:32.874 [info] ERROR:pygls.protocol.json_rpc:Exception occurred for message "200": _pickle.UnpicklingError: invalid load key, ' '.
NoneType: None

2026-07-25 18:43:32.874 [info] [Error - 6:43:32 PM] Request textDocument/semanticTokens/range failed.
2026-07-25 18:43:32.874 [info]   Message: _pickle.UnpicklingError: invalid load key, ' '.
  Code: -32603 
[object Object]
2026-07-25 18:43:57.048 [info] ERROR:pygls.protocol.json_rpc:Failed to handle request 201 textDocument/documentHighlight DocumentHighlightParams(text_document=TextDocumentIdentifier(uri='file:///voc/work/Knowledge_Hands_on/src/pipeline/pipeline.py'), position=22:38, work_done_token=None, partial_result_token=None)
Traceback (most recent call last):
  File "/usr/local/lib/code-server-4.103.2/lib/vscode/extensions/ms-python.python-2025.12.0/python_files/lib/jedilsp/pygls/protocol/json_rpc.py", line 266, in _handle_request
    self._execute_request(msg_id, handler, params)
  File "/usr/local/lib/code-server-4.103.2/lib/vscode/extensions/ms-python.python-2025.12.0/python_files/lib/jedilsp/pygls/protocol/json_rpc.py", line 188, in _execute_request
    self._send_response(msg_id, handler(params))
  File "/usr/local/lib/code-server-4.103.2/lib/vscode/extensions/ms-python.python-2025.12.0/python_files/lib/jedilsp/jedi_language_server/server.py", line 466, in highlight
    names = jedi_script.get_references(*jedi_lines, scope="file")
  File "/usr/local/lib/code-server-4.103.2/lib/vscode/extensions/ms-python.python-2025.12.0/python_files/lib/jedilsp/jedi/api/helpers.py", line 487, in wrapper
    return func(self, line, column, *args, **kwargs)
  File "/usr/local/lib/code-server-4.103.2/lib/vscode/extensions/ms-python.python-2025.12.0/python_files/lib/jedilsp/jedi/api/__init__.py", line 429, in get_references
    return _references(**kwargs)
  File "/usr/local/lib/code-server-4.103.2/lib/vscode/extensions/ms-python.python-2025.12.0/python_files/lib/jedilsp/jedi/api/__init__.py", line 423, in _references
    names = find_references(self._get_module_context(), tree_name, scope == 'file')
  File "/usr/local/lib/code-server-4.103.2/lib/vscode/extensions/ms-python.python-2025.12.0/python_files/lib/jedilsp/jedi/inference/references.py", line 122, in find_references
    found_names = _find_defining_names(module_context, tree_name)
  File "/usr/local/lib/code-server-4.103.2/lib/vscode/extensions/ms-python.python-2025.12.0/python_files/lib/jedilsp/jedi/inference/references.py", line 53, in _find_defining_names
    found_names = _find_names(module_context, tree_name)
  File "/usr/local/lib/code-server-4.103.2/lib/vscode/extensions/ms-python.python-2025.12.0/python_files/lib/jedilsp/jedi/inference/references.py", line 74, in _find_names
    found_names = set(name.goto())
  File "/usr/local/lib/code-server-4.103.2/lib/vscode/extensions/ms-python.python-2025.12.0/python_files/lib/jedilsp/jedi/inference/names.py", line 157, in goto
    module_names = goto_import(context, name)
  File "/usr/local/lib/code-server-4.103.2/lib/vscode/extensions/ms-python.python-2025.12.0/python_files/lib/jedilsp/jedi/inference/cache.py", line 44, in wrapper
    rv = function(obj, *args, **kwargs)
  File "/usr/local/lib/code-server-4.103.2/lib/vscode/extensions/ms-python.python-2025.12.0/python_files/lib/jedilsp/jedi/inference/imports.py", line 75, in goto_import
    _prepare_infer_import(module_context, tree_name)
  File "/usr/local/lib/code-server-4.103.2/lib/vscode/extensions/ms-python.python-2025.12.0/python_files/lib/jedilsp/jedi/inference/imports.py", line 116, in _prepare_infer_import
    return from_import_name, tuple(import_path), import_node.level, importer.follow()
  File "/usr/local/lib/code-server-4.103.2/lib/vscode/extensions/ms-python.python-2025.12.0/python_files/lib/jedilsp/jedi/inference/imports.py", line 296, in follow
    return import_module_by_names(
  File "/usr/local/lib/code-server-4.103.2/lib/vscode/extensions/ms-python.python-2025.12.0/python_files/lib/jedilsp/jedi/inference/imports.py", line 376, in import_module_by_names
    value_set = ValueSet.from_sets([
  File "/usr/local/lib/code-server-4.103.2/lib/vscode/extensions/ms-python.python-2025.12.0/python_files/lib/jedilsp/jedi/inference/imports.py", line 377, in <listcomp>
    import_module(
  File "/usr/local/lib/code-server-4.103.2/lib/vscode/extensions/ms-python.python-2025.12.0/python_files/lib/jedilsp/jedi/plugins/__init__.py", line 21, in wrapper
    return built_functions[public_name](*args, **kwargs)
  File "/usr/local/lib/code-server-4.103.2/lib/vscode/extensions/ms-python.python-2025.12.0/python_files/lib/jedilsp/jedi/plugins/flask.py", line 20, in wrapper
    return callback(inference_state, import_names, module_context, *args, **kwargs)
  File "/usr/local/lib/code-server-4.103.2/lib/vscode/extensions/ms-python.python-2025.12.0/python_files/lib/jedilsp/jedi/inference/gradual/typeshed.py", line 115, in wrapper
    python_value_set = ValueSet.from_sets(
  File "/usr/local/lib/code-server-4.103.2/lib/vscode/extensions/ms-python.python-2025.12.0/python_files/lib/jedilsp/jedi/inference/base_value.py", line 430, in from_sets
    for set_ in sets:
  File "/usr/local/lib/code-server-4.103.2/lib/vscode/extensions/ms-python.python-2025.12.0/python_files/lib/jedilsp/jedi/inference/gradual/typeshed.py", line 116, in <genexpr>
    func(inference_state, import_names, p, sys_path,)
  File "/usr/local/lib/code-server-4.103.2/lib/vscode/extensions/ms-python.python-2025.12.0/python_files/lib/jedilsp/jedi/inference/imports.py", line 411, in import_module
    file_io_or_ns, is_pkg = inference_state.compiled_subprocess.get_module_info(
  File "/usr/local/lib/code-server-4.103.2/lib/vscode/extensions/ms-python.python-2025.12.0/python_files/lib/jedilsp/jedi/inference/compiled/subprocess/__init__.py", line 188, in wrapper
    result = self._compiled_subprocess.run(
  File "/usr/local/lib/code-server-4.103.2/lib/vscode/extensions/ms-python.python-2025.12.0/python_files/lib/jedilsp/jedi/inference/compiled/subprocess/__init__.py", line 296, in run
    return self._send(inference_state_id, function, args, kwargs)
  File "/usr/local/lib/code-server-4.103.2/lib/vscode/extensions/ms-python.python-2025.12.0/python_files/lib/jedilsp/jedi/inference/compiled/subprocess/__init__.py", line 318, in _send
    is_exception, traceback, result = pickle_load(self._get_process().stdout)
  File "/usr/local/lib/code-server-4.103.2/lib/vscode/extensions/ms-python.python-2025.12.0/python_files/lib/jedilsp/jedi/_compatibility.py", line 25, in pickle_load
    return Unpickler(file).load()
_pickle.UnpicklingError: invalid load key, ' '.

2026-07-25 18:43:57.048 [info] [Error - 6:43:57 PM] Request textDocument/documentHighlight failed.
2026-07-25 18:43:57.056 [info]   Message: _pickle.UnpicklingError: invalid load key, ' '.
  Code: -32603 
[object Object]
2026-07-25 18:43:59.595 [info] semantic_tokens_range file:///voc/work/Knowledge_Hands_on/src/pipeline/pipeline.py 180:0-208:0
2026-07-25 18:43:59.602 [info] ERROR:pygls.protocol.json_rpc:Exception occurred for message "202": _pickle.UnpicklingError: invalid load key, ' '.
NoneType: None

2026-07-25 18:43:59.602 [info] [Error - 6:43:59 PM] Request textDocument/semanticTokens/range failed.
2026-07-25 18:43:59.602 [info]   Message: _pickle.UnpicklingError: invalid load key, ' '.
  Code: -32603 
[object Object]
2026-07-25 18:44:15.194 [info] ERROR:pygls.protocol.json_rpc:Failed to handle request 203 textDocument/documentHighlight DocumentHighlightParams(text_document=TextDocumentIdentifier(uri='file:///voc/work/Knowledge_Hands_on/src/pipeline/pipeline.py'), position=22:38, work_done_token=None, partial_result_token=None)
Traceback (most recent call last):
  File "/usr/local/lib/code-server-4.103.2/lib/vscode/extensions/ms-python.python-2025.12.0/python_files/lib/jedilsp/pygls/protocol/json_rpc.py", line 266, in _handle_request
    self._execute_request(msg_id, handler, params)
  File "/usr/local/lib/code-server-4.103.2/lib/vscode/extensions/ms-python.python-2025.12.0/python_files/lib/jedilsp/pygls/protocol/json_rpc.py", line 188, in _execute_request
    self._send_response(msg_id, handler(params))
  File "/usr/local/lib/code-server-4.103.2/lib/vscode/extensions/ms-python.python-2025.12.0/python_files/lib/jedilsp/jedi_language_server/server.py", line 466, in highlight
    names = jedi_script.get_references(*jedi_lines, scope="file")
  File "/usr/local/lib/code-server-4.103.2/lib/vscode/extensions/ms-python.python-2025.12.0/python_files/lib/jedilsp/jedi/api/helpers.py", line 487, in wrapper
    return func(self, line, column, *args, **kwargs)
  File "/usr/local/lib/code-server-4.103.2/lib/vscode/extensions/ms-python.python-2025.12.0/python_files/lib/jedilsp/jedi/api/__init__.py", line 429, in get_references
    return _references(**kwargs)
  File "/usr/local/lib/code-server-4.103.2/lib/vscode/extensions/ms-python.python-2025.12.0/python_files/lib/jedilsp/jedi/api/__init__.py", line 423, in _references
    names = find_references(self._get_module_context(), tree_name, scope == 'file')
  File "/usr/local/lib/code-server-4.103.2/lib/vscode/extensions/ms-python.python-2025.12.0/python_files/lib/jedilsp/jedi/inference/references.py", line 122, in find_references
    found_names = _find_defining_names(module_context, tree_name)
  File "/usr/local/lib/code-server-4.103.2/lib/vscode/extensions/ms-python.python-2025.12.0/python_files/lib/jedilsp/jedi/inference/references.py", line 53, in _find_defining_names
    found_names = _find_names(module_context, tree_name)
  File "/usr/local/lib/code-server-4.103.2/lib/vscode/extensions/ms-python.python-2025.12.0/python_files/lib/jedilsp/jedi/inference/references.py", line 74, in _find_names
    found_names = set(name.goto())
  File "/usr/local/lib/code-server-4.103.2/lib/vscode/extensions/ms-python.python-2025.12.0/python_files/lib/jedilsp/jedi/inference/names.py", line 157, in goto
    module_names = goto_import(context, name)
  File "/usr/local/lib/code-server-4.103.2/lib/vscode/extensions/ms-python.python-2025.12.0/python_files/lib/jedilsp/jedi/inference/cache.py", line 44, in wrapper
    rv = function(obj, *args, **kwargs)
  File "/usr/local/lib/code-server-4.103.2/lib/vscode/extensions/ms-python.python-2025.12.0/python_files/lib/jedilsp/jedi/inference/imports.py", line 75, in goto_import
    _prepare_infer_import(module_context, tree_name)
  File "/usr/local/lib/code-server-4.103.2/lib/vscode/extensions/ms-python.python-2025.12.0/python_files/lib/jedilsp/jedi/inference/imports.py", line 116, in _prepare_infer_import
    return from_import_name, tuple(import_path), import_node.level, importer.follow()
  File "/usr/local/lib/code-server-4.103.2/lib/vscode/extensions/ms-python.python-2025.12.0/python_files/lib/jedilsp/jedi/inference/imports.py", line 296, in follow
    return import_module_by_names(
  File "/usr/local/lib/code-server-4.103.2/lib/vscode/extensions/ms-python.python-2025.12.0/python_files/lib/jedilsp/jedi/inference/imports.py", line 376, in import_module_by_names
    value_set = ValueSet.from_sets([
  File "/usr/local/lib/code-server-4.103.2/lib/vscode/extensions/ms-python.python-2025.12.0/python_files/lib/jedilsp/jedi/inference/imports.py", line 377, in <listcomp>
    import_module(
  File "/usr/local/lib/code-server-4.103.2/lib/vscode/extensions/ms-python.python-2025.12.0/python_files/lib/jedilsp/jedi/plugins/__init__.py", line 21, in wrapper
    return built_functions[public_name](*args, **kwargs)
  File "/usr/local/lib/code-server-4.103.2/lib/vscode/extensions/ms-python.python-2025.12.0/python_files/lib/jedilsp/jedi/plugins/flask.py", line 20, in wrapper
    return callback(inference_state, import_names, module_context, *args, **kwargs)
  File "/usr/local/lib/code-server-4.103.2/lib/vscode/extensions/ms-python.python-2025.12.0/python_files/lib/jedilsp/jedi/inference/gradual/typeshed.py", line 115, in wrapper
    python_value_set = ValueSet.from_sets(
  File "/usr/local/lib/code-server-4.103.2/lib/vscode/extensions/ms-python.python-2025.12.0/python_files/lib/jedilsp/jedi/inference/base_value.py", line 430, in from_sets
    for set_ in sets:
  File "/usr/local/lib/code-server-4.103.2/lib/vscode/extensions/ms-python.python-2025.12.0/python_files/lib/jedilsp/jedi/inference/gradual/typeshed.py", line 116, in <genexpr>
    func(inference_state, import_names, p, sys_path,)
  File "/usr/local/lib/code-server-4.103.2/lib/vscode/extensions/ms-python.python-2025.12.0/python_files/lib/jedilsp/jedi/inference/imports.py", line 411, in import_module
    file_io_or_ns, is_pkg = inference_state.compiled_subprocess.get_module_info(
  File "/usr/local/lib/code-server-4.103.2/lib/vscode/extensions/ms-python.python-2025.12.0/python_files/lib/jedilsp/jedi/inference/compiled/subprocess/__init__.py", line 188, in wrapper
    result = self._compiled_subprocess.run(
  File "/usr/local/lib/code-server-4.103.2/lib/vscode/extensions/ms-python.python-2025.12.0/python_files/lib/jedilsp/jedi/inference/compiled/subprocess/__init__.py", line 296, in run
    return self._send(inference_state_id, function, args, kwargs)
  File "/usr/local/lib/code-server-4.103.2/lib/vscode/extensions/ms-python.python-2025.12.0/python_files/lib/jedilsp/jedi/inference/compiled/subprocess/__init__.py", line 318, in _send
    is_exception, traceback, result = pickle_load(self._get_process().stdout)
  File "/usr/local/lib/code-server-4.103.2/lib/vscode/extensions/ms-python.python-2025.12.0/python_files/lib/jedilsp/jedi/_compatibility.py", line 25, in pickle_load
    return Unpickler(file).load()
_pickle.UnpicklingError: invalid load key, ' '.

2026-07-25 18:44:15.194 [info] [Error - 6:44:15 PM] Request textDocument/documentHighlight failed.
2026-07-25 18:44:15.202 [info]   Message: _pickle.UnpicklingError: invalid load key, ' '.
  Code: -32603 
[object Object]
2026-07-25 18:44:16.748 [info] semantic_tokens_range file:///voc/work/Knowledge_Hands_on/src/pipeline/pipeline.py 174:0-208:0
2026-07-25 18:44:16.756 [info] ERROR:pygls.protocol.json_rpc:Exception occurred for message "204": _pickle.UnpicklingError: invalid load key, ' '.
NoneType: None

2026-07-25 18:44:16.756 [info] [Error - 6:44:16 PM] Request textDocument/semanticTokens/range failed.
2026-07-25 18:44:16.763 [info]   Message: _pickle.UnpicklingError: invalid load key, ' '.
  Code: -32603 
[object Object]
2026-07-25 18:44:17.294 [info] semantic_tokens_range file:///voc/work/Knowledge_Hands_on/src/pipeline/pipeline.py 169:0-208:0
2026-07-25 18:44:17.302 [info] ERROR:pygls.protocol.json_rpc:Exception occurred for message "205": _pickle.UnpicklingError: invalid load key, ' '.
NoneType: None

2026-07-25 18:44:17.302 [info] [Error - 6:44:17 PM] Request textDocument/semanticTokens/range failed.
2026-07-25 18:44:17.308 [info]   Message: _pickle.UnpicklingError: invalid load key, ' '.
  Code: -32603 
[object Object]
2026-07-25 18:44:17.818 [info] ERROR:pygls.protocol.json_rpc:Failed to handle request 206 textDocument/hover HoverParams(text_document=TextDocumentIdentifier(uri='file:///voc/work/Knowledge_Hands_on/src/pipeline/pipeline.py'), position=203:23, work_done_token=None)
Traceback (most recent call last):
  File "/usr/local/lib/code-server-4.103.2/lib/vscode/extensions/ms-python.python-2025.12.0/python_files/lib/jedilsp/pygls/protocol/json_rpc.py", line 266, in _handle_request
    self._execute_request(msg_id, handler, params)
  File "/usr/local/lib/code-server-4.103.2/lib/vscode/extensions/ms-python.python-2025.12.0/python_files/lib/jedilsp/pygls/protocol/json_rpc.py", line 188, in _execute_request
    self._send_response(msg_id, handler(params))
  File "/usr/local/lib/code-server-4.103.2/lib/vscode/extensions/ms-python.python-2025.12.0/python_files/lib/jedilsp/jedi_language_server/notebook_utils.py", line 373, in wrapped
    result = f(notebook_server, notebook_params)
  File "/usr/local/lib/code-server-4.103.2/lib/vscode/extensions/ms-python.python-2025.12.0/python_files/lib/jedilsp/jedi_language_server/server.py", line 487, in hover
    jedi_script.help(*jedi_lines),
  File "/usr/local/lib/code-server-4.103.2/lib/vscode/extensions/ms-python.python-2025.12.0/python_files/lib/jedilsp/jedi/api/helpers.py", line 487, in wrapper
    return func(self, line, column, *args, **kwargs)
  File "/usr/local/lib/code-server-4.103.2/lib/vscode/extensions/ms-python.python-2025.12.0/python_files/lib/jedilsp/jedi/api/__init__.py", line 372, in help
    definitions = self.goto(line, column, follow_imports=True)
  File "/usr/local/lib/code-server-4.103.2/lib/vscode/extensions/ms-python.python-2025.12.0/python_files/lib/jedilsp/jedi/api/helpers.py", line 487, in wrapper
    return func(self, line, column, *args, **kwargs)
  File "/usr/local/lib/code-server-4.103.2/lib/vscode/extensions/ms-python.python-2025.12.0/python_files/lib/jedilsp/jedi/api/__init__.py", line 300, in goto
    names = list(name.goto())
  File "/usr/local/lib/code-server-4.103.2/lib/vscode/extensions/ms-python.python-2025.12.0/python_files/lib/jedilsp/jedi/inference/names.py", line 157, in goto
    module_names = goto_import(context, name)
  File "/usr/local/lib/code-server-4.103.2/lib/vscode/extensions/ms-python.python-2025.12.0/python_files/lib/jedilsp/jedi/inference/cache.py", line 44, in wrapper
    rv = function(obj, *args, **kwargs)
  File "/usr/local/lib/code-server-4.103.2/lib/vscode/extensions/ms-python.python-2025.12.0/python_files/lib/jedilsp/jedi/inference/imports.py", line 75, in goto_import
    _prepare_infer_import(module_context, tree_name)
  File "/usr/local/lib/code-server-4.103.2/lib/vscode/extensions/ms-python.python-2025.12.0/python_files/lib/jedilsp/jedi/inference/imports.py", line 116, in _prepare_infer_import
    return from_import_name, tuple(import_path), import_node.level, importer.follow()
  File "/usr/local/lib/code-server-4.103.2/lib/vscode/extensions/ms-python.python-2025.12.0/python_files/lib/jedilsp/jedi/inference/imports.py", line 296, in follow
    return import_module_by_names(
  File "/usr/local/lib/code-server-4.103.2/lib/vscode/extensions/ms-python.python-2025.12.0/python_files/lib/jedilsp/jedi/inference/imports.py", line 376, in import_module_by_names
    value_set = ValueSet.from_sets([
  File "/usr/local/lib/code-server-4.103.2/lib/vscode/extensions/ms-python.python-2025.12.0/python_files/lib/jedilsp/jedi/inference/imports.py", line 377, in <listcomp>
    import_module(
  File "/usr/local/lib/code-server-4.103.2/lib/vscode/extensions/ms-python.python-2025.12.0/python_files/lib/jedilsp/jedi/plugins/__init__.py", line 21, in wrapper
    return built_functions[public_name](*args, **kwargs)
  File "/usr/local/lib/code-server-4.103.2/lib/vscode/extensions/ms-python.python-2025.12.0/python_files/lib/jedilsp/jedi/plugins/flask.py", line 20, in wrapper
    return callback(inference_state, import_names, module_context, *args, **kwargs)
  File "/usr/local/lib/code-server-4.103.2/lib/vscode/extensions/ms-python.python-2025.12.0/python_files/lib/jedilsp/jedi/inference/gradual/typeshed.py", line 115, in wrapper
    python_value_set = ValueSet.from_sets(
  File "/usr/local/lib/code-server-4.103.2/lib/vscode/extensions/ms-python.python-2025.12.0/python_files/lib/jedilsp/jedi/inference/base_value.py", line 430, in from_sets
    for set_ in sets:
  File "/usr/local/lib/code-server-4.103.2/lib/vscode/extensions/ms-python.python-2025.12.0/python_files/lib/jedilsp/jedi/inference/gradual/typeshed.py", line 116, in <genexpr>
    func(inference_state, import_names, p, sys_path,)
  File "/usr/local/lib/code-server-4.103.2/lib/vscode/extensions/ms-python.python-2025.12.0/python_files/lib/jedilsp/jedi/inference/imports.py", line 411, in import_module
    file_io_or_ns, is_pkg = inference_state.compiled_subprocess.get_module_info(
  File "/usr/local/lib/code-server-4.103.2/lib/vscode/extensions/ms-python.python-2025.12.0/python_files/lib/jedilsp/jedi/inference/compiled/subprocess/__init__.py", line 188, in wrapper
    result = self._compiled_subprocess.run(
  File "/usr/local/lib/code-server-4.103.2/lib/vscode/extensions/ms-python.python-2025.12.0/python_files/lib/jedilsp/jedi/inference/compiled/subprocess/__init__.py", line 296, in run
    return self._send(inference_state_id, function, args, kwargs)
  File "/usr/local/lib/code-server-4.103.2/lib/vscode/extensions/ms-python.python-2025.12.0/python_files/lib/jedilsp/jedi/inference/compiled/subprocess/__init__.py", line 318, in _send
    is_exception, traceback, result = pickle_load(self._get_process().stdout)
  File "/usr/local/lib/code-server-4.103.2/lib/vscode/extensions/ms-python.python-2025.12.0/python_files/lib/jedilsp/jedi/_compatibility.py", line 25, in pickle_load
    return Unpickler(file).load()
_pickle.UnpicklingError: invalid load key, ' '.

2026-07-25 18:44:17.819 [info] [Error - 6:44:17 PM] Request textDocument/hover failed.
2026-07-25 18:44:17.825 [info]   Message: _pickle.UnpicklingError: invalid load key, ' '.
  Code: -32603 
[object Object]
2026-07-25 18:44:18.630 [info] ERROR:pygls.protocol.json_rpc:Failed to handle request 207 textDocument/hover HoverParams(text_document=TextDocumentIdentifier(uri='file:///voc/work/Knowledge_Hands_on/src/pipeline/pipeline.py'), position=203:23, work_done_token=None)
Traceback (most recent call last):
  File "/usr/local/lib/code-server-4.103.2/lib/vscode/extensions/ms-python.python-2025.12.0/python_files/lib/jedilsp/pygls/protocol/json_rpc.py", line 266, in _handle_request
    self._execute_request(msg_id, handler, params)
  File "/usr/local/lib/code-server-4.103.2/lib/vscode/extensions/ms-python.python-2025.12.0/python_files/lib/jedilsp/pygls/protocol/json_rpc.py", line 188, in _execute_request
    self._send_response(msg_id, handler(params))
  File "/usr/local/lib/code-server-4.103.2/lib/vscode/extensions/ms-python.python-2025.12.0/python_files/lib/jedilsp/jedi_language_server/notebook_utils.py", line 373, in wrapped
    result = f(notebook_server, notebook_params)
  File "/usr/local/lib/code-server-4.103.2/lib/vscode/extensions/ms-python.python-2025.12.0/python_files/lib/jedilsp/jedi_language_server/server.py", line 487, in hover
    jedi_script.help(*jedi_lines),
  File "/usr/local/lib/code-server-4.103.2/lib/vscode/extensions/ms-python.python-2025.12.0/python_files/lib/jedilsp/jedi/api/helpers.py", line 487, in wrapper
    return func(self, line, column, *args, **kwargs)
  File "/usr/local/lib/code-server-4.103.2/lib/vscode/extensions/ms-python.python-2025.12.0/python_files/lib/jedilsp/jedi/api/__init__.py", line 372, in help
    definitions = self.goto(line, column, follow_imports=True)
  File "/usr/local/lib/code-server-4.103.2/lib/vscode/extensions/ms-python.python-2025.12.0/python_files/lib/jedilsp/jedi/api/helpers.py", line 487, in wrapper
    return func(self, line, column, *args, **kwargs)
  File "/usr/local/lib/code-server-4.103.2/lib/vscode/extensions/ms-python.python-2025.12.0/python_files/lib/jedilsp/jedi/api/__init__.py", line 300, in goto
    names = list(name.goto())
  File "/usr/local/lib/code-server-4.103.2/lib/vscode/extensions/ms-python.python-2025.12.0/python_files/lib/jedilsp/jedi/inference/names.py", line 157, in goto
    module_names = goto_import(context, name)
  File "/usr/local/lib/code-server-4.103.2/lib/vscode/extensions/ms-python.python-2025.12.0/python_files/lib/jedilsp/jedi/inference/cache.py", line 44, in wrapper
    rv = function(obj, *args, **kwargs)
  File "/usr/local/lib/code-server-4.103.2/lib/vscode/extensions/ms-python.python-2025.12.0/python_files/lib/jedilsp/jedi/inference/imports.py", line 75, in goto_import
    _prepare_infer_import(module_context, tree_name)
  File "/usr/local/lib/code-server-4.103.2/lib/vscode/extensions/ms-python.python-2025.12.0/python_files/lib/jedilsp/jedi/inference/imports.py", line 116, in _prepare_infer_import
    return from_import_name, tuple(import_path), import_node.level, importer.follow()
  File "/usr/local/lib/code-server-4.103.2/lib/vscode/extensions/ms-python.python-2025.12.0/python_files/lib/jedilsp/jedi/inference/imports.py", line 296, in follow
    return import_module_by_names(
  File "/usr/local/lib/code-server-4.103.2/lib/vscode/extensions/ms-python.python-2025.12.0/python_files/lib/jedilsp/jedi/inference/imports.py", line 376, in import_module_by_names
    value_set = ValueSet.from_sets([
  File "/usr/local/lib/code-server-4.103.2/lib/vscode/extensions/ms-python.python-2025.12.0/python_files/lib/jedilsp/jedi/inference/imports.py", line 377, in <listcomp>
    import_module(
  File "/usr/local/lib/code-server-4.103.2/lib/vscode/extensions/ms-python.python-2025.12.0/python_files/lib/jedilsp/jedi/plugins/__init__.py", line 21, in wrapper
    return built_functions[public_name](*args, **kwargs)
  File "/usr/local/lib/code-server-4.103.2/lib/vscode/extensions/ms-python.python-2025.12.0/python_files/lib/jedilsp/jedi/plugins/flask.py", line 20, in wrapper
    return callback(inference_state, import_names, module_context, *args, **kwargs)
  File "/usr/local/lib/code-server-4.103.2/lib/vscode/extensions/ms-python.python-2025.12.0/python_files/lib/jedilsp/jedi/inference/gradual/typeshed.py", line 115, in wrapper
    python_value_set = ValueSet.from_sets(
  File "/usr/local/lib/code-server-4.103.2/lib/vscode/extensions/ms-python.python-2025.12.0/python_files/lib/jedilsp/jedi/inference/base_value.py", line 430, in from_sets
    for set_ in sets:
  File "/usr/local/lib/code-server-4.103.2/lib/vscode/extensions/ms-python.python-2025.12.0/python_files/lib/jedilsp/jedi/inference/gradual/typeshed.py", line 116, in <genexpr>
    func(inference_state, import_names, p, sys_path,)
  File "/usr/local/lib/code-server-4.103.2/lib/vscode/extensions/ms-python.python-2025.12.0/python_files/lib/jedilsp/jedi/inference/imports.py", line 411, in import_module
    file_io_or_ns, is_pkg = inference_state.compiled_subprocess.get_module_info(
  File "/usr/local/lib/code-server-4.103.2/lib/vscode/extensions/ms-python.python-2025.12.0/python_files/lib/jedilsp/jedi/inference/compiled/subprocess/__init__.py", line 188, in wrapper
    result = self._compiled_subprocess.run(
  File "/usr/local/lib/code-server-4.103.2/lib/vscode/extensions/ms-python.python-2025.12.0/python_files/lib/jedilsp/jedi/inference/compiled/subprocess/__init__.py", line 296, in run
    return self._send(inference_state_id, function, args, kwargs)
  File "/usr/local/lib/code-server-4.103.2/lib/vscode/extensions/ms-python.python-2025.12.0/python_files/lib/jedilsp/jedi/inference/compiled/subprocess/__init__.py", line 318, in _send
    is_exception, traceback, result = pickle_load(self._get_process().stdout)
  File "/usr/local/lib/code-server-4.103.2/lib/vscode/extensions/ms-python.python-2025.12.0/python_files/lib/jedilsp/jedi/_compatibility.py", line 25, in pickle_load
    return Unpickler(file).load()
_pickle.UnpicklingError: invalid load key, ' '.

2026-07-25 18:44:18.630 [info] [Error - 6:44:18 PM] Request textDocument/hover failed.
2026-07-25 18:44:18.637 [info]   Message: _pickle.UnpicklingError: invalid load key, ' '.
  Code: -32603 
[object Object]
2026-07-25 18:44:25.695 [info] ERROR:pygls.protocol.json_rpc:Failed to handle request 208 textDocument/documentHighlight DocumentHighlightParams(text_document=TextDocumentIdentifier(uri='file:///voc/work/Knowledge_Hands_on/src/pipeline/pipeline.py'), position=22:38, work_done_token=None, partial_result_token=None)
Traceback (most recent call last):
  File "/usr/local/lib/code-server-4.103.2/lib/vscode/extensions/ms-python.python-2025.12.0/python_files/lib/jedilsp/pygls/protocol/json_rpc.py", line 266, in _handle_request
    self._execute_request(msg_id, handler, params)
  File "/usr/local/lib/code-server-4.103.2/lib/vscode/extensions/ms-python.python-2025.12.0/python_files/lib/jedilsp/pygls/protocol/json_rpc.py", line 188, in _execute_request
    self._send_response(msg_id, handler(params))
  File "/usr/local/lib/code-server-4.103.2/lib/vscode/extensions/ms-python.python-2025.12.0/python_files/lib/jedilsp/jedi_language_server/server.py", line 466, in highlight
    names = jedi_script.get_references(*jedi_lines, scope="file")
  File "/usr/local/lib/code-server-4.103.2/lib/vscode/extensions/ms-python.python-2025.12.0/python_files/lib/jedilsp/jedi/api/helpers.py", line 487, in wrapper
    return func(self, line, column, *args, **kwargs)
  File "/usr/local/lib/code-server-4.103.2/lib/vscode/extensions/ms-python.python-2025.12.0/python_files/lib/jedilsp/jedi/api/__init__.py", line 429, in get_references
    return _references(**kwargs)
  File "/usr/local/lib/code-server-4.103.2/lib/vscode/extensions/ms-python.python-2025.12.0/python_files/lib/jedilsp/jedi/api/__init__.py", line 423, in _references
    names = find_references(self._get_module_context(), tree_name, scope == 'file')
  File "/usr/local/lib/code-server-4.103.2/lib/vscode/extensions/ms-python.python-2025.12.0/python_files/lib/jedilsp/jedi/inference/references.py", line 122, in find_references
    found_names = _find_defining_names(module_context, tree_name)
  File "/usr/local/lib/code-server-4.103.2/lib/vscode/extensions/ms-python.python-2025.12.0/python_files/lib/jedilsp/jedi/inference/references.py", line 53, in _find_defining_names
    found_names = _find_names(module_context, tree_name)
  File "/usr/local/lib/code-server-4.103.2/lib/vscode/extensions/ms-python.python-2025.12.0/python_files/lib/jedilsp/jedi/inference/references.py", line 74, in _find_names
    found_names = set(name.goto())
  File "/usr/local/lib/code-server-4.103.2/lib/vscode/extensions/ms-python.python-2025.12.0/python_files/lib/jedilsp/jedi/inference/names.py", line 157, in goto
    module_names = goto_import(context, name)
  File "/usr/local/lib/code-server-4.103.2/lib/vscode/extensions/ms-python.python-2025.12.0/python_files/lib/jedilsp/jedi/inference/cache.py", line 44, in wrapper
    rv = function(obj, *args, **kwargs)
  File "/usr/local/lib/code-server-4.103.2/lib/vscode/extensions/ms-python.python-2025.12.0/python_files/lib/jedilsp/jedi/inference/imports.py", line 75, in goto_import
    _prepare_infer_import(module_context, tree_name)
  File "/usr/local/lib/code-server-4.103.2/lib/vscode/extensions/ms-python.python-2025.12.0/python_files/lib/jedilsp/jedi/inference/imports.py", line 116, in _prepare_infer_import
    return from_import_name, tuple(import_path), import_node.level, importer.follow()
  File "/usr/local/lib/code-server-4.103.2/lib/vscode/extensions/ms-python.python-2025.12.0/python_files/lib/jedilsp/jedi/inference/imports.py", line 296, in follow
    return import_module_by_names(
  File "/usr/local/lib/code-server-4.103.2/lib/vscode/extensions/ms-python.python-2025.12.0/python_files/lib/jedilsp/jedi/inference/imports.py", line 376, in import_module_by_names
    value_set = ValueSet.from_sets([
  File "/usr/local/lib/code-server-4.103.2/lib/vscode/extensions/ms-python.python-2025.12.0/python_files/lib/jedilsp/jedi/inference/imports.py", line 377, in <listcomp>
    import_module(
  File "/usr/local/lib/code-server-4.103.2/lib/vscode/extensions/ms-python.python-2025.12.0/python_files/lib/jedilsp/jedi/plugins/__init__.py", line 21, in wrapper
    return built_functions[public_name](*args, **kwargs)
  File "/usr/local/lib/code-server-4.103.2/lib/vscode/extensions/ms-python.python-2025.12.0/python_files/lib/jedilsp/jedi/plugins/flask.py", line 20, in wrapper
    return callback(inference_state, import_names, module_context, *args, **kwargs)
  File "/usr/local/lib/code-server-4.103.2/lib/vscode/extensions/ms-python.python-2025.12.0/python_files/lib/jedilsp/jedi/inference/gradual/typeshed.py", line 115, in wrapper
    python_value_set = ValueSet.from_sets(
  File "/usr/local/lib/code-server-4.103.2/lib/vscode/extensions/ms-python.python-2025.12.0/python_files/lib/jedilsp/jedi/inference/base_value.py", line 430, in from_sets
    for set_ in sets:
  File "/usr/local/lib/code-server-4.103.2/lib/vscode/extensions/ms-python.python-2025.12.0/python_files/lib/jedilsp/jedi/inference/gradual/typeshed.py", line 116, in <genexpr>
    func(inference_state, import_names, p, sys_path,)
  File "/usr/local/lib/code-server-4.103.2/lib/vscode/extensions/ms-python.python-2025.12.0/python_files/lib/jedilsp/jedi/inference/imports.py", line 411, in import_module
    file_io_or_ns, is_pkg = inference_state.compiled_subprocess.get_module_info(
  File "/usr/local/lib/code-server-4.103.2/lib/vscode/extensions/ms-python.python-2025.12.0/python_files/lib/jedilsp/jedi/inference/compiled/subprocess/__init__.py", line 188, in wrapper
    result = self._compiled_subprocess.run(
  File "/usr/local/lib/code-server-4.103.2/lib/vscode/extensions/ms-python.python-2025.12.0/python_files/lib/jedilsp/jedi/inference/compiled/subprocess/__init__.py", line 296, in run
    return self._send(inference_state_id, function, args, kwargs)
  File "/usr/local/lib/code-server-4.103.2/lib/vscode/extensions/ms-python.python-2025.12.0/python_files/lib/jedilsp/jedi/inference/compiled/subprocess/__init__.py", line 318, in _send
    is_exception, traceback, result = pickle_load(self._get_process().stdout)
  File "/usr/local/lib/code-server-4.103.2/lib/vscode/extensions/ms-python.python-2025.12.0/python_files/lib/jedilsp/jedi/_compatibility.py", line 25, in pickle_load
    return Unpickler(file).load()
_pickle.UnpicklingError: invalid load key, ' '.

2026-07-25 18:44:25.696 [info] [Error - 6:44:25 PM] Request textDocument/documentHighlight failed.
2026-07-25 18:44:25.704 [info]   Message: _pickle.UnpicklingError: invalid load key, ' '.
  Code: -32603 
[object Object]
2026-07-25 18:44:26.992 [info] ERROR:pygls.protocol.json_rpc:Failed to handle request 209 textDocument/completion CompletionParams(text_document=TextDocumentIdentifier(uri='file:///voc/work/Knowledge_Hands_on/src/pipeline/pipeline.py'), position=22:39, context=CompletionContext(trigger_kind=<CompletionTriggerKind.Invoked: 1>, trigger_character=None), work_done_token=None, partial_result_token=None)
Traceback (most recent call last):
  File "/usr/local/lib/code-server-4.103.2/lib/vscode/extensions/ms-python.python-2025.12.0/python_files/lib/jedilsp/pygls/protocol/json_rpc.py", line 266, in _handle_request
    self._execute_request(msg_id, handler, params)
  File "/usr/local/lib/code-server-4.103.2/lib/vscode/extensions/ms-python.python-2025.12.0/python_files/lib/jedilsp/pygls/protocol/json_rpc.py", line 188, in _execute_request
    self._send_response(msg_id, handler(params))
  File "/usr/local/lib/code-server-4.103.2/lib/vscode/extensions/ms-python.python-2025.12.0/python_files/lib/jedilsp/jedi_language_server/notebook_utils.py", line 373, in wrapped
    result = f(notebook_server, notebook_params)
  File "/usr/local/lib/code-server-4.103.2/lib/vscode/extensions/ms-python.python-2025.12.0/python_files/lib/jedilsp/jedi_language_server/server.py", line 284, in completion
    completions_jedi_raw = jedi_script.complete(*jedi_lines)
  File "/usr/local/lib/code-server-4.103.2/lib/vscode/extensions/ms-python.python-2025.12.0/python_files/lib/jedilsp/jedi/api/helpers.py", line 487, in wrapper
    return func(self, line, column, *args, **kwargs)
  File "/usr/local/lib/code-server-4.103.2/lib/vscode/extensions/ms-python.python-2025.12.0/python_files/lib/jedilsp/jedi/api/__init__.py", line 215, in complete
    return completion.complete()
  File "/usr/local/lib/code-server-4.103.2/lib/vscode/extensions/ms-python.python-2025.12.0/python_files/lib/jedilsp/jedi/api/completion.py", line 178, in complete
    cached_name, completion_names = self._complete_python(leaf)
  File "/usr/local/lib/code-server-4.103.2/lib/vscode/extensions/ms-python.python-2025.12.0/python_files/lib/jedilsp/jedi/api/completion.py", line 286, in _complete_python
    completion_names += self._get_importer_names(
  File "/usr/local/lib/code-server-4.103.2/lib/vscode/extensions/ms-python.python-2025.12.0/python_files/lib/jedilsp/jedi/api/completion.py", line 422, in _get_importer_names
    return i.completion_names(self._inference_state, only_modules=only_modules)
  File "/usr/local/lib/code-server-4.103.2/lib/vscode/extensions/ms-python.python-2025.12.0/python_files/lib/jedilsp/jedi/inference/imports.py", line 339, in completion_names
    values = self.follow()
  File "/usr/local/lib/code-server-4.103.2/lib/vscode/extensions/ms-python.python-2025.12.0/python_files/lib/jedilsp/jedi/inference/imports.py", line 296, in follow
    return import_module_by_names(
  File "/usr/local/lib/code-server-4.103.2/lib/vscode/extensions/ms-python.python-2025.12.0/python_files/lib/jedilsp/jedi/inference/imports.py", line 376, in import_module_by_names
    value_set = ValueSet.from_sets([
  File "/usr/local/lib/code-server-4.103.2/lib/vscode/extensions/ms-python.python-2025.12.0/python_files/lib/jedilsp/jedi/inference/imports.py", line 377, in <listcomp>
    import_module(
  File "/usr/local/lib/code-server-4.103.2/lib/vscode/extensions/ms-python.python-2025.12.0/python_files/lib/jedilsp/jedi/plugins/__init__.py", line 21, in wrapper
    return built_functions[public_name](*args, **kwargs)
  File "/usr/local/lib/code-server-4.103.2/lib/vscode/extensions/ms-python.python-2025.12.0/python_files/lib/jedilsp/jedi/plugins/flask.py", line 20, in wrapper
    return callback(inference_state, import_names, module_context, *args, **kwargs)
  File "/usr/local/lib/code-server-4.103.2/lib/vscode/extensions/ms-python.python-2025.12.0/python_files/lib/jedilsp/jedi/inference/gradual/typeshed.py", line 115, in wrapper
    python_value_set = ValueSet.from_sets(
  File "/usr/local/lib/code-server-4.103.2/lib/vscode/extensions/ms-python.python-2025.12.0/python_files/lib/jedilsp/jedi/inference/base_value.py", line 430, in from_sets
    for set_ in sets:
  File "/usr/local/lib/code-server-4.103.2/lib/vscode/extensions/ms-python.python-2025.12.0/python_files/lib/jedilsp/jedi/inference/gradual/typeshed.py", line 116, in <genexpr>
    func(inference_state, import_names, p, sys_path,)
  File "/usr/local/lib/code-server-4.103.2/lib/vscode/extensions/ms-python.python-2025.12.0/python_files/lib/jedilsp/jedi/inference/imports.py", line 411, in import_module
    file_io_or_ns, is_pkg = inference_state.compiled_subprocess.get_module_info(
  File "/usr/local/lib/code-server-4.103.2/lib/vscode/extensions/ms-python.python-2025.12.0/python_files/lib/jedilsp/jedi/inference/compiled/subprocess/__init__.py", line 188, in wrapper
    result = self._compiled_subprocess.run(
  File "/usr/local/lib/code-server-4.103.2/lib/vscode/extensions/ms-python.python-2025.12.0/python_files/lib/jedilsp/jedi/inference/compiled/subprocess/__init__.py", line 293, in run
    self._send(delete_id, None)
  File "/usr/local/lib/code-server-4.103.2/lib/vscode/extensions/ms-python.python-2025.12.0/python_files/lib/jedilsp/jedi/inference/compiled/subprocess/__init__.py", line 318, in _send
    is_exception, traceback, result = pickle_load(self._get_process().stdout)
  File "/usr/local/lib/code-server-4.103.2/lib/vscode/extensions/ms-python.python-2025.12.0/python_files/lib/jedilsp/jedi/_compatibility.py", line 25, in pickle_load
    return Unpickler(file).load()
_pickle.UnpicklingError: invalid load key, ' '.

2026-07-25 18:44:26.992 [info] [Error - 6:44:26 PM] Request textDocument/completion failed.
2026-07-25 18:44:26.999 [info]   Message: _pickle.UnpicklingError: invalid load key, ' '.
  Code: -32603 
[object Object]
2026-07-25 18:44:27.261 [info] semantic_tokens_full file:///voc/work/Knowledge_Hands_on/src/pipeline/pipeline.py 
2026-07-25 18:44:27.269 [info] ERROR:pygls.protocol.json_rpc:Exception occurred for message "210": _pickle.UnpicklingError: invalid load key, ' '.
NoneType: None

2026-07-25 18:44:27.269 [info] [Error - 6:44:27 PM] Request textDocument/semanticTokens/full failed.
2026-07-25 18:44:27.269 [info]   Message: _pickle.UnpicklingError: invalid load key, ' '.
  Code: -32603 
[object Object]
2026-07-25 18:44:27.321 [info] ERROR:pygls.protocol.json_rpc:Failed to handle request 211 textDocument/completion CompletionParams(text_document=TextDocumentIdentifier(uri='file:///voc/work/Knowledge_Hands_on/src/pipeline/pipeline.py'), position=22:42, context=CompletionContext(trigger_kind=<CompletionTriggerKind.Invoked: 1>, trigger_character=None), work_done_token=None, partial_result_token=None)
Traceback (most recent call last):
  File "/usr/local/lib/code-server-4.103.2/lib/vscode/extensions/ms-python.python-2025.12.0/python_files/lib/jedilsp/pygls/protocol/json_rpc.py", line 266, in _handle_request
    self._execute_request(msg_id, handler, params)
  File "/usr/local/lib/code-server-4.103.2/lib/vscode/extensions/ms-python.python-2025.12.0/python_files/lib/jedilsp/pygls/protocol/json_rpc.py", line 188, in _execute_request
    self._send_response(msg_id, handler(params))
  File "/usr/local/lib/code-server-4.103.2/lib/vscode/extensions/ms-python.python-2025.12.0/python_files/lib/jedilsp/jedi_language_server/notebook_utils.py", line 373, in wrapped
    result = f(notebook_server, notebook_params)
  File "/usr/local/lib/code-server-4.103.2/lib/vscode/extensions/ms-python.python-2025.12.0/python_files/lib/jedilsp/jedi_language_server/server.py", line 284, in completion
    completions_jedi_raw = jedi_script.complete(*jedi_lines)
  File "/usr/local/lib/code-server-4.103.2/lib/vscode/extensions/ms-python.python-2025.12.0/python_files/lib/jedilsp/jedi/api/helpers.py", line 487, in wrapper
    return func(self, line, column, *args, **kwargs)
  File "/usr/local/lib/code-server-4.103.2/lib/vscode/extensions/ms-python.python-2025.12.0/python_files/lib/jedilsp/jedi/api/__init__.py", line 215, in complete
    return completion.complete()
  File "/usr/local/lib/code-server-4.103.2/lib/vscode/extensions/ms-python.python-2025.12.0/python_files/lib/jedilsp/jedi/api/completion.py", line 178, in complete
    cached_name, completion_names = self._complete_python(leaf)
  File "/usr/local/lib/code-server-4.103.2/lib/vscode/extensions/ms-python.python-2025.12.0/python_files/lib/jedilsp/jedi/api/completion.py", line 286, in _complete_python
    completion_names += self._get_importer_names(
  File "/usr/local/lib/code-server-4.103.2/lib/vscode/extensions/ms-python.python-2025.12.0/python_files/lib/jedilsp/jedi/api/completion.py", line 422, in _get_importer_names
    return i.completion_names(self._inference_state, only_modules=only_modules)
  File "/usr/local/lib/code-server-4.103.2/lib/vscode/extensions/ms-python.python-2025.12.0/python_files/lib/jedilsp/jedi/inference/imports.py", line 339, in completion_names
    values = self.follow()
  File "/usr/local/lib/code-server-4.103.2/lib/vscode/extensions/ms-python.python-2025.12.0/python_files/lib/jedilsp/jedi/inference/imports.py", line 296, in follow
    return import_module_by_names(
  File "/usr/local/lib/code-server-4.103.2/lib/vscode/extensions/ms-python.python-2025.12.0/python_files/lib/jedilsp/jedi/inference/imports.py", line 376, in import_module_by_names
    value_set = ValueSet.from_sets([
  File "/usr/local/lib/code-server-4.103.2/lib/vscode/extensions/ms-python.python-2025.12.0/python_files/lib/jedilsp/jedi/inference/imports.py", line 377, in <listcomp>
    import_module(
  File "/usr/local/lib/code-server-4.103.2/lib/vscode/extensions/ms-python.python-2025.12.0/python_files/lib/jedilsp/jedi/plugins/__init__.py", line 21, in wrapper
    return built_functions[public_name](*args, **kwargs)
  File "/usr/local/lib/code-server-4.103.2/lib/vscode/extensions/ms-python.python-2025.12.0/python_files/lib/jedilsp/jedi/plugins/flask.py", line 20, in wrapper
    return callback(inference_state, import_names, module_context, *args, **kwargs)
  File "/usr/local/lib/code-server-4.103.2/lib/vscode/extensions/ms-python.python-2025.12.0/python_files/lib/jedilsp/jedi/inference/gradual/typeshed.py", line 115, in wrapper
    python_value_set = ValueSet.from_sets(
  File "/usr/local/lib/code-server-4.103.2/lib/vscode/extensions/ms-python.python-2025.12.0/python_files/lib/jedilsp/jedi/inference/base_value.py", line 430, in from_sets
    for set_ in sets:
  File "/usr/local/lib/code-server-4.103.2/lib/vscode/extensions/ms-python.python-2025.12.0/python_files/lib/jedilsp/jedi/inference/gradual/typeshed.py", line 116, in <genexpr>
    func(inference_state, import_names, p, sys_path,)
  File "/usr/local/lib/code-server-4.103.2/lib/vscode/extensions/ms-python.python-2025.12.0/python_files/lib/jedilsp/jedi/inference/imports.py", line 411, in import_module
    file_io_or_ns, is_pkg = inference_state.compiled_subprocess.get_module_info(
  File "/usr/local/lib/code-server-4.103.2/lib/vscode/extensions/ms-python.python-2025.12.0/python_files/lib/jedilsp/jedi/inference/compiled/subprocess/__init__.py", line 188, in wrapper
    result = self._compiled_subprocess.run(
  File "/usr/local/lib/code-server-4.103.2/lib/vscode/extensions/ms-python.python-2025.12.0/python_files/lib/jedilsp/jedi/inference/compiled/subprocess/__init__.py", line 293, in run
    self._send(delete_id, None)
  File "/usr/local/lib/code-server-4.103.2/lib/vscode/extensions/ms-python.python-2025.12.0/python_files/lib/jedilsp/jedi/inference/compiled/subprocess/__init__.py", line 318, in _send
    is_exception, traceback, result = pickle_load(self._get_process().stdout)
  File "/usr/local/lib/code-server-4.103.2/lib/vscode/extensions/ms-python.python-2025.12.0/python_files/lib/jedilsp/jedi/_compatibility.py", line 25, in pickle_load
    return Unpickler(file).load()
_pickle.UnpicklingError: invalid load key, ' '.

2026-07-25 18:44:27.321 [info] [Error - 6:44:27 PM] Request textDocument/completion failed.
2026-07-25 18:44:27.328 [info]   Message: _pickle.UnpicklingError: invalid load key, ' '.
  Code: -32603 
[object Object]
2026-07-25 18:44:27.615 [info] semantic_tokens_full file:///voc/work/Knowledge_Hands_on/src/pipeline/pipeline.py 
2026-07-25 18:44:27.622 [info] ERROR:pygls.protocol.json_rpc:Exception occurred for message "212": _pickle.UnpicklingError: invalid load key, ' '.
NoneType: None

2026-07-25 18:44:27.622 [info] [Error - 6:44:27 PM] Request textDocument/semanticTokens/full failed.
2026-07-25 18:44:27.622 [info]   Message: _pickle.UnpicklingError: invalid load key, ' '.
  Code: -32603 
[object Object]
2026-07-25 18:44:27.655 [info] ERROR:pygls.protocol.json_rpc:Failed to handle request 213 textDocument/codeAction CodeActionParams(text_document=TextDocumentIdentifier(uri='file:///voc/work/Knowledge_Hands_on/src/pipeline/pipeline.py'), range=22:43-22:43, context=CodeActionContext(diagnostics=[], only=None, trigger_kind=<CodeActionTriggerKind.Automatic: 2>), work_done_token=None, partial_result_token=None)
Traceback (most recent call last):
  File "/usr/local/lib/code-server-4.103.2/lib/vscode/extensions/ms-python.python-2025.12.0/python_files/lib/jedilsp/pygls/protocol/json_rpc.py", line 266, in _handle_request
    self._execute_request(msg_id, handler, params)
  File "/usr/local/lib/code-server-4.103.2/lib/vscode/extensions/ms-python.python-2025.12.0/python_files/lib/jedilsp/pygls/protocol/json_rpc.py", line 188, in _execute_request
    self._send_response(msg_id, handler(params))
  File "/usr/local/lib/code-server-4.103.2/lib/vscode/extensions/ms-python.python-2025.12.0/python_files/lib/jedilsp/jedi_language_server/notebook_utils.py", line 373, in wrapped
    result = f(notebook_server, notebook_params)
  File "/usr/local/lib/code-server-4.103.2/lib/vscode/extensions/ms-python.python-2025.12.0/python_files/lib/jedilsp/jedi_language_server/server.py", line 671, in code_action
    inline_refactoring = jedi_script.inline(*jedi_lines)
  File "/usr/local/lib/code-server-4.103.2/lib/vscode/extensions/ms-python.python-2025.12.0/python_files/lib/jedilsp/jedi/api/__init__.py", line 697, in inline
    names = [d._name for d in self.get_references(line, column, include_builtins=True)]
  File "/usr/local/lib/code-server-4.103.2/lib/vscode/extensions/ms-python.python-2025.12.0/python_files/lib/jedilsp/jedi/api/helpers.py", line 487, in wrapper
    return func(self, line, column, *args, **kwargs)
  File "/usr/local/lib/code-server-4.103.2/lib/vscode/extensions/ms-python.python-2025.12.0/python_files/lib/jedilsp/jedi/api/__init__.py", line 429, in get_references
    return _references(**kwargs)
  File "/usr/local/lib/code-server-4.103.2/lib/vscode/extensions/ms-python.python-2025.12.0/python_files/lib/jedilsp/jedi/api/__init__.py", line 423, in _references
    names = find_references(self._get_module_context(), tree_name, scope == 'file')
  File "/usr/local/lib/code-server-4.103.2/lib/vscode/extensions/ms-python.python-2025.12.0/python_files/lib/jedilsp/jedi/inference/references.py", line 122, in find_references
    found_names = _find_defining_names(module_context, tree_name)
  File "/usr/local/lib/code-server-4.103.2/lib/vscode/extensions/ms-python.python-2025.12.0/python_files/lib/jedilsp/jedi/inference/references.py", line 53, in _find_defining_names
    found_names = _find_names(module_context, tree_name)
  File "/usr/local/lib/code-server-4.103.2/lib/vscode/extensions/ms-python.python-2025.12.0/python_files/lib/jedilsp/jedi/inference/references.py", line 74, in _find_names
    found_names = set(name.goto())
  File "/usr/local/lib/code-server-4.103.2/lib/vscode/extensions/ms-python.python-2025.12.0/python_files/lib/jedilsp/jedi/inference/names.py", line 157, in goto
    module_names = goto_import(context, name)
  File "/usr/local/lib/code-server-4.103.2/lib/vscode/extensions/ms-python.python-2025.12.0/python_files/lib/jedilsp/jedi/inference/cache.py", line 44, in wrapper
    rv = function(obj, *args, **kwargs)
  File "/usr/local/lib/code-server-4.103.2/lib/vscode/extensions/ms-python.python-2025.12.0/python_files/lib/jedilsp/jedi/inference/imports.py", line 75, in goto_import
    _prepare_infer_import(module_context, tree_name)
  File "/usr/local/lib/code-server-4.103.2/lib/vscode/extensions/ms-python.python-2025.12.0/python_files/lib/jedilsp/jedi/inference/imports.py", line 116, in _prepare_infer_import
    return from_import_name, tuple(import_path), import_node.level, importer.follow()
  File "/usr/local/lib/code-server-4.103.2/lib/vscode/extensions/ms-python.python-2025.12.0/python_files/lib/jedilsp/jedi/inference/imports.py", line 296, in follow
    return import_module_by_names(
  File "/usr/local/lib/code-server-4.103.2/lib/vscode/extensions/ms-python.python-2025.12.0/python_files/lib/jedilsp/jedi/inference/imports.py", line 376, in import_module_by_names
    value_set = ValueSet.from_sets([
  File "/usr/local/lib/code-server-4.103.2/lib/vscode/extensions/ms-python.python-2025.12.0/python_files/lib/jedilsp/jedi/inference/imports.py", line 377, in <listcomp>
    import_module(
  File "/usr/local/lib/code-server-4.103.2/lib/vscode/extensions/ms-python.python-2025.12.0/python_files/lib/jedilsp/jedi/plugins/__init__.py", line 21, in wrapper
    return built_functions[public_name](*args, **kwargs)
  File "/usr/local/lib/code-server-4.103.2/lib/vscode/extensions/ms-python.python-2025.12.0/python_files/lib/jedilsp/jedi/plugins/flask.py", line 20, in wrapper
    return callback(inference_state, import_names, module_context, *args, **kwargs)
  File "/usr/local/lib/code-server-4.103.2/lib/vscode/extensions/ms-python.python-2025.12.0/python_files/lib/jedilsp/jedi/inference/gradual/typeshed.py", line 115, in wrapper
    python_value_set = ValueSet.from_sets(
  File "/usr/local/lib/code-server-4.103.2/lib/vscode/extensions/ms-python.python-2025.12.0/python_files/lib/jedilsp/jedi/inference/base_value.py", line 430, in from_sets
    for set_ in sets:
  File "/usr/local/lib/code-server-4.103.2/lib/vscode/extensions/ms-python.python-2025.12.0/python_files/lib/jedilsp/jedi/inference/gradual/typeshed.py", line 116, in <genexpr>
    func(inference_state, import_names, p, sys_path,)
  File "/usr/local/lib/code-server-4.103.2/lib/vscode/extensions/ms-python.python-2025.12.0/python_files/lib/jedilsp/jedi/inference/imports.py", line 411, in import_module
    file_io_or_ns, is_pkg = inference_state.compiled_subprocess.get_module_info(
  File "/usr/local/lib/code-server-4.103.2/lib/vscode/extensions/ms-python.python-2025.12.0/python_files/lib/jedilsp/jedi/inference/compiled/subprocess/__init__.py", line 188, in wrapper
    result = self._compiled_subprocess.run(
  File "/usr/local/lib/code-server-4.103.2/lib/vscode/extensions/ms-python.python-2025.12.0/python_files/lib/jedilsp/jedi/inference/compiled/subprocess/__init__.py", line 293, in run
    self._send(delete_id, None)
  File "/usr/local/lib/code-server-4.103.2/lib/vscode/extensions/ms-python.python-2025.12.0/python_files/lib/jedilsp/jedi/inference/compiled/subprocess/__init__.py", line 318, in _send
    is_exception, traceback, result = pickle_load(self._get_process().stdout)
  File "/usr/local/lib/code-server-4.103.2/lib/vscode/extensions/ms-python.python-2025.12.0/python_files/lib/jedilsp/jedi/_compatibility.py", line 25, in pickle_load
    return Unpickler(file).load()
_pickle.UnpicklingError: invalid load key, ' '.

2026-07-25 18:44:27.655 [info] [Error - 6:44:27 PM] Request textDocument/codeAction failed.
2026-07-25 18:44:27.663 [info]   Message: _pickle.UnpicklingError: invalid load key, ' '.
  Code: -32603 
[object Object]
2026-07-25 18:44:27.752 [info] semantic_tokens_range file:///voc/work/Knowledge_Hands_on/src/pipeline/pipeline.py 0:0-57:79
2026-07-25 18:44:27.763 [info] ERROR:pygls.protocol.json_rpc:Failed to handle request 215 textDocument/documentSymbol DocumentSymbolParams(text_document=TextDocumentIdentifier(uri='file:///voc/work/Knowledge_Hands_on/src/pipeline/pipeline.py'), work_done_token=None, partial_result_token=None)
Traceback (most recent call last):
  File "/usr/local/lib/code-server-4.103.2/lib/vscode/extensions/ms-python.python-2025.12.0/python_files/lib/jedilsp/pygls/protocol/json_rpc.py", line 266, in _handle_request
    self._execute_request(msg_id, handler, params)
  File "/usr/local/lib/code-server-4.103.2/lib/vscode/extensions/ms-python.python-2025.12.0/python_files/lib/jedilsp/pygls/protocol/json_rpc.py", line 188, in _execute_request
    self._send_response(msg_id, handler(params))
  File "/usr/local/lib/code-server-4.103.2/lib/vscode/extensions/ms-python.python-2025.12.0/python_files/lib/jedilsp/jedi_language_server/server.py", line 546, in document_symbol
    document_symbols = jedi_utils.lsp_document_symbols(names)
  File "/usr/local/lib/code-server-4.103.2/lib/vscode/extensions/ms-python.python-2025.12.0/python_files/lib/jedilsp/jedi_language_server/jedi_utils.py", line 225, in lsp_document_symbols
    symbol_range = _document_symbol_range(name)
  File "/usr/local/lib/code-server-4.103.2/lib/vscode/extensions/ms-python.python-2025.12.0/python_files/lib/jedilsp/jedi_language_server/jedi_utils.py", line 204, in _document_symbol_range
    end = name.get_definition_end_position()
  File "/usr/local/lib/code-server-4.103.2/lib/vscode/extensions/ms-python.python-2025.12.0/python_files/lib/jedilsp/jedi/api/classes.py", line 260, in get_definition_end_position
    if self.type in ("function", "class"):
  File "/usr/local/lib/code-server-4.103.2/lib/vscode/extensions/ms-python.python-2025.12.0/python_files/lib/jedilsp/jedi/api/classes.py", line 190, in type
    for value in self._name.infer():
  File "/usr/local/lib/code-server-4.103.2/lib/vscode/extensions/ms-python.python-2025.12.0/python_files/lib/jedilsp/jedi/inference/names.py", line 281, in infer
    return tree_name_to_values(
  File "/usr/local/lib/code-server-4.103.2/lib/vscode/extensions/ms-python.python-2025.12.0/python_files/lib/jedilsp/jedi/plugins/__init__.py", line 21, in wrapper
    return built_functions[public_name](*args, **kwargs)
  File "/usr/local/lib/code-server-4.103.2/lib/vscode/extensions/ms-python.python-2025.12.0/python_files/lib/jedilsp/jedi/plugins/stdlib.py", line 878, in wrapper
    return func(inference_state, context, tree_name)
  File "/usr/local/lib/code-server-4.103.2/lib/vscode/extensions/ms-python.python-2025.12.0/python_files/lib/jedilsp/jedi/plugins/django.py", line 177, in wrapper
    result = func(inference_state, context, tree_name)
  File "/usr/local/lib/code-server-4.103.2/lib/vscode/extensions/ms-python.python-2025.12.0/python_files/lib/jedilsp/jedi/inference/syntax_tree.py", line 771, in tree_name_to_values
    types = imports.infer_import(context, tree_name)
  File "/usr/local/lib/code-server-4.103.2/lib/vscode/extensions/ms-python.python-2025.12.0/python_files/lib/jedilsp/jedi/inference/cache.py", line 44, in wrapper
    rv = function(obj, *args, **kwargs)
  File "/usr/local/lib/code-server-4.103.2/lib/vscode/extensions/ms-python.python-2025.12.0/python_files/lib/jedilsp/jedi/inference/imports.py", line 53, in infer_import
    _prepare_infer_import(module_context, tree_name)
  File "/usr/local/lib/code-server-4.103.2/lib/vscode/extensions/ms-python.python-2025.12.0/python_files/lib/jedilsp/jedi/inference/imports.py", line 116, in _prepare_infer_import
    return from_import_name, tuple(import_path), import_node.level, importer.follow()
  File "/usr/local/lib/code-server-4.103.2/lib/vscode/extensions/ms-python.python-2025.12.0/python_files/lib/jedilsp/jedi/inference/imports.py", line 296, in follow
    return import_module_by_names(
  File "/usr/local/lib/code-server-4.103.2/lib/vscode/extensions/ms-python.python-2025.12.0/python_files/lib/jedilsp/jedi/inference/imports.py", line 376, in import_module_by_names
    value_set = ValueSet.from_sets([
  File "/usr/local/lib/code-server-4.103.2/lib/vscode/extensions/ms-python.python-2025.12.0/python_files/lib/jedilsp/jedi/inference/imports.py", line 377, in <listcomp>
    import_module(
  File "/usr/local/lib/code-server-4.103.2/lib/vscode/extensions/ms-python.python-2025.12.0/python_files/lib/jedilsp/jedi/plugins/__init__.py", line 21, in wrapper
    return built_functions[public_name](*args, **kwargs)
  File "/usr/local/lib/code-server-4.103.2/lib/vscode/extensions/ms-python.python-2025.12.0/python_files/lib/jedilsp/jedi/plugins/flask.py", line 20, in wrapper
    return callback(inference_state, import_names, module_context, *args, **kwargs)
  File "/usr/local/lib/code-server-4.103.2/lib/vscode/extensions/ms-python.python-2025.12.0/python_files/lib/jedilsp/jedi/inference/gradual/typeshed.py", line 115, in wrapper
    python_value_set = ValueSet.from_sets(
  File "/usr/local/lib/code-server-4.103.2/lib/vscode/extensions/ms-python.python-2025.12.0/python_files/lib/jedilsp/jedi/inference/base_value.py", line 430, in from_sets
    for set_ in sets:
  File "/usr/local/lib/code-server-4.103.2/lib/vscode/extensions/ms-python.python-2025.12.0/python_files/lib/jedilsp/jedi/inference/gradual/typeshed.py", line 116, in <genexpr>
    func(inference_state, import_names, p, sys_path,)
  File "/usr/local/lib/code-server-4.103.2/lib/vscode/extensions/ms-python.python-2025.12.0/python_files/lib/jedilsp/jedi/inference/imports.py", line 411, in import_module
    file_io_or_ns, is_pkg = inference_state.compiled_subprocess.get_module_info(
  File "/usr/local/lib/code-server-4.103.2/lib/vscode/extensions/ms-python.python-2025.12.0/python_files/lib/jedilsp/jedi/inference/compiled/subprocess/__init__.py", line 188, in wrapper
    result = self._compiled_subprocess.run(
  File "/usr/local/lib/code-server-4.103.2/lib/vscode/extensions/ms-python.python-2025.12.0/python_files/lib/jedilsp/jedi/inference/compiled/subprocess/__init__.py", line 293, in run
    self._send(delete_id, None)
  File "/usr/local/lib/code-server-4.103.2/lib/vscode/extensions/ms-python.python-2025.12.0/python_files/lib/jedilsp/jedi/inference/compiled/subprocess/__init__.py", line 318, in _send
    is_exception, traceback, result = pickle_load(self._get_process().stdout)
  File "/usr/local/lib/code-server-4.103.2/lib/vscode/extensions/ms-python.python-2025.12.0/python_files/lib/jedilsp/jedi/_compatibility.py", line 25, in pickle_load
    return Unpickler(file).load()
_pickle.UnpicklingError: invalid load key, ' '.

2026-07-25 18:44:27.763 [info] ERROR:pygls.protocol.json_rpc:Exception occurred for message "214": _pickle.UnpicklingError: invalid load key, ' '.
NoneType: None

2026-07-25 18:44:27.770 [info] [Error - 6:44:27 PM] Request textDocument/semanticTokens/range failed.
2026-07-25 18:44:27.770 [info]   Message: _pickle.UnpicklingError: invalid load key, ' '.
  Code: -32603 
[object Object]
2026-07-25 18:44:27.770 [info] [Error - 6:44:27 PM] Request textDocument/documentSymbol failed.
2026-07-25 18:44:27.778 [info]   Message: _pickle.UnpicklingError: invalid load key, ' '.
  Code: -32603 
[object Object]
2026-07-25 18:44:27.782 [info] ERROR:pygls.protocol.json_rpc:Failed to handle request 216 textDocument/documentSymbol DocumentSymbolParams(text_document=TextDocumentIdentifier(uri='file:///voc/work/Knowledge_Hands_on/src/pipeline/pipeline.py'), work_done_token=None, partial_result_token=None)
Traceback (most recent call last):
  File "/usr/local/lib/code-server-4.103.2/lib/vscode/extensions/ms-python.python-2025.12.0/python_files/lib/jedilsp/pygls/protocol/json_rpc.py", line 266, in _handle_request
    self._execute_request(msg_id, handler, params)
  File "/usr/local/lib/code-server-4.103.2/lib/vscode/extensions/ms-python.python-2025.12.0/python_files/lib/jedilsp/pygls/protocol/json_rpc.py", line 188, in _execute_request
    self._send_response(msg_id, handler(params))
  File "/usr/local/lib/code-server-4.103.2/lib/vscode/extensions/ms-python.python-2025.12.0/python_files/lib/jedilsp/jedi_language_server/server.py", line 546, in document_symbol
    document_symbols = jedi_utils.lsp_document_symbols(names)
  File "/usr/local/lib/code-server-4.103.2/lib/vscode/extensions/ms-python.python-2025.12.0/python_files/lib/jedilsp/jedi_language_server/jedi_utils.py", line 225, in lsp_document_symbols
    symbol_range = _document_symbol_range(name)
  File "/usr/local/lib/code-server-4.103.2/lib/vscode/extensions/ms-python.python-2025.12.0/python_files/lib/jedilsp/jedi_language_server/jedi_utils.py", line 204, in _document_symbol_range
    end = name.get_definition_end_position()
  File "/usr/local/lib/code-server-4.103.2/lib/vscode/extensions/ms-python.python-2025.12.0/python_files/lib/jedilsp/jedi/api/classes.py", line 260, in get_definition_end_position
    if self.type in ("function", "class"):
  File "/usr/local/lib/code-server-4.103.2/lib/vscode/extensions/ms-python.python-2025.12.0/python_files/lib/jedilsp/jedi/api/classes.py", line 190, in type
    for value in self._name.infer():
  File "/usr/local/lib/code-server-4.103.2/lib/vscode/extensions/ms-python.python-2025.12.0/python_files/lib/jedilsp/jedi/inference/names.py", line 281, in infer
    return tree_name_to_values(
  File "/usr/local/lib/code-server-4.103.2/lib/vscode/extensions/ms-python.python-2025.12.0/python_files/lib/jedilsp/jedi/plugins/__init__.py", line 21, in wrapper
    return built_functions[public_name](*args, **kwargs)
  File "/usr/local/lib/code-server-4.103.2/lib/vscode/extensions/ms-python.python-2025.12.0/python_files/lib/jedilsp/jedi/plugins/stdlib.py", line 878, in wrapper
    return func(inference_state, context, tree_name)
  File "/usr/local/lib/code-server-4.103.2/lib/vscode/extensions/ms-python.python-2025.12.0/python_files/lib/jedilsp/jedi/plugins/django.py", line 177, in wrapper
    result = func(inference_state, context, tree_name)
  File "/usr/local/lib/code-server-4.103.2/lib/vscode/extensions/ms-python.python-2025.12.0/python_files/lib/jedilsp/jedi/inference/syntax_tree.py", line 771, in tree_name_to_values
    types = imports.infer_import(context, tree_name)
  File "/usr/local/lib/code-server-4.103.2/lib/vscode/extensions/ms-python.python-2025.12.0/python_files/lib/jedilsp/jedi/inference/cache.py", line 44, in wrapper
    rv = function(obj, *args, **kwargs)
  File "/usr/local/lib/code-server-4.103.2/lib/vscode/extensions/ms-python.python-2025.12.0/python_files/lib/jedilsp/jedi/inference/imports.py", line 53, in infer_import
    _prepare_infer_import(module_context, tree_name)
  File "/usr/local/lib/code-server-4.103.2/lib/vscode/extensions/ms-python.python-2025.12.0/python_files/lib/jedilsp/jedi/inference/imports.py", line 116, in _prepare_infer_import
    return from_import_name, tuple(import_path), import_node.level, importer.follow()
  File "/usr/local/lib/code-server-4.103.2/lib/vscode/extensions/ms-python.python-2025.12.0/python_files/lib/jedilsp/jedi/inference/imports.py", line 296, in follow
    return import_module_by_names(
  File "/usr/local/lib/code-server-4.103.2/lib/vscode/extensions/ms-python.python-2025.12.0/python_files/lib/jedilsp/jedi/inference/imports.py", line 376, in import_module_by_names
    value_set = ValueSet.from_sets([
  File "/usr/local/lib/code-server-4.103.2/lib/vscode/extensions/ms-python.python-2025.12.0/python_files/lib/jedilsp/jedi/inference/imports.py", line 377, in <listcomp>
    import_module(
  File "/usr/local/lib/code-server-4.103.2/lib/vscode/extensions/ms-python.python-2025.12.0/python_files/lib/jedilsp/jedi/plugins/__init__.py", line 21, in wrapper
    return built_functions[public_name](*args, **kwargs)
  File "/usr/local/lib/code-server-4.103.2/lib/vscode/extensions/ms-python.python-2025.12.0/python_files/lib/jedilsp/jedi/plugins/flask.py", line 20, in wrapper
    return callback(inference_state, import_names, module_context, *args, **kwargs)
  File "/usr/local/lib/code-server-4.103.2/lib/vscode/extensions/ms-python.python-2025.12.0/python_files/lib/jedilsp/jedi/inference/gradual/typeshed.py", line 115, in wrapper
    python_value_set = ValueSet.from_sets(
  File "/usr/local/lib/code-server-4.103.2/lib/vscode/extensions/ms-python.python-2025.12.0/python_files/lib/jedilsp/jedi/inference/base_value.py", line 430, in from_sets
    for set_ in sets:
  File "/usr/local/lib/code-server-4.103.2/lib/vscode/extensions/ms-python.python-2025.12.0/python_files/lib/jedilsp/jedi/inference/gradual/typeshed.py", line 116, in <genexpr>
    func(inference_state, import_names, p, sys_path,)
  File "/usr/local/lib/code-server-4.103.2/lib/vscode/extensions/ms-python.python-2025.12.0/python_files/lib/jedilsp/jedi/inference/imports.py", line 411, in import_module
    file_io_or_ns, is_pkg = inference_state.compiled_subprocess.get_module_info(
  File "/usr/local/lib/code-server-4.103.2/lib/vscode/extensions/ms-python.python-2025.12.0/python_files/lib/jedilsp/jedi/inference/compiled/subprocess/__init__.py", line 188, in wrapper
    result = self._compiled_subprocess.run(
  File "/usr/local/lib/code-server-4.103.2/lib/vscode/extensions/ms-python.python-2025.12.0/python_files/lib/jedilsp/jedi/inference/compiled/subprocess/__init__.py", line 296, in run
    return self._send(inference_state_id, function, args, kwargs)
  File "/usr/local/lib/code-server-4.103.2/lib/vscode/extensions/ms-python.python-2025.12.0/python_files/lib/jedilsp/jedi/inference/compiled/subprocess/__init__.py", line 318, in _send
    is_exception, traceback, result = pickle_load(self._get_process().stdout)
  File "/usr/local/lib/code-server-4.103.2/lib/vscode/extensions/ms-python.python-2025.12.0/python_files/lib/jedilsp/jedi/_compatibility.py", line 25, in pickle_load
    return Unpickler(file).load()
_pickle.UnpicklingError: invalid load key, ' '.

2026-07-25 18:44:27.782 [info] [Error - 6:44:27 PM] Request textDocument/documentSymbol failed.
2026-07-25 18:44:27.782 [info]   Message: _pickle.UnpicklingError: invalid load key, ' '.
  Code: -32603 
[object Object]
2026-07-25 18:44:28.913 [info] semantic_tokens_full file:///voc/work/Knowledge_Hands_on/src/pipeline/pipeline.py 
2026-07-25 18:44:28.920 [info] ERROR:pygls.protocol.json_rpc:Exception occurred for message "217": _pickle.UnpicklingError: invalid load key, ' '.
NoneType: None

2026-07-25 18:44:28.921 [info] [Error - 6:44:28 PM] Request textDocument/semanticTokens/full failed.
2026-07-25 18:44:28.921 [info]   Message: _pickle.UnpicklingError: invalid load key, ' '.
  Code: -32603 
[object Object]
2026-07-25 18:44:29.266 [info] semantic_tokens_full file:///voc/work/Knowledge_Hands_on/src/pipeline/pipeline.py 
2026-07-25 18:44:29.273 [info] ERROR:pygls.protocol.json_rpc:Exception occurred for message "218": _pickle.UnpicklingError: invalid load key, ' '.
NoneType: None

2026-07-25 18:44:29.274 [info] [Error - 6:44:29 PM] Request textDocument/semanticTokens/full failed.
2026-07-25 18:44:29.274 [info]   Message: _pickle.UnpicklingError: invalid load key, ' '.
  Code: -32603 
[object Object]
2026-07-25 18:44:29.558 [info] ERROR:pygls.protocol.json_rpc:Failed to handle request 219 textDocument/codeAction CodeActionParams(text_document=TextDocumentIdentifier(uri='file:///voc/work/Knowledge_Hands_on/src/pipeline/pipeline.py'), range=22:38-22:38, context=CodeActionContext(diagnostics=[], only=None, trigger_kind=<CodeActionTriggerKind.Automatic: 2>), work_done_token=None, partial_result_token=None)
Traceback (most recent call last):
  File "/usr/local/lib/code-server-4.103.2/lib/vscode/extensions/ms-python.python-2025.12.0/python_files/lib/jedilsp/pygls/protocol/json_rpc.py", line 266, in _handle_request
    self._execute_request(msg_id, handler, params)
  File "/usr/local/lib/code-server-4.103.2/lib/vscode/extensions/ms-python.python-2025.12.0/python_files/lib/jedilsp/pygls/protocol/json_rpc.py", line 188, in _execute_request
    self._send_response(msg_id, handler(params))
  File "/usr/local/lib/code-server-4.103.2/lib/vscode/extensions/ms-python.python-2025.12.0/python_files/lib/jedilsp/jedi_language_server/notebook_utils.py", line 373, in wrapped
    result = f(notebook_server, notebook_params)
  File "/usr/local/lib/code-server-4.103.2/lib/vscode/extensions/ms-python.python-2025.12.0/python_files/lib/jedilsp/jedi_language_server/server.py", line 671, in code_action
    inline_refactoring = jedi_script.inline(*jedi_lines)
  File "/usr/local/lib/code-server-4.103.2/lib/vscode/extensions/ms-python.python-2025.12.0/python_files/lib/jedilsp/jedi/api/__init__.py", line 697, in inline
    names = [d._name for d in self.get_references(line, column, include_builtins=True)]
  File "/usr/local/lib/code-server-4.103.2/lib/vscode/extensions/ms-python.python-2025.12.0/python_files/lib/jedilsp/jedi/api/helpers.py", line 487, in wrapper
    return func(self, line, column, *args, **kwargs)
  File "/usr/local/lib/code-server-4.103.2/lib/vscode/extensions/ms-python.python-2025.12.0/python_files/lib/jedilsp/jedi/api/__init__.py", line 429, in get_references
    return _references(**kwargs)
  File "/usr/local/lib/code-server-4.103.2/lib/vscode/extensions/ms-python.python-2025.12.0/python_files/lib/jedilsp/jedi/api/__init__.py", line 423, in _references
    names = find_references(self._get_module_context(), tree_name, scope == 'file')
  File "/usr/local/lib/code-server-4.103.2/lib/vscode/extensions/ms-python.python-2025.12.0/python_files/lib/jedilsp/jedi/inference/references.py", line 122, in find_references
    found_names = _find_defining_names(module_context, tree_name)
  File "/usr/local/lib/code-server-4.103.2/lib/vscode/extensions/ms-python.python-2025.12.0/python_files/lib/jedilsp/jedi/inference/references.py", line 53, in _find_defining_names
    found_names = _find_names(module_context, tree_name)
  File "/usr/local/lib/code-server-4.103.2/lib/vscode/extensions/ms-python.python-2025.12.0/python_files/lib/jedilsp/jedi/inference/references.py", line 74, in _find_names
    found_names = set(name.goto())
  File "/usr/local/lib/code-server-4.103.2/lib/vscode/extensions/ms-python.python-2025.12.0/python_files/lib/jedilsp/jedi/inference/names.py", line 157, in goto
    module_names = goto_import(context, name)
  File "/usr/local/lib/code-server-4.103.2/lib/vscode/extensions/ms-python.python-2025.12.0/python_files/lib/jedilsp/jedi/inference/cache.py", line 44, in wrapper
    rv = function(obj, *args, **kwargs)
  File "/usr/local/lib/code-server-4.103.2/lib/vscode/extensions/ms-python.python-2025.12.0/python_files/lib/jedilsp/jedi/inference/imports.py", line 75, in goto_import
    _prepare_infer_import(module_context, tree_name)
  File "/usr/local/lib/code-server-4.103.2/lib/vscode/extensions/ms-python.python-2025.12.0/python_files/lib/jedilsp/jedi/inference/imports.py", line 116, in _prepare_infer_import
    return from_import_name, tuple(import_path), import_node.level, importer.follow()
  File "/usr/local/lib/code-server-4.103.2/lib/vscode/extensions/ms-python.python-2025.12.0/python_files/lib/jedilsp/jedi/inference/imports.py", line 296, in follow
    return import_module_by_names(
  File "/usr/local/lib/code-server-4.103.2/lib/vscode/extensions/ms-python.python-2025.12.0/python_files/lib/jedilsp/jedi/inference/imports.py", line 376, in import_module_by_names
    value_set = ValueSet.from_sets([
  File "/usr/local/lib/code-server-4.103.2/lib/vscode/extensions/ms-python.python-2025.12.0/python_files/lib/jedilsp/jedi/inference/imports.py", line 377, in <listcomp>
    import_module(
  File "/usr/local/lib/code-server-4.103.2/lib/vscode/extensions/ms-python.python-2025.12.0/python_files/lib/jedilsp/jedi/plugins/__init__.py", line 21, in wrapper
    return built_functions[public_name](*args, **kwargs)
  File "/usr/local/lib/code-server-4.103.2/lib/vscode/extensions/ms-python.python-2025.12.0/python_files/lib/jedilsp/jedi/plugins/flask.py", line 20, in wrapper
    return callback(inference_state, import_names, module_context, *args, **kwargs)
  File "/usr/local/lib/code-server-4.103.2/lib/vscode/extensions/ms-python.python-2025.12.0/python_files/lib/jedilsp/jedi/inference/gradual/typeshed.py", line 115, in wrapper
    python_value_set = ValueSet.from_sets(
  File "/usr/local/lib/code-server-4.103.2/lib/vscode/extensions/ms-python.python-2025.12.0/python_files/lib/jedilsp/jedi/inference/base_value.py", line 430, in from_sets
    for set_ in sets:
  File "/usr/local/lib/code-server-4.103.2/lib/vscode/extensions/ms-python.python-2025.12.0/python_files/lib/jedilsp/jedi/inference/gradual/typeshed.py", line 116, in <genexpr>
    func(inference_state, import_names, p, sys_path,)
  File "/usr/local/lib/code-server-4.103.2/lib/vscode/extensions/ms-python.python-2025.12.0/python_files/lib/jedilsp/jedi/inference/imports.py", line 411, in import_module
    file_io_or_ns, is_pkg = inference_state.compiled_subprocess.get_module_info(
  File "/usr/local/lib/code-server-4.103.2/lib/vscode/extensions/ms-python.python-2025.12.0/python_files/lib/jedilsp/jedi/inference/compiled/subprocess/__init__.py", line 188, in wrapper
    result = self._compiled_subprocess.run(
  File "/usr/local/lib/code-server-4.103.2/lib/vscode/extensions/ms-python.python-2025.12.0/python_files/lib/jedilsp/jedi/inference/compiled/subprocess/__init__.py", line 293, in run
    self._send(delete_id, None)
  File "/usr/local/lib/code-server-4.103.2/lib/vscode/extensions/ms-python.python-2025.12.0/python_files/lib/jedilsp/jedi/inference/compiled/subprocess/__init__.py", line 318, in _send
    is_exception, traceback, result = pickle_load(self._get_process().stdout)
  File "/usr/local/lib/code-server-4.103.2/lib/vscode/extensions/ms-python.python-2025.12.0/python_files/lib/jedilsp/jedi/_compatibility.py", line 25, in pickle_load
    return Unpickler(file).load()
_pickle.UnpicklingError: invalid load key, ' '.

2026-07-25 18:44:29.558 [info] [Error - 6:44:29 PM] Request textDocument/codeAction failed.
2026-07-25 18:44:29.558 [info]   Message: _pickle.UnpicklingError: invalid load key, ' '.
  Code: -32603 
[object Object]
2026-07-25 18:44:29.596 [info] semantic_tokens_full file:///voc/work/Knowledge_Hands_on/src/pipeline/pipeline.py 
2026-07-25 18:44:29.604 [info] ERROR:pygls.protocol.json_rpc:Exception occurred for message "220": _pickle.UnpicklingError: invalid load key, ' '.
NoneType: None

2026-07-25 18:44:29.604 [info] [Error - 6:44:29 PM] Request textDocument/semanticTokens/full failed.
2026-07-25 18:44:29.611 [info]   Message: _pickle.UnpicklingError: invalid load key, ' '.
  Code: -32603 
[object Object]
2026-07-25 18:44:29.612 [info] ERROR:pygls.protocol.json_rpc:Exception occurred for message "221": _pickle.UnpicklingError: invalid load key, ' '.
NoneType: None

2026-07-25 18:44:29.619 [info] semantic_tokens_range file:///voc/work/Knowledge_Hands_on/src/pipeline/pipeline.py 0:0-57:79
2026-07-25 18:44:29.620 [info] [Error - 6:44:29 PM] Request textDocument/semanticTokens/range failed.
2026-07-25 18:44:29.620 [info]   Message: _pickle.UnpicklingError: invalid load key, ' '.
  Code: -32603 
[object Object]
2026-07-25 18:44:29.649 [info] ERROR:pygls.protocol.json_rpc:Failed to handle request 222 textDocument/documentSymbol DocumentSymbolParams(text_document=TextDocumentIdentifier(uri='file:///voc/work/Knowledge_Hands_on/src/pipeline/pipeline.py'), work_done_token=None, partial_result_token=None)
Traceback (most recent call last):
  File "/usr/local/lib/code-server-4.103.2/lib/vscode/extensions/ms-python.python-2025.12.0/python_files/lib/jedilsp/pygls/protocol/json_rpc.py", line 266, in _handle_request
    self._execute_request(msg_id, handler, params)
  File "/usr/local/lib/code-server-4.103.2/lib/vscode/extensions/ms-python.python-2025.12.0/python_files/lib/jedilsp/pygls/protocol/json_rpc.py", line 188, in _execute_request
    self._send_response(msg_id, handler(params))
  File "/usr/local/lib/code-server-4.103.2/lib/vscode/extensions/ms-python.python-2025.12.0/python_files/lib/jedilsp/jedi_language_server/server.py", line 546, in document_symbol
    document_symbols = jedi_utils.lsp_document_symbols(names)
  File "/usr/local/lib/code-server-4.103.2/lib/vscode/extensions/ms-python.python-2025.12.0/python_files/lib/jedilsp/jedi_language_server/jedi_utils.py", line 225, in lsp_document_symbols
    symbol_range = _document_symbol_range(name)
  File "/usr/local/lib/code-server-4.103.2/lib/vscode/extensions/ms-python.python-2025.12.0/python_files/lib/jedilsp/jedi_language_server/jedi_utils.py", line 204, in _document_symbol_range
    end = name.get_definition_end_position()
  File "/usr/local/lib/code-server-4.103.2/lib/vscode/extensions/ms-python.python-2025.12.0/python_files/lib/jedilsp/jedi/api/classes.py", line 260, in get_definition_end_position
    if self.type in ("function", "class"):
  File "/usr/local/lib/code-server-4.103.2/lib/vscode/extensions/ms-python.python-2025.12.0/python_files/lib/jedilsp/jedi/api/classes.py", line 190, in type
    for value in self._name.infer():
  File "/usr/local/lib/code-server-4.103.2/lib/vscode/extensions/ms-python.python-2025.12.0/python_files/lib/jedilsp/jedi/inference/names.py", line 281, in infer
    return tree_name_to_values(
  File "/usr/local/lib/code-server-4.103.2/lib/vscode/extensions/ms-python.python-2025.12.0/python_files/lib/jedilsp/jedi/plugins/__init__.py", line 21, in wrapper
    return built_functions[public_name](*args, **kwargs)
  File "/usr/local/lib/code-server-4.103.2/lib/vscode/extensions/ms-python.python-2025.12.0/python_files/lib/jedilsp/jedi/plugins/stdlib.py", line 878, in wrapper
    return func(inference_state, context, tree_name)
  File "/usr/local/lib/code-server-4.103.2/lib/vscode/extensions/ms-python.python-2025.12.0/python_files/lib/jedilsp/jedi/plugins/django.py", line 177, in wrapper
    result = func(inference_state, context, tree_name)
  File "/usr/local/lib/code-server-4.103.2/lib/vscode/extensions/ms-python.python-2025.12.0/python_files/lib/jedilsp/jedi/inference/syntax_tree.py", line 771, in tree_name_to_values
    types = imports.infer_import(context, tree_name)
  File "/usr/local/lib/code-server-4.103.2/lib/vscode/extensions/ms-python.python-2025.12.0/python_files/lib/jedilsp/jedi/inference/cache.py", line 44, in wrapper
    rv = function(obj, *args, **kwargs)
  File "/usr/local/lib/code-server-4.103.2/lib/vscode/extensions/ms-python.python-2025.12.0/python_files/lib/jedilsp/jedi/inference/imports.py", line 53, in infer_import
    _prepare_infer_import(module_context, tree_name)
  File "/usr/local/lib/code-server-4.103.2/lib/vscode/extensions/ms-python.python-2025.12.0/python_files/lib/jedilsp/jedi/inference/imports.py", line 116, in _prepare_infer_import
    return from_import_name, tuple(import_path), import_node.level, importer.follow()
  File "/usr/local/lib/code-server-4.103.2/lib/vscode/extensions/ms-python.python-2025.12.0/python_files/lib/jedilsp/jedi/inference/imports.py", line 296, in follow
    return import_module_by_names(
  File "/usr/local/lib/code-server-4.103.2/lib/vscode/extensions/ms-python.python-2025.12.0/python_files/lib/jedilsp/jedi/inference/imports.py", line 376, in import_module_by_names
    value_set = ValueSet.from_sets([
  File "/usr/local/lib/code-server-4.103.2/lib/vscode/extensions/ms-python.python-2025.12.0/python_files/lib/jedilsp/jedi/inference/imports.py", line 377, in <listcomp>
    import_module(
  File "/usr/local/lib/code-server-4.103.2/lib/vscode/extensions/ms-python.python-2025.12.0/python_files/lib/jedilsp/jedi/plugins/__init__.py", line 21, in wrapper
    return built_functions[public_name](*args, **kwargs)
  File "/usr/local/lib/code-server-4.103.2/lib/vscode/extensions/ms-python.python-2025.12.0/python_files/lib/jedilsp/jedi/plugins/flask.py", line 20, in wrapper
    return callback(inference_state, import_names, module_context, *args, **kwargs)
  File "/usr/local/lib/code-server-4.103.2/lib/vscode/extensions/ms-python.python-2025.12.0/python_files/lib/jedilsp/jedi/inference/gradual/typeshed.py", line 115, in wrapper
    python_value_set = ValueSet.from_sets(
  File "/usr/local/lib/code-server-4.103.2/lib/vscode/extensions/ms-python.python-2025.12.0/python_files/lib/jedilsp/jedi/inference/base_value.py", line 430, in from_sets
    for set_ in sets:
  File "/usr/local/lib/code-server-4.103.2/lib/vscode/extensions/ms-python.python-2025.12.0/python_files/lib/jedilsp/jedi/inference/gradual/typeshed.py", line 116, in <genexpr>
    func(inference_state, import_names, p, sys_path,)
  File "/usr/local/lib/code-server-4.103.2/lib/vscode/extensions/ms-python.python-2025.12.0/python_files/lib/jedilsp/jedi/inference/imports.py", line 411, in import_module
    file_io_or_ns, is_pkg = inference_state.compiled_subprocess.get_module_info(
  File "/usr/local/lib/code-server-4.103.2/lib/vscode/extensions/ms-python.python-2025.12.0/python_files/lib/jedilsp/jedi/inference/compiled/subprocess/__init__.py", line 188, in wrapper
    result = self._compiled_subprocess.run(
  File "/usr/local/lib/code-server-4.103.2/lib/vscode/extensions/ms-python.python-2025.12.0/python_files/lib/jedilsp/jedi/inference/compiled/subprocess/__init__.py", line 293, in run
    self._send(delete_id, None)
  File "/usr/local/lib/code-server-4.103.2/lib/vscode/extensions/ms-python.python-2025.12.0/python_files/lib/jedilsp/jedi/inference/compiled/subprocess/__init__.py", line 318, in _send
    is_exception, traceback, result = pickle_load(self._get_process().stdout)
  File "/usr/local/lib/code-server-4.103.2/lib/vscode/extensions/ms-python.python-2025.12.0/python_files/lib/jedilsp/jedi/_compatibility.py", line 25, in pickle_load
    return Unpickler(file).load()
_pickle.UnpicklingError: invalid load key, ' '.

2026-07-25 18:44:29.650 [info] [Error - 6:44:29 PM] Request textDocument/documentSymbol failed.
2026-07-25 18:44:29.656 [info]   Message: _pickle.UnpicklingError: invalid load key, ' '.
  Code: -32603 
[object Object]
2026-07-25 18:44:29.673 [info] ERROR:pygls.protocol.json_rpc:Failed to handle request 223 textDocument/documentSymbol DocumentSymbolParams(text_document=TextDocumentIdentifier(uri='file:///voc/work/Knowledge_Hands_on/src/pipeline/pipeline.py'), work_done_token=None, partial_result_token=None)
Traceback (most recent call last):
  File "/usr/local/lib/code-server-4.103.2/lib/vscode/extensions/ms-python.python-2025.12.0/python_files/lib/jedilsp/pygls/protocol/json_rpc.py", line 266, in _handle_request
    self._execute_request(msg_id, handler, params)
  File "/usr/local/lib/code-server-4.103.2/lib/vscode/extensions/ms-python.python-2025.12.0/python_files/lib/jedilsp/pygls/protocol/json_rpc.py", line 188, in _execute_request
    self._send_response(msg_id, handler(params))
  File "/usr/local/lib/code-server-4.103.2/lib/vscode/extensions/ms-python.python-2025.12.0/python_files/lib/jedilsp/jedi_language_server/server.py", line 546, in document_symbol
    document_symbols = jedi_utils.lsp_document_symbols(names)
  File "/usr/local/lib/code-server-4.103.2/lib/vscode/extensions/ms-python.python-2025.12.0/python_files/lib/jedilsp/jedi_language_server/jedi_utils.py", line 225, in lsp_document_symbols
    symbol_range = _document_symbol_range(name)
  File "/usr/local/lib/code-server-4.103.2/lib/vscode/extensions/ms-python.python-2025.12.0/python_files/lib/jedilsp/jedi_language_server/jedi_utils.py", line 204, in _document_symbol_range
    end = name.get_definition_end_position()
  File "/usr/local/lib/code-server-4.103.2/lib/vscode/extensions/ms-python.python-2025.12.0/python_files/lib/jedilsp/jedi/api/classes.py", line 260, in get_definition_end_position
    if self.type in ("function", "class"):
  File "/usr/local/lib/code-server-4.103.2/lib/vscode/extensions/ms-python.python-2025.12.0/python_files/lib/jedilsp/jedi/api/classes.py", line 190, in type
    for value in self._name.infer():
  File "/usr/local/lib/code-server-4.103.2/lib/vscode/extensions/ms-python.python-2025.12.0/python_files/lib/jedilsp/jedi/inference/names.py", line 281, in infer
    return tree_name_to_values(
  File "/usr/local/lib/code-server-4.103.2/lib/vscode/extensions/ms-python.python-2025.12.0/python_files/lib/jedilsp/jedi/plugins/__init__.py", line 21, in wrapper
    return built_functions[public_name](*args, **kwargs)
  File "/usr/local/lib/code-server-4.103.2/lib/vscode/extensions/ms-python.python-2025.12.0/python_files/lib/jedilsp/jedi/plugins/stdlib.py", line 878, in wrapper
    return func(inference_state, context, tree_name)
  File "/usr/local/lib/code-server-4.103.2/lib/vscode/extensions/ms-python.python-2025.12.0/python_files/lib/jedilsp/jedi/plugins/django.py", line 177, in wrapper
    result = func(inference_state, context, tree_name)
  File "/usr/local/lib/code-server-4.103.2/lib/vscode/extensions/ms-python.python-2025.12.0/python_files/lib/jedilsp/jedi/inference/syntax_tree.py", line 771, in tree_name_to_values
    types = imports.infer_import(context, tree_name)
  File "/usr/local/lib/code-server-4.103.2/lib/vscode/extensions/ms-python.python-2025.12.0/python_files/lib/jedilsp/jedi/inference/cache.py", line 44, in wrapper
    rv = function(obj, *args, **kwargs)
  File "/usr/local/lib/code-server-4.103.2/lib/vscode/extensions/ms-python.python-2025.12.0/python_files/lib/jedilsp/jedi/inference/imports.py", line 53, in infer_import
    _prepare_infer_import(module_context, tree_name)
  File "/usr/local/lib/code-server-4.103.2/lib/vscode/extensions/ms-python.python-2025.12.0/python_files/lib/jedilsp/jedi/inference/imports.py", line 116, in _prepare_infer_import
    return from_import_name, tuple(import_path), import_node.level, importer.follow()
  File "/usr/local/lib/code-server-4.103.2/lib/vscode/extensions/ms-python.python-2025.12.0/python_files/lib/jedilsp/jedi/inference/imports.py", line 296, in follow
    return import_module_by_names(
  File "/usr/local/lib/code-server-4.103.2/lib/vscode/extensions/ms-python.python-2025.12.0/python_files/lib/jedilsp/jedi/inference/imports.py", line 376, in import_module_by_names
    value_set = ValueSet.from_sets([
  File "/usr/local/lib/code-server-4.103.2/lib/vscode/extensions/ms-python.python-2025.12.0/python_files/lib/jedilsp/jedi/inference/imports.py", line 377, in <listcomp>
    import_module(
  File "/usr/local/lib/code-server-4.103.2/lib/vscode/extensions/ms-python.python-2025.12.0/python_files/lib/jedilsp/jedi/plugins/__init__.py", line 21, in wrapper
    return built_functions[public_name](*args, **kwargs)
  File "/usr/local/lib/code-server-4.103.2/lib/vscode/extensions/ms-python.python-2025.12.0/python_files/lib/jedilsp/jedi/plugins/flask.py", line 20, in wrapper
    return callback(inference_state, import_names, module_context, *args, **kwargs)
  File "/usr/local/lib/code-server-4.103.2/lib/vscode/extensions/ms-python.python-2025.12.0/python_files/lib/jedilsp/jedi/inference/gradual/typeshed.py", line 115, in wrapper
    python_value_set = ValueSet.from_sets(
  File "/usr/local/lib/code-server-4.103.2/lib/vscode/extensions/ms-python.python-2025.12.0/python_files/lib/jedilsp/jedi/inference/base_value.py", line 430, in from_sets
    for set_ in sets:
  File "/usr/local/lib/code-server-4.103.2/lib/vscode/extensions/ms-python.python-2025.12.0/python_files/lib/jedilsp/jedi/inference/gradual/typeshed.py", line 116, in <genexpr>
    func(inference_state, import_names, p, sys_path,)
  File "/usr/local/lib/code-server-4.103.2/lib/vscode/extensions/ms-python.python-2025.12.0/python_files/lib/jedilsp/jedi/inference/imports.py", line 411, in import_module
    file_io_or_ns, is_pkg = inference_state.compiled_subprocess.get_module_info(
  File "/usr/local/lib/code-server-4.103.2/lib/vscode/extensions/ms-python.python-2025.12.0/python_files/lib/jedilsp/jedi/inference/compiled/subprocess/__init__.py", line 188, in wrapper
    result = self._compiled_subprocess.run(
  File "/usr/local/lib/code-server-4.103.2/lib/vscode/extensions/ms-python.python-2025.12.0/python_files/lib/jedilsp/jedi/inference/compiled/subprocess/__init__.py", line 296, in run
    return self._send(inference_state_id, function, args, kwargs)
  File "/usr/local/lib/code-server-4.103.2/lib/vscode/extensions/ms-python.python-2025.12.0/python_files/lib/jedilsp/jedi/inference/compiled/subprocess/__init__.py", line 318, in _send
    is_exception, traceback, result = pickle_load(self._get_process().stdout)
  File "/usr/local/lib/code-server-4.103.2/lib/vscode/extensions/ms-python.python-2025.12.0/python_files/lib/jedilsp/jedi/_compatibility.py", line 25, in pickle_load
    return Unpickler(file).load()
_pickle.UnpicklingError: invalid load key, ' '.

2026-07-25 18:44:29.674 [info] [Error - 6:44:29 PM] Request textDocument/documentSymbol failed.
2026-07-25 18:44:29.674 [info]   Message: _pickle.UnpicklingError: invalid load key, ' '.
  Code: -32603 
[object Object]
2026-07-25 18:44:43.248 [info] ERROR:pygls.protocol.json_rpc:Failed to handle request 224 textDocument/hover HoverParams(text_document=TextDocumentIdentifier(uri='file:///voc/work/Knowledge_Hands_on/src/pipeline/pipeline.py'), position=23:20, work_done_token=None)
Traceback (most recent call last):
  File "/usr/local/lib/code-server-4.103.2/lib/vscode/extensions/ms-python.python-2025.12.0/python_files/lib/jedilsp/pygls/protocol/json_rpc.py", line 266, in _handle_request
    self._execute_request(msg_id, handler, params)
  File "/usr/local/lib/code-server-4.103.2/lib/vscode/extensions/ms-python.python-2025.12.0/python_files/lib/jedilsp/pygls/protocol/json_rpc.py", line 188, in _execute_request
    self._send_response(msg_id, handler(params))
  File "/usr/local/lib/code-server-4.103.2/lib/vscode/extensions/ms-python.python-2025.12.0/python_files/lib/jedilsp/jedi_language_server/notebook_utils.py", line 373, in wrapped
    result = f(notebook_server, notebook_params)
  File "/usr/local/lib/code-server-4.103.2/lib/vscode/extensions/ms-python.python-2025.12.0/python_files/lib/jedilsp/jedi_language_server/server.py", line 487, in hover
    jedi_script.help(*jedi_lines),
  File "/usr/local/lib/code-server-4.103.2/lib/vscode/extensions/ms-python.python-2025.12.0/python_files/lib/jedilsp/jedi/api/helpers.py", line 487, in wrapper
    return func(self, line, column, *args, **kwargs)
  File "/usr/local/lib/code-server-4.103.2/lib/vscode/extensions/ms-python.python-2025.12.0/python_files/lib/jedilsp/jedi/api/__init__.py", line 396, in help
    name = KeywordName(self._inference_state, leaf.value)
  File "/usr/local/lib/code-server-4.103.2/lib/vscode/extensions/ms-python.python-2025.12.0/python_files/lib/jedilsp/jedi/inference/names.py", line 103, in __init__
    self.parent_context = inference_state.builtins_module
  File "/usr/local/lib/code-server-4.103.2/lib/vscode/extensions/ms-python.python-2025.12.0/python_files/lib/jedilsp/jedi/inference/cache.py", line 44, in wrapper
    rv = function(obj, *args, **kwargs)
  File "/usr/local/lib/code-server-4.103.2/lib/vscode/extensions/ms-python.python-2025.12.0/python_files/lib/jedilsp/jedi/inference/__init__.py", line 129, in builtins_module
    builtins_module, = self.import_module((module_name,), sys_path=[])
  File "/usr/local/lib/code-server-4.103.2/lib/vscode/extensions/ms-python.python-2025.12.0/python_files/lib/jedilsp/jedi/inference/__init__.py", line 112, in import_module
    return imports.import_module_by_names(
  File "/usr/local/lib/code-server-4.103.2/lib/vscode/extensions/ms-python.python-2025.12.0/python_files/lib/jedilsp/jedi/inference/imports.py", line 376, in import_module_by_names
    value_set = ValueSet.from_sets([
  File "/usr/local/lib/code-server-4.103.2/lib/vscode/extensions/ms-python.python-2025.12.0/python_files/lib/jedilsp/jedi/inference/imports.py", line 377, in <listcomp>
    import_module(
  File "/usr/local/lib/code-server-4.103.2/lib/vscode/extensions/ms-python.python-2025.12.0/python_files/lib/jedilsp/jedi/plugins/__init__.py", line 21, in wrapper
    return built_functions[public_name](*args, **kwargs)
  File "/usr/local/lib/code-server-4.103.2/lib/vscode/extensions/ms-python.python-2025.12.0/python_files/lib/jedilsp/jedi/plugins/flask.py", line 20, in wrapper
    return callback(inference_state, import_names, module_context, *args, **kwargs)
  File "/usr/local/lib/code-server-4.103.2/lib/vscode/extensions/ms-python.python-2025.12.0/python_files/lib/jedilsp/jedi/inference/gradual/typeshed.py", line 115, in wrapper
    python_value_set = ValueSet.from_sets(
  File "/usr/local/lib/code-server-4.103.2/lib/vscode/extensions/ms-python.python-2025.12.0/python_files/lib/jedilsp/jedi/inference/base_value.py", line 430, in from_sets
    for set_ in sets:
  File "/usr/local/lib/code-server-4.103.2/lib/vscode/extensions/ms-python.python-2025.12.0/python_files/lib/jedilsp/jedi/inference/gradual/typeshed.py", line 116, in <genexpr>
    func(inference_state, import_names, p, sys_path,)
  File "/usr/local/lib/code-server-4.103.2/lib/vscode/extensions/ms-python.python-2025.12.0/python_files/lib/jedilsp/jedi/inference/imports.py", line 411, in import_module
    file_io_or_ns, is_pkg = inference_state.compiled_subprocess.get_module_info(
  File "/usr/local/lib/code-server-4.103.2/lib/vscode/extensions/ms-python.python-2025.12.0/python_files/lib/jedilsp/jedi/inference/compiled/subprocess/__init__.py", line 188, in wrapper
    result = self._compiled_subprocess.run(
  File "/usr/local/lib/code-server-4.103.2/lib/vscode/extensions/ms-python.python-2025.12.0/python_files/lib/jedilsp/jedi/inference/compiled/subprocess/__init__.py", line 296, in run
    return self._send(inference_state_id, function, args, kwargs)
  File "/usr/local/lib/code-server-4.103.2/lib/vscode/extensions/ms-python.python-2025.12.0/python_files/lib/jedilsp/jedi/inference/compiled/subprocess/__init__.py", line 318, in _send
    is_exception, traceback, result = pickle_load(self._get_process().stdout)
  File "/usr/local/lib/code-server-4.103.2/lib/vscode/extensions/ms-python.python-2025.12.0/python_files/lib/jedilsp/jedi/_compatibility.py", line 25, in pickle_load
    return Unpickler(file).load()
_pickle.UnpicklingError: invalid load key, ' '.

2026-07-25 18:44:43.249 [info] [Error - 6:44:43 PM] Request textDocument/hover failed.
2026-07-25 18:44:43.263 [info]   Message: _pickle.UnpicklingError: invalid load key, ' '.
  Code: -32603 
[object Object]
2026-07-25 18:44:43.782 [info] semantic_tokens_range file:///voc/work/Knowledge_Hands_on/src/pipeline/pipeline.py 0:0-40:34
2026-07-25 18:44:43.788 [info] ERROR:pygls.protocol.json_rpc:Exception occurred for message "226": _pickle.UnpicklingError: invalid load key, ' '.
NoneType: None

2026-07-25 18:44:43.788 [info] [Error - 6:44:43 PM] Request textDocument/semanticTokens/range failed.
2026-07-25 18:44:43.788 [info]   Message: _pickle.UnpicklingError: invalid load key, ' '.
  Code: -32603 
[object Object]
